/home/shankar/radar2/guru/guru_fast.py:13: DeprecationWarning: The distutils package is deprecated and slated for removal in Python 3.12. Use setuptools or check PEP 632 for potential alternatives
  from distutils.version import StrictVersion
Warning: Ignoring XDG_SESSION_TYPE=wayland on Gnome. Use QT_QPA_PLATFORM=wayland to run on Wayland anyway.
[INFO] [UHD] linux; GNU C++ version 11.4.0; Boost_107400; UHD_3.15.0.HEAD-0-gaea0e2de
[INFO] [X300] X300 initialization sequence...
[INFO] [X300] Maximum frame size: 1472 bytes.
[INFO] [X300] Radio 1x clock: 200 MHz
[INFO] [0/DmaFIFO_0] Initializing block control (NOC ID: 0xF1F0D00000000000)
[INFO] [0/DmaFIFO_0] BIST passed (Throughput: 1309 MB/s)
[INFO] [0/DmaFIFO_0] BIST passed (Throughput: 1304 MB/s)
[INFO] [0/Radio_0] Initializing block control (NOC ID: 0x12AD100000000001)
[INFO] [0/Radio_1] Initializing block control (NOC ID: 0x12AD100000000001)
[INFO] [0/DDC_0] Initializing block control (NOC ID: 0xDDC0000000000000)
[INFO] [0/DDC_1] Initializing block control (NOC ID: 0xDDC0000000000000)
[INFO] [0/DUC_0] Initializing block control (NOC ID: 0xD0C0000000000000)
[INFO] [0/DUC_1] Initializing block control (NOC ID: 0xD0C0000000000000)
[WARNING] [X300] Cannot update master clock rate! X300 Series does not allow changing the clock rate during runtime.
[INFO] [MULTI_USRP]     1) catch time transition at pps edge
[INFO] [MULTI_USRP]     2) set times next pps (synchronously)
[radio] X310 ready (C++ engine): 3 band(s), 10.00 ms switching (0.25 before + 9.75 after each switch), DDC 0 Hz, real-time priority off
        band 0:   2.4000 GHz  gain 46.0 dB (+trim)  dwell   10.00 ms
        band 1:   5.2000 GHz  gain 60.0 dB (+trim)  dwell   10.00 ms
        band 2:   5.8000 GHz  gain 69.0 dB (+trim)  dwell   10.00 ms
[radio] calibration tone parked on 2.4000 GHz
[phasecal]   2.4000 GHz  ch1  +175.90 deg  ch2   -86.62 deg  ch3  -168.03 deg
[phasecal]   5.2000 GHz  ch1  +111.43 deg  ch2   +71.93 deg  ch3   +35.91 deg
[phasecal]   5.8000 GHz  ch1   +82.66 deg  ch2  +155.54 deg  ch3  +173.74 deg
[phasecal] following the source's hop marks (sample-exact)
[*] Calibration source: HackRF One (started separately).
TwinRX USRP Source block owns LO routing and tuning.
[engine] packet timestamp step scale 2.000000 (used only to detect gaps)
[meter] 2.4000 GHz  windows 72  with tone 72  worst SNR 61.3 dB | ch1   +0.39 (max dev 0.09)  ch2   +0.51 (max dev 0.06)  ch3   +0.72 (max dev 0.09)
[meter] 5.2000 GHz  windows 72  with tone 0  worst SNR 9.3 dB | no tone
[meter] 5.8000 GHz  windows 71  with tone 0  worst SNR 9.6 dB | no tone
[meter] 2.4000 GHz  windows 72  with tone 72  worst SNR 61.3 dB | ch1   +0.39 (max dev 0.09)  ch2   +0.51 (max dev 0.06)  ch3   +0.72 (max dev 0.09)
[meter] 5.2000 GHz  windows 72  with tone 0  worst SNR 9.3 dB | no tone
[meter] 5.8000 GHz  windows 71  with tone 0  worst SNR 9.6 dB | no tone
[meter] 2.4000 GHz  windows 72  with tone 72  worst SNR 61.3 dB | ch1   +0.39 (max dev 0.09)  ch2   +0.51 (max dev 0.06)  ch3   +0.72 (max dev 0.09)
[meter] 5.2000 GHz  windows 72  with tone 0  worst SNR 9.3 dB | no tone
[meter] 5.8000 GHz  windows 71  with tone 0  worst SNR 9.6 dB | no tone
[meter] 2.4000 GHz  windows 155  with tone 155  worst SNR 61.3 dB | ch1   +0.36 (max dev 0.12)  ch2   +0.52 (max dev 0.08)  ch3   +0.70 (max dev 0.11)
[meter] 5.2000 GHz  windows 155  with tone 0  worst SNR 9.3 dB | no tone
[meter] 5.8000 GHz  windows 155  with tone 0  worst SNR 9.6 dB | no tone
[meter] 2.4000 GHz  windows 155  with tone 155  worst SNR 61.3 dB | ch1   +0.36 (max dev 0.12)  ch2   +0.52 (max dev 0.08)  ch3   +0.70 (max dev 0.11)
[meter] 5.2000 GHz  windows 155  with tone 0  worst SNR 9.3 dB | no tone
[meter] 5.8000 GHz  windows 155  with tone 0  worst SNR 9.6 dB | no tone
[meter] 2.4000 GHz  windows 155  with tone 155  worst SNR 61.3 dB | ch1   +0.36 (max dev 0.12)  ch2   +0.52 (max dev 0.08)  ch3   +0.70 (max dev 0.11)
[meter] 5.2000 GHz  windows 155  with tone 0  worst SNR 9.3 dB | no tone
[meter] 5.8000 GHz  windows 155  with tone 0  worst SNR 9.6 dB | no tone
[meter] 2.4000 GHz  windows 239  with tone 239  worst SNR 61.3 dB | ch1   +0.35 (max dev 0.06)  ch2   +0.53 (max dev 0.07)  ch3   +0.70 (max dev 0.08)
[meter] 5.2000 GHz  windows 238  with tone 0  worst SNR 9.3 dB | no tone
[meter] 5.8000 GHz  windows 238  with tone 0  worst SNR 9.6 dB | no tone
[meter] 2.4000 GHz  windows 239  with tone 239  worst SNR 61.3 dB | ch1   +0.35 (max dev 0.06)  ch2   +0.53 (max dev 0.07)  ch3   +0.70 (max dev 0.08)
[meter] 5.2000 GHz  windows 238  with tone 0  worst SNR 9.3 dB | no tone
[meter] 5.8000 GHz  windows 238  with tone 0  worst SNR 9.6 dB | no tone
[meter] 2.4000 GHz  windows 239  with tone 239  worst SNR 61.3 dB | ch1   +0.35 (max dev 0.06)  ch2   +0.53 (max dev 0.07)  ch3   +0.70 (max dev 0.08)
[meter] 5.2000 GHz  windows 238  with tone 0  worst SNR 9.3 dB | no tone
[meter] 5.8000 GHz  windows 238  with tone 0  worst SNR 9.6 dB | no tone
[meter] 2.4000 GHz  windows 322  with tone 322  worst SNR 61.3 dB | ch1   +0.36 (max dev 0.07)  ch2   +0.54 (max dev 0.07)  ch3   +0.72 (max dev 0.11)
[meter] 5.2000 GHz  windows 322  with tone 0  worst SNR 9.3 dB | no tone
[meter] 5.8000 GHz  windows 321  with tone 0  worst SNR 9.5 dB | no tone
[meter] 2.4000 GHz  windows 322  with tone 322  worst SNR 61.3 dB | ch1   +0.36 (max dev 0.07)  ch2   +0.54 (max dev 0.07)  ch3   +0.72 (max dev 0.11)
[meter] 5.2000 GHz  windows 322  with tone 0  worst SNR 9.3 dB | no tone
[meter] 5.8000 GHz  windows 321  with tone 0  worst SNR 9.5 dB | no tone
[meter] 2.4000 GHz  windows 322  with tone 322  worst SNR 61.3 dB | ch1   +0.36 (max dev 0.07)  ch2   +0.54 (max dev 0.07)  ch3   +0.72 (max dev 0.11)
[meter] 5.2000 GHz  windows 322  with tone 0  worst SNR 9.3 dB | no tone
[meter] 5.8000 GHz  windows 321  with tone 0  worst SNR 9.5 dB | no tone
[meter] 2.4000 GHz  windows 405  with tone 405  worst SNR 61.3 dB | ch1   +0.37 (max dev 0.06)  ch2   +0.55 (max dev 0.09)  ch3   +0.74 (max dev 0.09)
[meter] 5.2000 GHz  windows 405  with tone 0  worst SNR 8.8 dB | no tone
[meter] 5.8000 GHz  windows 405  with tone 0  worst SNR 9.5 dB | no tone
[meter] 2.4000 GHz  windows 405  with tone 405  worst SNR 61.3 dB | ch1   +0.37 (max dev 0.06)  ch2   +0.55 (max dev 0.09)  ch3   +0.74 (max dev 0.09)
[meter] 5.2000 GHz  windows 405  with tone 0  worst SNR 8.8 dB | no tone
[meter] 5.8000 GHz  windows 405  with tone 0  worst SNR 9.5 dB | no tone
[meter] 2.4000 GHz  windows 405  with tone 405  worst SNR 61.3 dB | ch1   +0.37 (max dev 0.06)  ch2   +0.55 (max dev 0.09)  ch3   +0.74 (max dev 0.09)
[meter] 5.2000 GHz  windows 405  with tone 0  worst SNR 8.8 dB | no tone
[meter] 5.8000 GHz  windows 405  with tone 0  worst SNR 9.5 dB | no tone
[meter] 2.4000 GHz  windows 489  with tone 489  worst SNR 61.3 dB | ch1   +0.38 (max dev 0.06)  ch2   +0.57 (max dev 0.08)  ch3   +0.77 (max dev 0.09)
[meter] 5.2000 GHz  windows 488  with tone 0  worst SNR 8.8 dB | no tone
[meter] 5.8000 GHz  windows 488  with tone 0  worst SNR 9.5 dB | no tone
[meter] 2.4000 GHz  windows 489  with tone 489  worst SNR 61.3 dB | ch1   +0.38 (max dev 0.06)  ch2   +0.57 (max dev 0.08)  ch3   +0.77 (max dev 0.09)[meter] 2.4000 GHz  windows 489  with tone 489  worst SNR 61.3 dB | ch1   +0.38 (max dev 0.06)  ch2   +0.57 (max dev 0.08)  ch3   +0.77 (max dev 0.09)
[meter] 5.2000 GHz  windows 488  with tone 0  worst SNR 8.8 dB | no tone

[meter] 5.2000 GHz  windows 488  with tone 0  worst SNR 8.8 dB | no tone
[meter] 5.8000 GHz  windows 488  with tone 0  worst SNR 9.5 dB | no tone
[meter] 5.8000 GHz  windows 488  with tone 0  worst SNR 9.5 dB | no tone
[meter] 2.4000 GHz  windows 572  with tone 572  worst SNR 61.3 dB | ch1   +0.39 (max dev 0.07)  ch2   +0.58 (max dev 0.07)  ch3   +0.79 (max dev 0.08)
[meter] 5.2000 GHz  windows 572  with tone 0  worst SNR 8.8 dB | no tone
[meter] 5.8000 GHz  windows 571  with tone 0  worst SNR 9.4 dB | no tone
[meter] 2.4000 GHz  windows 572  with tone 572  worst SNR 61.3 dB | ch1   +0.39 (max dev 0.07)  ch2   +0.58 (max dev 0.07)  ch3   +0.79 (max dev 0.08)
[meter] 5.2000 GHz  windows 572  with tone 0  worst SNR 8.8 dB | no tone
[meter] 5.8000 GHz  windows 571  with tone 0  worst SNR 9.4 dB | no tone
[meter] 2.4000 GHz  windows 572  with tone 572  worst SNR 61.3 dB | ch1   +0.39 (max dev 0.07)  ch2   +0.58 (max dev 0.07)  ch3   +0.79 (max dev 0.08)
[meter] 5.2000 GHz  windows 572  with tone 0  worst SNR 8.8 dB | no tone
[meter] 5.8000 GHz  windows 571  with tone 0  worst SNR 9.4 dB | no tone
[meter] 2.4000 GHz  windows 656  with tone 656  worst SNR 61.3 dB | ch1   +0.39 (max dev 0.06)  ch2   +0.59 (max dev 0.08)  ch3   +0.80 (max dev 0.09)
[meter] 5.2000 GHz  windows 655  with tone 0  worst SNR 8.8 dB | no tone
[meter] 5.8000 GHz  windows 655  with tone 0  worst SNR 9.4 dB | no tone
[meter] 2.4000 GHz  windows 656  with tone 656  worst SNR 61.3 dB | ch1   +0.39 (max dev 0.06)  ch2   +0.59 (max dev 0.08)  ch3   +0.80 (max dev 0.09)
[meter] 5.2000 GHz  windows 655  with tone 0  worst SNR 8.8 dB | no tone
[meter] 5.8000 GHz  windows 655  with tone 0  worst SNR 9.4 dB | no tone
[meter] 2.4000 GHz  windows 656  with tone 656  worst SNR 61.3 dB | ch1   +0.39 (max dev 0.06)  ch2   +0.59 (max dev 0.08)  ch3   +0.80 (max dev 0.09)
[meter] 5.2000 GHz  windows 655  with tone 0  worst SNR 8.8 dB | no tone
[meter] 5.8000 GHz  windows 655  with tone 0  worst SNR 9.4 dB | no tone
[meter] 2.4000 GHz  windows 739  with tone 739  worst SNR 61.3 dB | ch1   +0.40 (max dev 0.07)  ch2   +0.59 (max dev 0.08)  ch3   +0.81 (max dev 0.06)
[meter] 5.2000 GHz  windows 739  with tone 0  worst SNR 8.8 dB | no tone
[meter] 5.8000 GHz  windows 738  with tone 0  worst SNR 9.4 dB | no tone
[meter] 2.4000 GHz  windows 739  with tone 739  worst SNR 61.3 dB | ch1   +0.40 (max dev 0.07)  ch2   +0.59 (max dev 0.08)  ch3   +0.81 (max dev 0.06)[meter] 2.4000 GHz  windows 739  with tone 739  worst SNR 61.3 dB | ch1   +0.40 (max dev 0.07)  ch2   +0.59 (max dev 0.08)  ch3   +0.81 (max dev 0.06)
[meter] 5.2000 GHz  windows 739  with tone 0  worst SNR 8.8 dB | no tone
[meter] 5.8000 GHz  windows 738  with tone 0  worst SNR 9.4 dB | no tone

[meter] 5.2000 GHz  windows 739  with tone 0  worst SNR 8.8 dB | no tone
[meter] 5.8000 GHz  windows 738  with tone 0  worst SNR 9.4 dB | no tone
[meter] 2.4000 GHz  windows 822  with tone 822  worst SNR 61.3 dB | ch1   +0.40 (max dev 0.06)  ch2   +0.59 (max dev 0.08)  ch3   +0.81 (max dev 0.07)
[meter] 5.2000 GHz  windows 822  with tone 0  worst SNR 8.8 dB | no tone
[meter] 5.8000 GHz  windows 822  with tone 0  worst SNR 9.2 dB | no tone
[meter] 2.4000 GHz  windows 822  with tone 822  worst SNR 61.3 dB | ch1   +0.40 (max dev 0.06)  ch2   +0.59 (max dev 0.08)  ch3   +0.81 (max dev 0.07)[meter] 2.4000 GHz  windows 822  with tone 822  worst SNR 61.3 dB | ch1   +0.40 (max dev 0.06)  ch2   +0.59 (max dev 0.08)  ch3   +0.81 (max dev 0.07)
[meter] 5.2000 GHz  windows 822  with tone 0  worst SNR 8.8 dB | no tone
[meter] 5.8000 GHz  windows 822  with tone 0  worst SNR 9.2 dB | no tone

[meter] 5.2000 GHz  windows 822  with tone 0  worst SNR 8.8 dB | no tone
[meter] 5.8000 GHz  windows 822  with tone 0  worst SNR 9.2 dB | no tone
[meter] 2.4000 GHz  windows 906  with tone 906  worst SNR 61.3 dB | ch1   +0.40 (max dev 0.06)  ch2   +0.59 (max dev 0.09)  ch3   +0.82 (max dev 0.08)
[meter] 5.2000 GHz  windows 905  with tone 0  worst SNR 8.8 dB | no tone
[meter] 5.8000 GHz  windows 905  with tone 0  worst SNR 9.2 dB | no tone
[meter] 2.4000 GHz  windows 906  with tone 906  worst SNR 61.3 dB | ch1   +0.40 (max dev 0.06)  ch2   +0.59 (max dev 0.09)  ch3   +0.82 (max dev 0.08)[meter] 2.4000 GHz  windows 906  with tone 906  worst SNR 61.3 dB | ch1   +0.40 (max dev 0.06)  ch2   +0.59 (max dev 0.09)  ch3   +0.82 (max dev 0.08)
[meter] 5.2000 GHz  windows 905  with tone 0  worst SNR 8.8 dB | no tone
[meter] 5.8000 GHz  windows 905  with tone 0  worst SNR 9.2 dB | no tone

[meter] 5.2000 GHz  windows 905  with tone 0  worst SNR 8.8 dB | no tone
[meter] 5.8000 GHz  windows 905  with tone 0  worst SNR 9.2 dB | no tone
[meter] 2.4000 GHz  windows 989  with tone 989  worst SNR 61.3 dB | ch1   +0.40 (max dev 0.06)  ch2   +0.59 (max dev 0.07)  ch3   +0.82 (max dev 0.08)
[meter] 5.2000 GHz  windows 989  with tone 0  worst SNR 8.8 dB | no tone
[meter] 5.8000 GHz  windows 988  with tone 0  worst SNR 9.2 dB | no tone
[meter] 2.4000 GHz  windows 989  with tone 989  worst SNR 61.3 dB | ch1   +0.40 (max dev 0.06)  ch2   +0.59 (max dev 0.07)  ch3   +0.82 (max dev 0.08)
[meter] 2.4000 GHz  windows 989  with tone 989  worst SNR 61.3 dB | ch1   +0.40 (max dev 0.06)  ch2   +0.59 (max dev 0.07)  ch3   +0.82 (max dev 0.08)
[meter] 5.2000 GHz  windows 989  with tone 0  worst SNR 8.8 dB | no tone
[meter] 5.8000 GHz  windows 988  with tone 0  worst SNR 9.2 dB | no tone
[meter] 5.2000 GHz  windows 989  with tone 0  worst SNR 8.8 dB | no tone
[meter] 5.8000 GHz  windows 988  with tone 0  worst SNR 9.2 dB | no tone
[meter] 2.4000 GHz  windows 1072  with tone 1072  worst SNR 61.3 dB | ch1   +0.40 (max dev 0.07)  ch2   +0.59 (max dev 0.07)  ch3   +0.82 (max dev 0.08)
[meter] 5.2000 GHz  windows 1072  with tone 0  worst SNR 8.8 dB | no tone
[meter] 5.8000 GHz  windows 1072  with tone 0  worst SNR 9.2 dB | no tone
[meter] 2.4000 GHz  windows 1072  with tone 1072  worst SNR 61.3 dB | ch1   +0.40 (max dev 0.07)  ch2   +0.59 (max dev 0.07)  ch3   +0.82 (max dev 0.08)
[meter] 5.2000 GHz  windows 1072  with tone 0  worst SNR 8.8 dB | no tone
[meter] 5.8000 GHz  windows 1072  with tone 0  worst SNR 9.2 dB | no tone
[meter] 2.4000 GHz  windows 1072  with tone 1072  worst SNR 61.3 dB | ch1   +0.40 (max dev 0.07)  ch2   +0.59 (max dev 0.07)  ch3   +0.82 (max dev 0.08)
[meter] 5.2000 GHz  windows 1072  with tone 0  worst SNR 8.8 dB | no tone
[meter] 5.8000 GHz  windows 1072  with tone 0  worst SNR 9.2 dB | no tone
[meter] 2.4000 GHz  windows 1156  with tone 1156  worst SNR 61.3 dB | ch1   +0.41 (max dev 0.07)  ch2   +0.59 (max dev 0.07)  ch3   +0.82 (max dev 0.08)
[meter] 5.2000 GHz  windows 1155  with tone 0  worst SNR 8.8 dB | no tone
[meter] 5.8000 GHz  windows 1155  with tone 0  worst SNR 9.2 dB | no tone
[meter] 2.4000 GHz  windows 1156  with tone 1156  worst SNR 61.3 dB | ch1   +0.41 (max dev 0.07)  ch2   +0.59 (max dev 0.07)  ch3   +0.82 (max dev 0.08)[meter] 2.4000 GHz  windows 1156  with tone 1156  worst SNR 61.3 dB | ch1   +0.41 (max dev 0.07)  ch2   +0.59 (max dev 0.07)  ch3   +0.82 (max dev 0.08)
[meter] 5.2000 GHz  windows 1155  with tone 0  worst SNR 8.8 dB | no tone
[meter] 5.8000 GHz  windows 1155  with tone 0  worst SNR 9.2 dB | no tone

[meter] 5.2000 GHz  windows 1155  with tone 0  worst SNR 8.8 dB | no tone
[meter] 5.8000 GHz  windows 1155  with tone 0  worst SNR 9.2 dB | no tone
[meter] 2.4000 GHz  windows 1239  with tone 1239  worst SNR 61.3 dB | ch1   +0.41 (max dev 0.06)  ch2   +0.59 (max dev 0.07)  ch3   +0.83 (max dev 0.07)
[meter] 5.2000 GHz  windows 1239  with tone 0  worst SNR 8.8 dB | no tone
[meter] 5.8000 GHz  windows 1238  with tone 0  worst SNR 9.2 dB | no tone
[meter] 2.4000 GHz  windows 1239  with tone 1239  worst SNR 61.3 dB | ch1   +0.41 (max dev 0.06)  ch2   +0.59 (max dev 0.07)  ch3   +0.83 (max dev 0.07)
[meter] 5.2000 GHz  windows 1239  with tone 0  worst SNR 8.8 dB | no tone
[meter] 5.8000 GHz  windows 1238  with tone 0  worst SNR 9.2 dB | no tone
[meter] 2.4000 GHz  windows 1239  with tone 1239  worst SNR 61.3 dB | ch1   +0.41 (max dev 0.06)  ch2   +0.59 (max dev 0.07)  ch3   +0.83 (max dev 0.07)
[meter] 5.2000 GHz  windows 1239  with tone 0  worst SNR 8.8 dB | no tone
[meter] 5.8000 GHz  windows 1238  with tone 0  worst SNR 9.2 dB | no tone
[meter] 2.4000 GHz  windows 1322  with tone 1322  worst SNR 61.2 dB | ch1   +0.42 (max dev 0.07)  ch2   +0.60 (max dev 0.08)  ch3   +0.85 (max dev 0.09)
[meter] 5.2000 GHz  windows 1322  with tone 0  worst SNR 8.8 dB | no tone
[meter] 5.8000 GHz  windows 1322  with tone 0  worst SNR 9.2 dB | no tone
[meter] 2.4000 GHz  windows 1322  with tone 1322  worst SNR 61.2 dB | ch1   +0.42 (max dev 0.07)  ch2   +0.60 (max dev 0.08)  ch3   +0.85 (max dev 0.09)
[meter] 5.2000 GHz  windows 1322  with tone 0  worst SNR 8.8 dB | no tone
[meter] 5.8000 GHz  windows 1322  with tone 0  worst SNR 9.2 dB | no tone
[meter] 2.4000 GHz  windows 1322  with tone 1322  worst SNR 61.2 dB | ch1   +0.42 (max dev 0.07)  ch2   +0.60 (max dev 0.08)  ch3   +0.85 (max dev 0.09)
[meter] 5.2000 GHz  windows 1322  with tone 0  worst SNR 8.8 dB | no tone
[meter] 5.8000 GHz  windows 1322  with tone 0  worst SNR 9.2 dB | no tone
[meter] 2.4000 GHz  windows 1406  with tone 1406  worst SNR 61.2 dB | ch1   +0.42 (max dev 0.07)  ch2   +0.61 (max dev 0.07)  ch3   +0.87 (max dev 0.08)
[meter] 5.2000 GHz  windows 1405  with tone 0  worst SNR 8.8 dB | no tone
[meter] 5.8000 GHz  windows 1405  with tone 0  worst SNR 9.2 dB | no tone
[meter] 2.4000 GHz  windows 1406  with tone 1406  worst SNR 61.2 dB | ch1   +0.42 (max dev 0.07)  ch2   +0.61 (max dev 0.07)  ch3   +0.87 (max dev 0.08)
[meter] 5.2000 GHz  windows 1406  with tone 0  worst SNR 8.8 dB | no tone
[meter] 5.8000 GHz  windows 1405  with tone 0  worst SNR 9.2 dB | no tone
[meter] 2.4000 GHz  windows 1406  with tone 1406  worst SNR 61.2 dB | ch1   +0.42 (max dev 0.07)  ch2   +0.61 (max dev 0.07)  ch3   +0.87 (max dev 0.08)
[meter] 5.2000 GHz  windows 1406  with tone 0  worst SNR 8.8 dB | no tone
[meter] 5.8000 GHz  windows 1405  with tone 0  worst SNR 9.2 dB | no tone
[meter] 2.4000 GHz  windows 1489  with tone 1489  worst SNR 61.2 dB | ch1   +0.43 (max dev 0.06)  ch2   +0.61 (max dev 0.08)  ch3   +0.87 (max dev 0.08)
[meter] 5.2000 GHz  windows 1489  with tone 0  worst SNR 8.8 dB | no tone
[meter] 5.8000 GHz  windows 1488  with tone 0  worst SNR 9.2 dB | no tone
[meter] 2.4000 GHz  windows 1489  with tone 1489  worst SNR 61.2 dB | ch1   +0.43 (max dev 0.06)  ch2   +0.61 (max dev 0.08)  ch3   +0.87 (max dev 0.08)
[meter] 5.2000 GHz  windows 1489  with tone 0  worst SNR 8.8 dB | no tone
[meter] 5.8000 GHz  windows 1489  with tone 0  worst SNR 9.2 dB | no tone
[meter] 2.4000 GHz  windows 1489  with tone 1489  worst SNR 61.2 dB | ch1   +0.43 (max dev 0.06)  ch2   +0.61 (max dev 0.08)  ch3   +0.87 (max dev 0.08)
[meter] 5.2000 GHz  windows 1489  with tone 0  worst SNR 8.8 dB | no tone
[meter] 5.8000 GHz  windows 1489  with tone 0  worst SNR 9.2 dB | no tone
[meter] 2.4000 GHz  windows 1572  with tone 1572  worst SNR 61.2 dB | ch1   +0.43 (max dev 0.06)  ch2   +0.62 (max dev 0.09)  ch3   +0.87 (max dev 0.09)
[meter] 5.2000 GHz  windows 1572  with tone 0  worst SNR 8.8 dB | no tone
[meter] 5.8000 GHz  windows 1572  with tone 0  worst SNR 9.2 dB | no tone
[meter] 2.4000 GHz  windows 1573  with tone 1573  worst SNR 61.2 dB | ch1   +0.43 (max dev 0.06)  ch2   +0.62 (max dev 0.09)  ch3   +0.87 (max dev 0.09)
[meter] 5.2000 GHz  windows 1572  with tone 0  worst SNR 8.8 dB | no tone
[meter] 5.8000 GHz  windows 1572  with tone 0  worst SNR 9.2 dB | no tone
[meter] 2.4000 GHz  windows 1573  with tone 1573  worst SNR 61.2 dB | ch1   +0.43 (max dev 0.06)  ch2   +0.62 (max dev 0.09)  ch3   +0.87 (max dev 0.09)
[meter] 5.2000 GHz  windows 1572  with tone 0  worst SNR 8.8 dB | no tone
[meter] 5.8000 GHz  windows 1572  with tone 0  worst SNR 9.2 dB | no tone
[meter] 2.4000 GHz  windows 1656  with tone 1656  worst SNR 61.2 dB | ch1   +0.43 (max dev 0.06)  ch2   +0.63 (max dev 0.08)  ch3   +0.87 (max dev 0.08)[meter] 2.4000 GHz  windows 1656  with tone 1656  worst SNR 61.2 dB | ch1   +0.43 (max dev 0.06)  ch2   +0.63 (max dev 0.08)  ch3   +0.87 (max dev 0.08)
[meter] 5.2000 GHz  windows 1656  with tone 0  worst SNR 8.8 dB | no tone
[meter] 5.8000 GHz  windows 1655  with tone 0  worst SNR 9.2 dB | no tone

[meter] 5.2000 GHz  windows 1656  with tone 0  worst SNR 8.8 dB | no tone
[meter] 5.8000 GHz  windows 1655  with tone 0  worst SNR 9.2 dB | no tone
[meter] 2.4000 GHz  windows 1656  with tone 1656  worst SNR 61.2 dB | ch1   +0.43 (max dev 0.06)  ch2   +0.63 (max dev 0.08)  ch3   +0.87 (max dev 0.08)
[meter] 5.2000 GHz  windows 1656  with tone 0  worst SNR 8.8 dB | no tone
[meter] 5.8000 GHz  windows 1655  with tone 0  worst SNR 9.2 dB | no tone
[meter] 2.4000 GHz  windows 1739  with tone 1739  worst SNR 61.2 dB | ch1   +0.44 (max dev 0.08)  ch2   +0.63 (max dev 0.08)  ch3   +0.87 (max dev 0.08)
[meter] 5.2000 GHz  windows 1739  with tone 0  worst SNR 8.8 dB | no tone
[meter] 5.8000 GHz  windows 1739  with tone 0  worst SNR 9.2 dB | no tone
[meter] 2.4000 GHz  windows 1739  with tone 1739  worst SNR 61.2 dB | ch1   +0.44 (max dev 0.08)  ch2   +0.63 (max dev 0.08)  ch3   +0.87 (max dev 0.08)
[meter] 5.2000 GHz  windows 1739  with tone 0  worst SNR 8.8 dB | no tone
[meter] 5.8000 GHz  windows 1739  with tone 0  worst SNR 9.2 dB | no tone
[meter] 2.4000 GHz  windows 1739  with tone 1739  worst SNR 61.2 dB | ch1   +0.44 (max dev 0.08)  ch2   +0.63 (max dev 0.08)  ch3   +0.87 (max dev 0.08)
[meter] 5.2000 GHz  windows 1739  with tone 0  worst SNR 8.8 dB | no tone
[meter] 5.8000 GHz  windows 1739  with tone 0  worst SNR 9.2 dB | no tone
[meter] 2.4000 GHz  windows 1823  with tone 1823  worst SNR 61.2 dB | ch1   +0.45 (max dev 0.07)  ch2   +0.62 (max dev 0.09)  ch3   +0.87 (max dev 0.08)
[meter] 5.2000 GHz  windows 1822  with tone 0  worst SNR 8.8 dB | no tone
[meter] 5.8000 GHz  windows 1822  with tone 0  worst SNR 9.2 dB | no tone
[meter] 2.4000 GHz  windows 1823  with tone 1823  worst SNR 61.2 dB | ch1   +0.45 (max dev 0.07)  ch2   +0.62 (max dev 0.09)  ch3   +0.87 (max dev 0.08)
[meter] 5.2000 GHz  windows 1822  with tone 0  worst SNR 8.8 dB | no tone
[meter] 5.8000 GHz  windows 1822  with tone 0  worst SNR 9.2 dB | no tone
[meter] 2.4000 GHz  windows 1823  with tone 1823  worst SNR 61.2 dB | ch1   +0.45 (max dev 0.07)  ch2   +0.62 (max dev 0.09)  ch3   +0.87 (max dev 0.08)
[meter] 5.2000 GHz  windows 1822  with tone 0  worst SNR 8.8 dB | no tone
[meter] 5.8000 GHz  windows 1822  with tone 0  worst SNR 9.2 dB | no tone
[meter] 2.4000 GHz  windows 1906  with tone 1906  worst SNR 61.2 dB | ch1   +0.46 (max dev 0.07)  ch2   +0.62 (max dev 0.09)  ch3   +0.87 (max dev 0.09)
[meter] 5.2000 GHz  windows 1906  with tone 0  worst SNR 8.8 dB | no tone
[meter] 5.8000 GHz  windows 1905  with tone 0  worst SNR 9.2 dB | no tone
[meter] 2.4000 GHz  windows 1906  with tone 1906  worst SNR 61.2 dB | ch1   +0.46 (max dev 0.07)  ch2   +0.62 (max dev 0.09)  ch3   +0.87 (max dev 0.09)
[meter] 5.2000 GHz  windows 1906  with tone 0  worst SNR 8.8 dB | no tone
[meter] 5.8000 GHz  windows 1905  with tone 0  worst SNR 9.2 dB | no tone
[meter] 2.4000 GHz  windows 1906  with tone 1906  worst SNR 61.2 dB | ch1   +0.46 (max dev 0.07)  ch2   +0.62 (max dev 0.09)  ch3   +0.87 (max dev 0.09)
[meter] 5.2000 GHz  windows 1906  with tone 0  worst SNR 8.8 dB | no tone
[meter] 5.8000 GHz  windows 1905  with tone 0  worst SNR 9.2 dB | no tone
[meter] 2.4000 GHz  windows 1989  with tone 1989  worst SNR 61.2 dB | ch1   +0.46 (max dev 0.07)  ch2   +0.63 (max dev 0.10)  ch3   +0.88 (max dev 0.10)[meter] 2.4000 GHz  windows 1989  with tone 1989  worst SNR 61.2 dB | ch1   +0.46 (max dev 0.07)  ch2   +0.63 (max dev 0.10)  ch3   +0.88 (max dev 0.10)
[meter] 5.2000 GHz  windows 1989  with tone 0  worst SNR 8.8 dB | no tone
[meter] 5.8000 GHz  windows 1989  with tone 0  worst SNR 9.2 dB | no tone

[meter] 5.2000 GHz  windows 1989  with tone 0  worst SNR 8.8 dB | no tone
[meter] 5.8000 GHz  windows 1989  with tone 0  worst SNR 9.2 dB | no tone
[meter] 2.4000 GHz  windows 1989  with tone 1989  worst SNR 61.2 dB | ch1   +0.46 (max dev 0.07)  ch2   +0.63 (max dev 0.10)  ch3   +0.88 (max dev 0.10)
[meter] 5.2000 GHz  windows 1989  with tone 0  worst SNR 8.8 dB | no tone
[meter] 5.8000 GHz  windows 1989  with tone 0  worst SNR 9.2 dB | no tone
[meter] 2.4000 GHz  windows 2073  with tone 2073  worst SNR 61.2 dB | ch1   +0.47 (max dev 0.05)  ch2   +0.64 (max dev 0.07)  ch3   +0.90 (max dev 0.09)
[meter] 2.4000 GHz  windows 2073  with tone 2073  worst SNR 61.2 dB | ch1   +0.47 (max dev 0.05)  ch2   +0.64 (max dev 0.07)  ch3   +0.90 (max dev 0.09)[meter] 5.2000 GHz  windows 2072  with tone 0  worst SNR 8.8 dB | no tone
[meter] 5.8000 GHz  windows 2072  with tone 0  worst SNR 9.2 dB | no tone

[meter] 5.2000 GHz  windows 2072  with tone 0  worst SNR 8.8 dB | no tone
[meter] 5.8000 GHz  windows 2072  with tone 0  worst SNR 9.2 dB | no tone
[meter] 2.4000 GHz  windows 2073  with tone 2073  worst SNR 61.2 dB | ch1   +0.47 (max dev 0.05)  ch2   +0.64 (max dev 0.07)  ch3   +0.90 (max dev 0.09)
[meter] 5.2000 GHz  windows 2072  with tone 0  worst SNR 8.8 dB | no tone
[meter] 5.8000 GHz  windows 2072  with tone 0  worst SNR 9.2 dB | no tone
[meter] 2.4000 GHz  windows 2156  with tone 2156  worst SNR 61.2 dB | ch1   +0.47 (max dev 0.07)  ch2   +0.65 (max dev 0.06)  ch3   +0.91 (max dev 0.10)
[meter] 5.2000 GHz  windows 2156  with tone 0  worst SNR 8.8 dB | no tone
[meter] 5.8000 GHz  windows 2155  with tone 0  worst SNR 9.2 dB | no tone
[meter] 2.4000 GHz  windows 2156  with tone 2156  worst SNR 61.2 dB | ch1   +0.47 (max dev 0.07)  ch2   +0.65 (max dev 0.06)  ch3   +0.91 (max dev 0.10)
[meter] 5.2000 GHz  windows 2156  with tone 0  worst SNR 8.8 dB | no tone
[meter] 5.8000 GHz  windows 2155  with tone 0  worst SNR 9.2 dB | no tone
[meter] 2.4000 GHz  windows 2156  with tone 2156  worst SNR 61.2 dB | ch1   +0.47 (max dev 0.07)  ch2   +0.65 (max dev 0.06)  ch3   +0.91 (max dev 0.10)
[meter] 5.2000 GHz  windows 2156  with tone 0  worst SNR 8.8 dB | no tone
[meter] 5.8000 GHz  windows 2155  with tone 0  worst SNR 9.2 dB | no tone
[radio] calibration tone parked on 5.2000 GHz
[meter] 2.4000 GHz  windows 2240  with tone 2222  worst SNR 9.7 dB | ch1   +0.47 (max dev 0.07)  ch2   +0.65 (max dev 0.07)  ch3   +0.92 (max dev 0.11)
[meter] 5.2000 GHz  windows 2239  with tone 17  worst SNR 8.8 dB | ch1   +0.07 (max dev 0.02)  ch2   +1.46 (max dev 0.05)  ch3   +1.96 (max dev 0.06)
[meter] 5.8000 GHz  windows 2239  with tone 0  worst SNR 9.2 dB | no tone
[meter] 2.4000 GHz  windows 2240  with tone 2222  worst SNR 9.7 dB | ch1   +0.47 (max dev 0.07)  ch2   +0.65 (max dev 0.07)  ch3   +0.92 (max dev 0.11)
[meter] 2.4000 GHz  windows 2240  with tone 2222  worst SNR 9.7 dB | ch1   +0.47 (max dev 0.07)  ch2   +0.65 (max dev 0.07)  ch3   +0.92 (max dev 0.11)[meter] 5.2000 GHz  windows 2239  with tone 17  worst SNR 8.8 dB | ch1   +0.07 (max dev 0.02)  ch2   +1.46 (max dev 0.05)  ch3   +1.96 (max dev 0.06)

[meter] 5.8000 GHz  windows 2239  with tone 0  worst SNR 9.2 dB | no tone
[meter] 5.2000 GHz  windows 2239  with tone 17  worst SNR 8.8 dB | ch1   +0.07 (max dev 0.02)  ch2   +1.46 (max dev 0.05)  ch3   +1.96 (max dev 0.06)
[meter] 5.8000 GHz  windows 2239  with tone 0  worst SNR 9.2 dB | no tone
[radio] calibration tone parked on 5.8000 GHz
[radio] calibration tone parked on 2.4000 GHz
[meter] 2.4000 GHz  windows 2323  with tone 2235  worst SNR 9.4 dB | ch1   +0.47 (max dev 0.07)  ch2   +0.66 (max dev 0.08)  ch3   +0.92 (max dev 0.11)
[meter] 2.4000 GHz  windows 2323  with tone 2235  worst SNR 9.4 dB | ch1   +0.47 (max dev 0.07)  ch2   +0.66 (max dev 0.08)  ch3   +0.92 (max dev 0.11)
[meter] 5.2000 GHz  windows 2323  with tone 53  worst SNR 8.8 dB | ch1   +0.07 (max dev 0.03)  ch2   +1.46 (max dev 0.08)  ch3   +1.96 (max dev 0.06)
[meter] 5.2000 GHz  windows 2323  with tone 53  worst SNR 8.8 dB | ch1   +0.07 (max dev 0.03)  ch2   +1.46 (max dev 0.08)  ch3   +1.96 (max dev 0.06)
[meter] 5.8000 GHz  windows 2322  with tone 36  worst SNR 9.2 dB | ch1   -0.16 (max dev 0.05)  ch2   +1.66 (max dev 0.06)  ch3   +2.64 (max dev 0.06)
[meter] 5.8000 GHz  windows 2322  with tone 36  worst SNR 9.2 dB | ch1   -0.16 (max dev 0.05)  ch2   +1.66 (max dev 0.06)  ch3   +2.64 (max dev 0.06)
[meter] 2.4000 GHz  windows 2323  with tone 2235  worst SNR 9.4 dB | ch1   +0.47 (max dev 0.07)  ch2   +0.66 (max dev 0.08)  ch3   +0.92 (max dev 0.11)
[meter] 5.2000 GHz  windows 2323  with tone 53  worst SNR 8.8 dB | ch1   +0.07 (max dev 0.03)  ch2   +1.46 (max dev 0.08)  ch3   +1.96 (max dev 0.06)
[meter] 5.8000 GHz  windows 2322  with tone 36  worst SNR 9.2 dB | ch1   -0.16 (max dev 0.05)  ch2   +1.66 (max dev 0.06)  ch3   +2.64 (max dev 0.06)
[meter] 2.4000 GHz  windows 2406  with tone 2318  worst SNR 9.4 dB | ch1   +0.47 (max dev 0.05)  ch2   +0.66 (max dev 0.08)  ch3   +0.93 (max dev 0.07)
[meter] 2.4000 GHz  windows 2406  with tone 2318  worst SNR 9.4 dB | ch1   +0.47 (max dev 0.05)  ch2   +0.66 (max dev 0.08)  ch3   +0.93 (max dev 0.07)[meter] 5.2000 GHz  windows 2406  with tone 53  worst SNR 8.8 dB | ch1   +0.07 (max dev 0.03)  ch2   +1.46 (max dev 0.08)  ch3   +1.96 (max dev 0.06)

[meter] 5.8000 GHz  windows 2406  with tone 36  worst SNR 9.2 dB | ch1   -0.16 (max dev 0.05)  ch2   +1.66 (max dev 0.06)  ch3   +2.64 (max dev 0.06)
[meter] 5.2000 GHz  windows 2406  with tone 53  worst SNR 8.8 dB | ch1   +0.07 (max dev 0.03)  ch2   +1.46 (max dev 0.08)  ch3   +1.96 (max dev 0.06)
[meter] 5.8000 GHz  windows 2406  with tone 36  worst SNR 9.2 dB | ch1   -0.16 (max dev 0.05)  ch2   +1.66 (max dev 0.06)  ch3   +2.64 (max dev 0.06)
[meter] 2.4000 GHz  windows 2407  with tone 2319  worst SNR 9.4 dB | ch1   +0.47 (max dev 0.05)  ch2   +0.66 (max dev 0.08)  ch3   +0.93 (max dev 0.07)
[meter] 5.2000 GHz  windows 2406  with tone 53  worst SNR 8.8 dB | ch1   +0.07 (max dev 0.03)  ch2   +1.46 (max dev 0.08)  ch3   +1.96 (max dev 0.06)
[meter] 5.8000 GHz  windows 2406  with tone 36  worst SNR 9.2 dB | ch1   -0.16 (max dev 0.05)  ch2   +1.66 (max dev 0.06)  ch3   +2.64 (max dev 0.06)
[meter] 2.4000 GHz  windows 2490  with tone 2402  worst SNR 9.4 dB | ch1   +0.48 (max dev 0.08)  ch2   +0.66 (max dev 0.08)  ch3   +0.93 (max dev 0.08)
[meter] 2.4000 GHz  windows 2490  with tone 2402  worst SNR 9.4 dB | ch1   +0.48 (max dev 0.08)  ch2   +0.66 (max dev 0.08)  ch3   +0.93 (max dev 0.08)
[meter] 5.2000 GHz  windows 2489  with tone 53  worst SNR 8.8 dB | ch1   +0.07 (max dev 0.03)  ch2   +1.46 (max dev 0.08)  ch3   +1.96 (max dev 0.06)[meter] 5.2000 GHz  windows 2489  with tone 53  worst SNR 8.8 dB | ch1   +0.07 (max dev 0.03)  ch2   +1.46 (max dev 0.08)  ch3   +1.96 (max dev 0.06)

[meter] 5.8000 GHz  windows 2489  with tone 36  worst SNR 9.2 dB | ch1   -0.16 (max dev 0.05)  ch2   +1.66 (max dev 0.06)  ch3   +2.64 (max dev 0.06)
[meter] 5.8000 GHz  windows 2489  with tone 36  worst SNR 9.2 dB | ch1   -0.16 (max dev 0.05)  ch2   +1.66 (max dev 0.06)  ch3   +2.64 (max dev 0.06)
[meter] 2.4000 GHz  windows 2490  with tone 2402  worst SNR 9.4 dB | ch1   +0.48 (max dev 0.08)  ch2   +0.66 (max dev 0.08)  ch3   +0.93 (max dev 0.08)
[meter] 5.2000 GHz  windows 2490  with tone 53  worst SNR 8.8 dB | ch1   +0.07 (max dev 0.03)  ch2   +1.46 (max dev 0.08)  ch3   +1.96 (max dev 0.06)
[meter] 5.8000 GHz  windows 2489  with tone 36  worst SNR 9.2 dB | ch1   -0.16 (max dev 0.05)  ch2   +1.66 (max dev 0.06)  ch3   +2.64 (max dev 0.06)
[meter] 2.4000 GHz  windows 2573  with tone 2485  worst SNR 9.4 dB | ch1   +0.48 (max dev 0.07)  ch2   +0.65 (max dev 0.07)  ch3   +0.92 (max dev 0.09)
[meter] 5.2000 GHz  windows 2573  with tone 53  worst SNR 8.8 dB | ch1   +0.07 (max dev 0.03)  ch2   +1.46 (max dev 0.08)  ch3   +1.96 (max dev 0.06)
[meter] 2.4000 GHz  windows 2573  with tone 2485  worst SNR 9.4 dB | ch1   +0.48 (max dev 0.07)  ch2   +0.65 (max dev 0.07)  ch3   +0.92 (max dev 0.09)[meter] 5.8000 GHz  windows 2572  with tone 36  worst SNR 9.2 dB | ch1   -0.16 (max dev 0.05)  ch2   +1.66 (max dev 0.06)  ch3   +2.64 (max dev 0.06)

[meter] 5.2000 GHz  windows 2573  with tone 53  worst SNR 8.8 dB | ch1   +0.07 (max dev 0.03)  ch2   +1.46 (max dev 0.08)  ch3   +1.96 (max dev 0.06)
[meter] 5.8000 GHz  windows 2572  with tone 36  worst SNR 9.2 dB | ch1   -0.16 (max dev 0.05)  ch2   +1.66 (max dev 0.06)  ch3   +2.64 (max dev 0.06)
[meter] 2.4000 GHz  windows 2573  with tone 2485  worst SNR 9.4 dB | ch1   +0.48 (max dev 0.07)  ch2   +0.65 (max dev 0.07)  ch3   +0.92 (max dev 0.09)
[meter] 5.2000 GHz  windows 2573  with tone 53  worst SNR 8.8 dB | ch1   +0.07 (max dev 0.03)  ch2   +1.46 (max dev 0.08)  ch3   +1.96 (max dev 0.06)
[meter] 5.8000 GHz  windows 2573  with tone 36  worst SNR 9.2 dB | ch1   -0.16 (max dev 0.05)  ch2   +1.66 (max dev 0.06)  ch3   +2.64 (max dev 0.06)
[meter] 2.4000 GHz  windows 2656  with tone 2568  worst SNR 9.4 dB | ch1   +0.48 (max dev 0.06)  ch2   +0.64 (max dev 0.06)  ch3   +0.91 (max dev 0.10)
[meter] 5.2000 GHz  windows 2656  with tone 53  worst SNR 8.8 dB | ch1   +0.07 (max dev 0.03)  ch2   +1.46 (max dev 0.08)  ch3   +1.96 (max dev 0.06)
[meter] 5.8000 GHz  windows 2656  with tone 36  worst SNR 9.2 dB | ch1   -0.16 (max dev 0.05)  ch2   +1.66 (max dev 0.06)  ch3   +2.64 (max dev 0.06)
[meter] 2.4000 GHz  windows 2656  with tone 2568  worst SNR 9.4 dB | ch1   +0.48 (max dev 0.06)  ch2   +0.64 (max dev 0.06)  ch3   +0.91 (max dev 0.10)
[meter] 5.2000 GHz  windows 2656  with tone 53  worst SNR 8.8 dB | ch1   +0.07 (max dev 0.03)  ch2   +1.46 (max dev 0.08)  ch3   +1.96 (max dev 0.06)
[meter] 5.8000 GHz  windows 2656  with tone 36  worst SNR 9.2 dB | ch1   -0.16 (max dev 0.05)  ch2   +1.66 (max dev 0.06)  ch3   +2.64 (max dev 0.06)
[meter] 2.4000 GHz  windows 2657  with tone 2569  worst SNR 9.4 dB | ch1   +0.48 (max dev 0.06)  ch2   +0.64 (max dev 0.06)  ch3   +0.91 (max dev 0.10)
[meter] 5.2000 GHz  windows 2656  with tone 53  worst SNR 8.8 dB | ch1   +0.07 (max dev 0.03)  ch2   +1.46 (max dev 0.08)  ch3   +1.96 (max dev 0.06)
[meter] 5.8000 GHz  windows 2656  with tone 36  worst SNR 9.2 dB | ch1   -0.16 (max dev 0.05)  ch2   +1.66 (max dev 0.06)  ch3   +2.64 (max dev 0.06)
[meter] 2.4000 GHz  windows 2740  with tone 2652  worst SNR 9.4 dB | ch1   +0.48 (max dev 0.05)  ch2   +0.64 (max dev 0.06)  ch3   +0.91 (max dev 0.10)
[meter] 2.4000 GHz  windows 2740  with tone 2652  worst SNR 9.4 dB | ch1   +0.48 (max dev 0.05)  ch2   +0.64 (max dev 0.06)  ch3   +0.91 (max dev 0.10)
[meter] 5.2000 GHz  windows 2739  with tone 53  worst SNR 8.8 dB | ch1   +0.07 (max dev 0.03)  ch2   +1.46 (max dev 0.08)  ch3   +1.96 (max dev 0.06)
[meter] 5.2000 GHz  windows 2739  with tone 53  worst SNR 8.8 dB | ch1   +0.07 (max dev 0.03)  ch2   +1.46 (max dev 0.08)  ch3   +1.96 (max dev 0.06)
[meter] 5.8000 GHz  windows 2739  with tone 36  worst SNR 9.2 dB | ch1   -0.16 (max dev 0.05)  ch2   +1.66 (max dev 0.06)  ch3   +2.64 (max dev 0.06)
[meter] 5.8000 GHz  windows 2739  with tone 36  worst SNR 9.2 dB | ch1   -0.16 (max dev 0.05)  ch2   +1.66 (max dev 0.06)  ch3   +2.64 (max dev 0.06)
[meter] 2.4000 GHz  windows 2740  with tone 2652  worst SNR 9.4 dB | ch1   +0.48 (max dev 0.05)  ch2   +0.64 (max dev 0.06)  ch3   +0.91 (max dev 0.10)
[meter] 5.2000 GHz  windows 2740  with tone 53  worst SNR 8.8 dB | ch1   +0.07 (max dev 0.03)  ch2   +1.46 (max dev 0.08)  ch3   +1.96 (max dev 0.06)
[meter] 5.8000 GHz  windows 2739  with tone 36  worst SNR 9.2 dB | ch1   -0.16 (max dev 0.05)  ch2   +1.66 (max dev 0.06)  ch3   +2.64 (max dev 0.06)
[meter] 2.4000 GHz  windows 2823  with tone 2735  worst SNR 9.4 dB | ch1   +0.48 (max dev 0.06)  ch2   +0.63 (max dev 0.06)  ch3   +0.90 (max dev 0.09)
[meter] 5.2000 GHz  windows 2823  with tone 53  worst SNR 8.8 dB | ch1   +0.07 (max dev 0.03)  ch2   +1.46 (max dev 0.08)  ch3   +1.96 (max dev 0.06)
[meter] 5.8000 GHz  windows 2822  with tone 36  worst SNR 9.2 dB | ch1   -0.16 (max dev 0.05)  ch2   +1.66 (max dev 0.06)  ch3   +2.64 (max dev 0.06)
[meter] 2.4000 GHz  windows 2823  with tone 2735  worst SNR 9.4 dB | ch1   +0.48 (max dev 0.06)  ch2   +0.63 (max dev 0.06)  ch3   +0.90 (max dev 0.09)
[meter] 5.2000 GHz  windows 2823  with tone 53  worst SNR 8.8 dB | ch1   +0.07 (max dev 0.03)  ch2   +1.46 (max dev 0.08)  ch3   +1.96 (max dev 0.06)
[meter] 5.8000 GHz  windows 2823  with tone 36  worst SNR 9.2 dB | ch1   -0.16 (max dev 0.05)  ch2   +1.66 (max dev 0.06)  ch3   +2.64 (max dev 0.06)
[meter] 2.4000 GHz  windows 2823  with tone 2735  worst SNR 9.4 dB | ch1   +0.48 (max dev 0.06)  ch2   +0.63 (max dev 0.06)  ch3   +0.90 (max dev 0.09)
[meter] 5.2000 GHz  windows 2823  with tone 53  worst SNR 8.8 dB | ch1   +0.07 (max dev 0.03)  ch2   +1.46 (max dev 0.08)  ch3   +1.96 (max dev 0.06)
[meter] 5.8000 GHz  windows 2823  with tone 36  worst SNR 9.2 dB | ch1   -0.16 (max dev 0.05)  ch2   +1.66 (max dev 0.06)  ch3   +2.64 (max dev 0.06)
[meter] 2.4000 GHz  windows 2906  with tone 2818  worst SNR 9.4 dB | ch1   +0.49 (max dev 0.06)  ch2   +0.63 (max dev 0.07)  ch3   +0.91 (max dev 0.07)
[meter] 5.2000 GHz  windows 2906  with tone 53  worst SNR 8.8 dB | ch1   +0.07 (max dev 0.03)  ch2   +1.46 (max dev 0.08)  ch3   +1.96 (max dev 0.06)
[meter] 5.8000 GHz  windows 2906  with tone 36  worst SNR 9.2 dB | ch1   -0.16 (max dev 0.05)  ch2   +1.66 (max dev 0.06)  ch3   +2.64 (max dev 0.06)
[meter] 2.4000 GHz  windows 2907  with tone 2819  worst SNR 9.4 dB | ch1   +0.49 (max dev 0.06)  ch2   +0.63 (max dev 0.07)  ch3   +0.91 (max dev 0.07)
[meter] 5.2000 GHz  windows 2906  with tone 53  worst SNR 8.8 dB | ch1   +0.07 (max dev 0.03)  ch2   +1.46 (max dev 0.08)  ch3   +1.96 (max dev 0.06)
[meter] 5.8000 GHz  windows 2906  with tone 36  worst SNR 9.2 dB | ch1   -0.16 (max dev 0.05)  ch2   +1.66 (max dev 0.06)  ch3   +2.64 (max dev 0.06)
[meter] 2.4000 GHz  windows 2907  with tone 2819  worst SNR 9.4 dB | ch1   +0.49 (max dev 0.06)  ch2   +0.63 (max dev 0.07)  ch3   +0.91 (max dev 0.07)
[meter] 5.2000 GHz  windows 2906  with tone 53  worst SNR 8.8 dB | ch1   +0.07 (max dev 0.03)  ch2   +1.46 (max dev 0.08)  ch3   +1.96 (max dev 0.06)
[meter] 5.8000 GHz  windows 2906  with tone 36  worst SNR 9.2 dB | ch1   -0.16 (max dev 0.05)  ch2   +1.66 (max dev 0.06)  ch3   +2.64 (max dev 0.06)
[meter] 2.4000 GHz  windows 2990  with tone 2902  worst SNR 9.4 dB | ch1   +0.49 (max dev 0.08)  ch2   +0.63 (max dev 0.07)  ch3   +0.91 (max dev 0.08)
[meter] 5.2000 GHz  windows 2990  with tone 53  worst SNR 8.8 dB | ch1   +0.07 (max dev 0.03)  ch2   +1.46 (max dev 0.08)  ch3   +1.96 (max dev 0.06)
[meter] 5.8000 GHz  windows 2989  with tone 36  worst SNR 9.2 dB | ch1   -0.16 (max dev 0.05)  ch2   +1.66 (max dev 0.06)  ch3   +2.64 (max dev 0.06)
[meter] 2.4000 GHz  windows 2990  with tone 2902  worst SNR 9.4 dB | ch1   +0.49 (max dev 0.08)  ch2   +0.63 (max dev 0.07)  ch3   +0.91 (max dev 0.08)
[meter] 2.4000 GHz  windows 2990  with tone 2902  worst SNR 9.4 dB | ch1   +0.49 (max dev 0.08)  ch2   +0.63 (max dev 0.07)  ch3   +0.91 (max dev 0.08)
[meter] 5.2000 GHz  windows 2990  with tone 53  worst SNR 8.8 dB | ch1   +0.07 (max dev 0.03)  ch2   +1.46 (max dev 0.08)  ch3   +1.96 (max dev 0.06)
[meter] 5.2000 GHz  windows 2990  with tone 53  worst SNR 8.8 dB | ch1   +0.07 (max dev 0.03)  ch2   +1.46 (max dev 0.08)  ch3   +1.96 (max dev 0.06)
[meter] 5.8000 GHz  windows 2990  with tone 36  worst SNR 9.2 dB | ch1   -0.16 (max dev 0.05)  ch2   +1.66 (max dev 0.06)  ch3   +2.64 (max dev 0.06)[meter] 5.8000 GHz  windows 2990  with tone 36  worst SNR 9.2 dB | ch1   -0.16 (max dev 0.05)  ch2   +1.66 (max dev 0.06)  ch3   +2.64 (max dev 0.06)

[meter] 2.4000 GHz  windows 3073  with tone 2985  worst SNR 9.4 dB | ch1   +0.49 (max dev 0.08)  ch2   +0.62 (max dev 0.07)  ch3   +0.90 (max dev 0.08)
[meter] 5.2000 GHz  windows 3073  with tone 53  worst SNR 8.8 dB | ch1   +0.07 (max dev 0.03)  ch2   +1.46 (max dev 0.08)  ch3   +1.96 (max dev 0.06)
[meter] 5.8000 GHz  windows 3073  with tone 36  worst SNR 9.2 dB | ch1   -0.16 (max dev 0.05)  ch2   +1.66 (max dev 0.06)  ch3   +2.64 (max dev 0.06)
[meter] 2.4000 GHz  windows 3074  with tone 2986  worst SNR 9.4 dB | ch1   +0.49 (max dev 0.08)  ch2   +0.62 (max dev 0.07)  ch3   +0.90 (max dev 0.08)
[meter] 2.4000 GHz  windows 3074  with tone 2986  worst SNR 9.4 dB | ch1   +0.49 (max dev 0.08)  ch2   +0.62 (max dev 0.07)  ch3   +0.90 (max dev 0.08)
[meter] 5.2000 GHz  windows 3073  with tone 53  worst SNR 8.8 dB | ch1   +0.07 (max dev 0.03)  ch2   +1.46 (max dev 0.08)  ch3   +1.96 (max dev 0.06)
[meter] 5.2000 GHz  windows 3073  with tone 53  worst SNR 8.8 dB | ch1   +0.07 (max dev 0.03)  ch2   +1.46 (max dev 0.08)  ch3   +1.96 (max dev 0.06)
[meter] 5.8000 GHz  windows 3073  with tone 36  worst SNR 9.2 dB | ch1   -0.16 (max dev 0.05)  ch2   +1.66 (max dev 0.06)  ch3   +2.64 (max dev 0.06)
[meter] 5.8000 GHz  windows 3073  with tone 36  worst SNR 9.2 dB | ch1   -0.16 (max dev 0.05)  ch2   +1.66 (max dev 0.06)  ch3   +2.64 (max dev 0.06)
[meter] 2.4000 GHz  windows 3156  with tone 3068  worst SNR 9.4 dB | ch1   +0.49 (max dev 0.06)  ch2   +0.62 (max dev 0.07)  ch3   +0.90 (max dev 0.08)
[meter] 5.2000 GHz  windows 3156  with tone 53  worst SNR 8.8 dB | ch1   +0.07 (max dev 0.03)  ch2   +1.46 (max dev 0.08)  ch3   +1.96 (max dev 0.06)
[meter] 5.8000 GHz  windows 3156  with tone 36  worst SNR 9.2 dB | ch1   -0.16 (max dev 0.05)  ch2   +1.66 (max dev 0.06)  ch3   +2.64 (max dev 0.06)
[meter] 2.4000 GHz  windows 3157  with tone 3069  worst SNR 9.4 dB | ch1   +0.49 (max dev 0.06)  ch2   +0.62 (max dev 0.07)  ch3   +0.90 (max dev 0.08)
[meter] 5.2000 GHz  windows 3156  with tone 53  worst SNR 8.8 dB | ch1   +0.07 (max dev 0.03)  ch2   +1.46 (max dev 0.08)  ch3   +1.96 (max dev 0.06)
[meter] 5.8000 GHz  windows 3156  with tone 36  worst SNR 9.2 dB | ch1   -0.16 (max dev 0.05)  ch2   +1.66 (max dev 0.06)  ch3   +2.64 (max dev 0.06)
[meter] 2.4000 GHz  windows 3157  with tone 3069  worst SNR 9.4 dB | ch1   +0.49 (max dev 0.06)  ch2   +0.62 (max dev 0.07)  ch3   +0.90 (max dev 0.08)
[meter] 5.2000 GHz  windows 3156  with tone 53  worst SNR 8.8 dB | ch1   +0.07 (max dev 0.03)  ch2   +1.46 (max dev 0.08)  ch3   +1.96 (max dev 0.06)
[meter] 5.8000 GHz  windows 3156  with tone 36  worst SNR 9.2 dB | ch1   -0.16 (max dev 0.05)  ch2   +1.66 (max dev 0.06)  ch3   +2.64 (max dev 0.06)
[meter] 2.4000 GHz  windows 3240  with tone 3152  worst SNR 9.4 dB | ch1   +0.50 (max dev 0.07)  ch2   +0.61 (max dev 0.07)  ch3   +0.89 (max dev 0.09)
[meter] 5.2000 GHz  windows 3240  with tone 53  worst SNR 8.8 dB | ch1   +0.07 (max dev 0.03)  ch2   +1.46 (max dev 0.08)  ch3   +1.96 (max dev 0.06)
[meter] 5.8000 GHz  windows 3239  with tone 36  worst SNR 9.2 dB | ch1   -0.16 (max dev 0.05)  ch2   +1.66 (max dev 0.06)  ch3   +2.64 (max dev 0.06)
[meter] 2.4000 GHz  windows 3240  with tone 3152  worst SNR 9.4 dB | ch1   +0.50 (max dev 0.07)  ch2   +0.61 (max dev 0.07)  ch3   +0.89 (max dev 0.09)
[meter] 2.4000 GHz  windows 3240  with tone 3152  worst SNR 9.4 dB | ch1   +0.50 (max dev 0.07)  ch2   +0.61 (max dev 0.07)  ch3   +0.89 (max dev 0.09)
[meter] 5.2000 GHz  windows 3240  with tone 53  worst SNR 8.8 dB | ch1   +0.07 (max dev 0.03)  ch2   +1.46 (max dev 0.08)  ch3   +1.96 (max dev 0.06)
[meter] 5.2000 GHz  windows 3240  with tone 53  worst SNR 8.8 dB | ch1   +0.07 (max dev 0.03)  ch2   +1.46 (max dev 0.08)  ch3   +1.96 (max dev 0.06)
[meter] 5.8000 GHz  windows 3240  with tone 36  worst SNR 9.2 dB | ch1   -0.16 (max dev 0.05)  ch2   +1.66 (max dev 0.06)  ch3   +2.64 (max dev 0.06)
[meter] 5.8000 GHz  windows 3240  with tone 36  worst SNR 9.2 dB | ch1   -0.16 (max dev 0.05)  ch2   +1.66 (max dev 0.06)  ch3   +2.64 (max dev 0.06)
[meter] 2.4000 GHz  windows 3323  with tone 3235  worst SNR 9.4 dB | ch1   +0.50 (max dev 0.06)  ch2   +0.61 (max dev 0.09)  ch3   +0.89 (max dev 0.09)
[meter] 5.2000 GHz  windows 3323  with tone 53  worst SNR 8.8 dB | ch1   +0.07 (max dev 0.03)  ch2   +1.46 (max dev 0.08)  ch3   +1.96 (max dev 0.06)
[meter] 5.8000 GHz  windows 3323  with tone 36  worst SNR 9.2 dB | ch1   -0.16 (max dev 0.05)  ch2   +1.66 (max dev 0.06)  ch3   +2.64 (max dev 0.06)
[meter] 2.4000 GHz  windows 3324  with tone 3236  worst SNR 9.4 dB | ch1   +0.50 (max dev 0.06)  ch2   +0.61 (max dev 0.09)  ch3   +0.89 (max dev 0.09)[meter] 2.4000 GHz  windows 3324  with tone 3236  worst SNR 9.4 dB | ch1   +0.50 (max dev 0.06)  ch2   +0.61 (max dev 0.09)  ch3   +0.89 (max dev 0.09)

[meter] 5.2000 GHz  windows 3323  with tone 53  worst SNR 8.8 dB | ch1   +0.07 (max dev 0.03)  ch2   +1.46 (max dev 0.08)  ch3   +1.96 (max dev 0.06)
[meter] 5.2000 GHz  windows 3323  with tone 53  worst SNR 8.8 dB | ch1   +0.07 (max dev 0.03)  ch2   +1.46 (max dev 0.08)  ch3   +1.96 (max dev 0.06)
[meter] 5.8000 GHz  windows 3323  with tone 36  worst SNR 9.2 dB | ch1   -0.16 (max dev 0.05)  ch2   +1.66 (max dev 0.06)  ch3   +2.64 (max dev 0.06)
[meter] 5.8000 GHz  windows 3323  with tone 36  worst SNR 9.2 dB | ch1   -0.16 (max dev 0.05)  ch2   +1.66 (max dev 0.06)  ch3   +2.64 (max dev 0.06)
[radio] calibration tone parked on 5.2000 GHz
[meter] 2.4000 GHz  windows 3407  with tone 3252  worst SNR 9.4 dB | ch1   +0.50 (max dev 0.07)  ch2   +0.60 (max dev 0.09)  ch3   +0.89 (max dev 0.09)
[meter] 5.2000 GHz  windows 3406  with tone 120  worst SNR 8.8 dB | ch1   +0.08 (max dev 0.04)  ch2   +1.36 (max dev 0.14)  ch3   +1.86 (max dev 0.16)
[meter] 5.8000 GHz  windows 3406  with tone 36  worst SNR 9.2 dB | ch1   -0.16 (max dev 0.05)  ch2   +1.66 (max dev 0.06)  ch3   +2.64 (max dev 0.06)
[meter] 2.4000 GHz  windows 3407  with tone 3252  worst SNR 9.4 dB | ch1   +0.50 (max dev 0.07)  ch2   +0.60 (max dev 0.09)  ch3   +0.89 (max dev 0.09)
[meter] 2.4000 GHz  windows 3407  with tone 3252  worst SNR 9.4 dB | ch1   +0.50 (max dev 0.07)  ch2   +0.60 (max dev 0.09)  ch3   +0.89 (max dev 0.09)
[meter] 5.2000 GHz  windows 3407  with tone 121  worst SNR 8.8 dB | ch1   +0.08 (max dev 0.04)  ch2   +1.36 (max dev 0.14)  ch3   +1.86 (max dev 0.16)
[meter] 5.2000 GHz  windows 3407  with tone 121  worst SNR 8.8 dB | ch1   +0.08 (max dev 0.04)  ch2   +1.36 (max dev 0.14)  ch3   +1.86 (max dev 0.16)
[meter] 5.8000 GHz  windows 3406  with tone 36  worst SNR 9.2 dB | ch1   -0.16 (max dev 0.05)  ch2   +1.66 (max dev 0.06)  ch3   +2.64 (max dev 0.06)
[meter] 5.8000 GHz  windows 3406  with tone 36  worst SNR 9.2 dB | ch1   -0.16 (max dev 0.05)  ch2   +1.66 (max dev 0.06)  ch3   +2.64 (max dev 0.06)
[meter] 2.4000 GHz  windows 3490  with tone 3252  worst SNR 9.4 dB | ch1   +0.50 (max dev 0.07)  ch2   +0.60 (max dev 0.09)  ch3   +0.89 (max dev 0.09)
[meter] 5.2000 GHz  windows 3490  with tone 204  worst SNR 8.8 dB | ch1   +0.09 (max dev 0.05)  ch2   +1.34 (max dev 0.16)  ch3   +1.84 (max dev 0.15)
[meter] 5.8000 GHz  windows 3489  with tone 36  worst SNR 9.2 dB | ch1   -0.16 (max dev 0.05)  ch2   +1.66 (max dev 0.06)  ch3   +2.64 (max dev 0.06)
[meter] 2.4000 GHz  windows 3490  with tone 3252  worst SNR 9.4 dB | ch1   +0.50 (max dev 0.07)  ch2   +0.60 (max dev 0.09)  ch3   +0.89 (max dev 0.09)
[meter] 2.4000 GHz  windows 3490  with tone 3252  worst SNR 9.4 dB | ch1   +0.50 (max dev 0.07)  ch2   +0.60 (max dev 0.09)  ch3   +0.89 (max dev 0.09)
[meter] 5.2000 GHz  windows 3490  with tone 204  worst SNR 8.8 dB | ch1   +0.09 (max dev 0.05)  ch2   +1.34 (max dev 0.16)  ch3   +1.84 (max dev 0.15)
[meter] 5.8000 GHz  windows 3490  with tone 36  worst SNR 9.2 dB | ch1   -0.16 (max dev 0.05)  ch2   +1.66 (max dev 0.06)  ch3   +2.64 (max dev 0.06)
[meter] 5.2000 GHz  windows 3490  with tone 204  worst SNR 8.8 dB | ch1   +0.09 (max dev 0.05)  ch2   +1.34 (max dev 0.16)  ch3   +1.84 (max dev 0.15)
[meter] 5.8000 GHz  windows 3490  with tone 36  worst SNR 9.2 dB | ch1   -0.16 (max dev 0.05)  ch2   +1.66 (max dev 0.06)  ch3   +2.64 (max dev 0.06)
[meter] 2.4000 GHz  windows 3573  with tone 3252  worst SNR 9.4 dB | ch1   +0.50 (max dev 0.07)  ch2   +0.60 (max dev 0.09)  ch3   +0.89 (max dev 0.09)
[meter] 5.2000 GHz  windows 3573  with tone 287  worst SNR 8.8 dB | ch1   +0.10 (max dev 0.05)  ch2   +1.33 (max dev 0.08)  ch3   +1.83 (max dev 0.08)
[meter] 5.8000 GHz  windows 3573  with tone 36  worst SNR 9.2 dB | ch1   -0.16 (max dev 0.05)  ch2   +1.66 (max dev 0.06)  ch3   +2.64 (max dev 0.06)
[meter] 2.4000 GHz  windows 3574  with tone 3252  worst SNR 9.4 dB | ch1   +0.50 (max dev 0.07)  ch2   +0.60 (max dev 0.09)  ch3   +0.89 (max dev 0.09)
[meter] 2.4000 GHz  windows 3574  with tone 3252  worst SNR 9.4 dB | ch1   +0.50 (max dev 0.07)  ch2   +0.60 (max dev 0.09)  ch3   +0.89 (max dev 0.09)
[meter] 5.2000 GHz  windows 3573  with tone 287  worst SNR 8.8 dB | ch1   +0.10 (max dev 0.05)  ch2   +1.33 (max dev 0.08)  ch3   +1.83 (max dev 0.08)
[meter] 5.8000 GHz  windows 3573  with tone 36  worst SNR 9.2 dB | ch1   -0.16 (max dev 0.05)  ch2   +1.66 (max dev 0.06)  ch3   +2.64 (max dev 0.06)
[meter] 5.2000 GHz  windows 3573  with tone 287  worst SNR 8.8 dB | ch1   +0.10 (max dev 0.05)  ch2   +1.33 (max dev 0.08)  ch3   +1.83 (max dev 0.08)
[meter] 5.8000 GHz  windows 3573  with tone 36  worst SNR 9.2 dB | ch1   -0.16 (max dev 0.05)  ch2   +1.66 (max dev 0.06)  ch3   +2.64 (max dev 0.06)
[meter] 2.4000 GHz  windows 3657  with tone 3252  worst SNR 9.4 dB | ch1   +0.50 (max dev 0.07)  ch2   +0.60 (max dev 0.09)  ch3   +0.89 (max dev 0.09)
[meter] 5.2000 GHz  windows 3656  with tone 370  worst SNR 8.8 dB | ch1   +0.11 (max dev 0.05)  ch2   +1.37 (max dev 0.06)  ch3   +1.85 (max dev 0.07)
[meter] 5.8000 GHz  windows 3656  with tone 36  worst SNR 9.2 dB | ch1   -0.16 (max dev 0.05)  ch2   +1.66 (max dev 0.06)  ch3   +2.64 (max dev 0.06)
[meter] 2.4000 GHz  windows 3657  with tone 3252  worst SNR 9.4 dB | ch1   +0.50 (max dev 0.07)  ch2   +0.60 (max dev 0.09)  ch3   +0.89 (max dev 0.09)
[meter] 2.4000 GHz  windows 3657  with tone 3252  worst SNR 9.4 dB | ch1   +0.50 (max dev 0.07)  ch2   +0.60 (max dev 0.09)  ch3   +0.89 (max dev 0.09)
[meter] 5.2000 GHz  windows 3657  with tone 371  worst SNR 8.8 dB | ch1   +0.11 (max dev 0.05)  ch2   +1.37 (max dev 0.06)  ch3   +1.85 (max dev 0.07)
[meter] 5.2000 GHz  windows 3657  with tone 371  worst SNR 8.8 dB | ch1   +0.11 (max dev 0.05)  ch2   +1.37 (max dev 0.06)  ch3   +1.85 (max dev 0.07)
[meter] 5.8000 GHz  windows 3657  with tone 36  worst SNR 9.2 dB | ch1   -0.16 (max dev 0.05)  ch2   +1.66 (max dev 0.06)  ch3   +2.64 (max dev 0.06)
[meter] 5.8000 GHz  windows 3657  with tone 36  worst SNR 9.2 dB | ch1   -0.16 (max dev 0.05)  ch2   +1.66 (max dev 0.06)  ch3   +2.64 (max dev 0.06)
[meter] 2.4000 GHz  windows 3740  with tone 3252  worst SNR 9.2 dB | ch1   +0.50 (max dev 0.07)  ch2   +0.60 (max dev 0.09)  ch3   +0.89 (max dev 0.09)
[meter] 5.2000 GHz  windows 3740  with tone 454  worst SNR 8.8 dB | ch1   +0.12 (max dev 0.05)  ch2   +1.39 (max dev 0.10)  ch3   +1.83 (max dev 0.08)
[meter] 5.8000 GHz  windows 3739  with tone 36  worst SNR 9.2 dB | ch1   -0.16 (max dev 0.05)  ch2   +1.66 (max dev 0.06)  ch3   +2.64 (max dev 0.06)
[meter] 2.4000 GHz  windows 3741  with tone 3252  worst SNR 9.2 dB | ch1   +0.50 (max dev 0.07)  ch2   +0.60 (max dev 0.09)  ch3   +0.89 (max dev 0.09)
[meter] 5.2000 GHz  windows 3740  with tone 454  worst SNR 8.8 dB | ch1   +0.12 (max dev 0.05)  ch2   +1.39 (max dev 0.10)  ch3   +1.83 (max dev 0.08)
[meter] 5.8000 GHz  windows 3740  with tone 36  worst SNR 9.2 dB | ch1   -0.16 (max dev 0.05)  ch2   +1.66 (max dev 0.06)  ch3   +2.64 (max dev 0.06)
[meter] 2.4000 GHz  windows 3741  with tone 3252  worst SNR 9.2 dB | ch1   +0.50 (max dev 0.07)  ch2   +0.60 (max dev 0.09)  ch3   +0.89 (max dev 0.09)
[meter] 5.2000 GHz  windows 3740  with tone 454  worst SNR 8.8 dB | ch1   +0.12 (max dev 0.05)  ch2   +1.39 (max dev 0.10)  ch3   +1.83 (max dev 0.08)
[meter] 5.8000 GHz  windows 3740  with tone 36  worst SNR 9.2 dB | ch1   -0.16 (max dev 0.05)  ch2   +1.66 (max dev 0.06)  ch3   +2.64 (max dev 0.06)
[meter] 2.4000 GHz  windows 3824  with tone 3252  worst SNR 9.2 dB | ch1   +0.50 (max dev 0.07)  ch2   +0.60 (max dev 0.09)  ch3   +0.89 (max dev 0.09)
[meter] 5.2000 GHz  windows 3823  with tone 537  worst SNR 8.8 dB | ch1   +0.12 (max dev 0.05)  ch2   +1.39 (max dev 0.09)  ch3   +1.83 (max dev 0.10)
[meter] 5.8000 GHz  windows 3823  with tone 36  worst SNR 9.2 dB | ch1   -0.16 (max dev 0.05)  ch2   +1.66 (max dev 0.06)  ch3   +2.64 (max dev 0.06)
[meter] 2.4000 GHz  windows 3824  with tone 3252  worst SNR 9.2 dB | ch1   +0.50 (max dev 0.07)  ch2   +0.60 (max dev 0.09)  ch3   +0.89 (max dev 0.09)
[meter] 5.2000 GHz  windows 3824  with tone 538  worst SNR 8.8 dB | ch1   +0.12 (max dev 0.05)  ch2   +1.39 (max dev 0.09)  ch3   +1.83 (max dev 0.10)
[meter] 5.8000 GHz  windows 3823  with tone 36  worst SNR 9.2 dB | ch1   -0.16 (max dev 0.05)  ch2   +1.66 (max dev 0.06)  ch3   +2.64 (max dev 0.06)
[meter] 2.4000 GHz  windows 3824  with tone 3252  worst SNR 9.2 dB | ch1   +0.50 (max dev 0.07)  ch2   +0.60 (max dev 0.09)  ch3   +0.89 (max dev 0.09)
[meter] 5.2000 GHz  windows 3824  with tone 538  worst SNR 8.8 dB | ch1   +0.12 (max dev 0.05)  ch2   +1.39 (max dev 0.09)  ch3   +1.83 (max dev 0.10)
[meter] 5.8000 GHz  windows 3823  with tone 36  worst SNR 9.2 dB | ch1   -0.16 (max dev 0.05)  ch2   +1.66 (max dev 0.06)  ch3   +2.64 (max dev 0.06)
[meter] 2.4000 GHz  windows 3907  with tone 3252  worst SNR 9.2 dB | ch1   +0.50 (max dev 0.07)  ch2   +0.60 (max dev 0.09)  ch3   +0.89 (max dev 0.09)
[meter] 5.2000 GHz  windows 3907  with tone 621  worst SNR 8.8 dB | ch1   +0.12 (max dev 0.05)  ch2   +1.39 (max dev 0.13)  ch3   +1.82 (max dev 0.11)
[meter] 5.8000 GHz  windows 3906  with tone 36  worst SNR 9.2 dB | ch1   -0.16 (max dev 0.05)  ch2   +1.66 (max dev 0.06)  ch3   +2.64 (max dev 0.06)
[meter] 2.4000 GHz  windows 3907  with tone 3252  worst SNR 9.2 dB | ch1   +0.50 (max dev 0.07)  ch2   +0.60 (max dev 0.09)  ch3   +0.89 (max dev 0.09)
[meter] 5.2000 GHz  windows 3907  with tone 621  worst SNR 8.8 dB | ch1   +0.12 (max dev 0.05)  ch2   +1.39 (max dev 0.13)  ch3   +1.82 (max dev 0.11)
[meter] 5.8000 GHz  windows 3907  with tone 36  worst SNR 9.2 dB | ch1   -0.16 (max dev 0.05)  ch2   +1.66 (max dev 0.06)  ch3   +2.64 (max dev 0.06)
[meter] 2.4000 GHz  windows 3907  with tone 3252  worst SNR 9.2 dB | ch1   +0.50 (max dev 0.07)  ch2   +0.60 (max dev 0.09)  ch3   +0.89 (max dev 0.09)
[meter] 5.2000 GHz  windows 3907  with tone 621  worst SNR 8.8 dB | ch1   +0.12 (max dev 0.05)  ch2   +1.39 (max dev 0.13)  ch3   +1.82 (max dev 0.11)
[meter] 5.8000 GHz  windows 3907  with tone 36  worst SNR 9.2 dB | ch1   -0.16 (max dev 0.05)  ch2   +1.66 (max dev 0.06)  ch3   +2.64 (max dev 0.06)
[meter] 2.4000 GHz  windows 3990  with tone 3252  worst SNR 9.2 dB | ch1   +0.50 (max dev 0.07)  ch2   +0.60 (max dev 0.09)  ch3   +0.89 (max dev 0.09)
[meter] 5.2000 GHz  windows 3990  with tone 704  worst SNR 8.8 dB | ch1   +0.11 (max dev 0.06)  ch2   +1.41 (max dev 0.15)  ch3   +1.84 (max dev 0.13)
[meter] 5.8000 GHz  windows 3990  with tone 36  worst SNR 9.2 dB | ch1   -0.16 (max dev 0.05)  ch2   +1.66 (max dev 0.06)  ch3   +2.64 (max dev 0.06)
[meter] 2.4000 GHz  windows 3991  with tone 3252  worst SNR 9.2 dB | ch1   +0.50 (max dev 0.07)  ch2   +0.60 (max dev 0.09)  ch3   +0.89 (max dev 0.09)
[meter] 5.2000 GHz  windows 3990  with tone 704  worst SNR 8.8 dB | ch1   +0.11 (max dev 0.06)  ch2   +1.41 (max dev 0.15)  ch3   +1.84 (max dev 0.13)
[meter] 5.8000 GHz  windows 3990  with tone 36  worst SNR 9.2 dB | ch1   -0.16 (max dev 0.05)  ch2   +1.66 (max dev 0.06)  ch3   +2.64 (max dev 0.06)
[meter] 2.4000 GHz  windows 3991  with tone 3252  worst SNR 9.2 dB | ch1   +0.50 (max dev 0.07)  ch2   +0.60 (max dev 0.09)  ch3   +0.89 (max dev 0.09)
[meter] 5.2000 GHz  windows 3990  with tone 704  worst SNR 8.8 dB | ch1   +0.11 (max dev 0.06)  ch2   +1.41 (max dev 0.15)  ch3   +1.84 (max dev 0.13)
[meter] 5.8000 GHz  windows 3990  with tone 36  worst SNR 9.2 dB | ch1   -0.16 (max dev 0.05)  ch2   +1.66 (max dev 0.06)  ch3   +2.64 (max dev 0.06)
[meter] 2.4000 GHz  windows 4074  with tone 3252  worst SNR 9.2 dB | ch1   +0.50 (max dev 0.07)  ch2   +0.60 (max dev 0.09)  ch3   +0.89 (max dev 0.09)
[meter] 5.2000 GHz  windows 4073  with tone 787  worst SNR 8.8 dB | ch1   +0.09 (max dev 0.08)  ch2   +1.51 (max dev 0.45)  ch3   +1.95 (max dev 0.46)
[meter] 5.8000 GHz  windows 4073  with tone 36  worst SNR 9.2 dB | ch1   -0.16 (max dev 0.05)  ch2   +1.66 (max dev 0.06)  ch3   +2.64 (max dev 0.06)
[meter] 2.4000 GHz  windows 4074  with tone 3252  worst SNR 9.2 dB | ch1   +0.50 (max dev 0.07)  ch2   +0.60 (max dev 0.09)  ch3   +0.89 (max dev 0.09)
[meter] 2.4000 GHz  windows 4074  with tone 3252  worst SNR 9.2 dB | ch1   +0.50 (max dev 0.07)  ch2   +0.60 (max dev 0.09)  ch3   +0.89 (max dev 0.09)
[meter] 5.2000 GHz  windows 4074  with tone 788  worst SNR 8.8 dB | ch1   +0.09 (max dev 0.08)  ch2   +1.51 (max dev 0.45)  ch3   +1.96 (max dev 0.46)
[meter] 5.8000 GHz  windows 4073  with tone 36  worst SNR 9.2 dB | ch1   -0.16 (max dev 0.05)  ch2   +1.66 (max dev 0.06)  ch3   +2.64 (max dev 0.06)
[meter] 5.2000 GHz  windows 4074  with tone 788  worst SNR 8.8 dB | ch1   +0.09 (max dev 0.08)  ch2   +1.51 (max dev 0.45)  ch3   +1.96 (max dev 0.46)
[meter] 5.8000 GHz  windows 4073  with tone 36  worst SNR 9.2 dB | ch1   -0.16 (max dev 0.05)  ch2   +1.66 (max dev 0.06)  ch3   +2.64 (max dev 0.06)
[meter] 2.4000 GHz  windows 4157  with tone 3252  worst SNR 9.2 dB | ch1   +0.50 (max dev 0.07)  ch2   +0.60 (max dev 0.09)  ch3   +0.89 (max dev 0.09)
[meter] 5.2000 GHz  windows 4157  with tone 871  worst SNR 8.8 dB | ch1   +0.08 (max dev 0.09)  ch2   +1.66 (max dev 0.44)  ch3   +2.12 (max dev 0.40)
[meter] 5.8000 GHz  windows 4156  with tone 36  worst SNR 9.2 dB | ch1   -0.16 (max dev 0.05)  ch2   +1.66 (max dev 0.06)  ch3   +2.64 (max dev 0.06)
[meter] 2.4000 GHz  windows 4157  with tone 3252  worst SNR 9.2 dB | ch1   +0.50 (max dev 0.07)  ch2   +0.60 (max dev 0.09)  ch3   +0.89 (max dev 0.09)
[meter] 5.2000 GHz  windows 4157  with tone 871  worst SNR 8.8 dB | ch1   +0.08 (max dev 0.09)  ch2   +1.66 (max dev 0.44)  ch3   +2.12 (max dev 0.40)
[meter] 2.4000 GHz  windows 4157  with tone 3252  worst SNR 9.2 dB | ch1   +0.50 (max dev 0.07)  ch2   +0.60 (max dev 0.09)  ch3   +0.89 (max dev 0.09)
[meter] 5.8000 GHz  windows 4157  with tone 36  worst SNR 9.2 dB | ch1   -0.16 (max dev 0.05)  ch2   +1.66 (max dev 0.06)  ch3   +2.64 (max dev 0.06)
[meter] 5.2000 GHz  windows 4157  with tone 871  worst SNR 8.8 dB | ch1   +0.08 (max dev 0.09)  ch2   +1.66 (max dev 0.44)  ch3   +2.12 (max dev 0.40)
[meter] 5.8000 GHz  windows 4157  with tone 36  worst SNR 9.2 dB | ch1   -0.16 (max dev 0.05)  ch2   +1.66 (max dev 0.06)  ch3   +2.64 (max dev 0.06)
[meter] 2.4000 GHz  windows 4240  with tone 3252  worst SNR 9.2 dB | ch1   +0.50 (max dev 0.07)  ch2   +0.60 (max dev 0.09)  ch3   +0.89 (max dev 0.09)
[meter] 5.2000 GHz  windows 4240  with tone 954  worst SNR 8.8 dB | ch1   +0.10 (max dev 0.14)  ch2   +1.82 (max dev 0.38)  ch3   +2.30 (max dev 0.27)
[meter] 5.8000 GHz  windows 4240  with tone 36  worst SNR 9.2 dB | ch1   -0.16 (max dev 0.05)  ch2   +1.66 (max dev 0.06)  ch3   +2.64 (max dev 0.06)
[meter] 2.4000 GHz  windows 4241  with tone 3252  worst SNR 9.2 dB | ch1   +0.50 (max dev 0.07)  ch2   +0.60 (max dev 0.09)  ch3   +0.89 (max dev 0.09)
[meter] 2.4000 GHz  windows 4241  with tone 3252  worst SNR 9.2 dB | ch1   +0.50 (max dev 0.07)  ch2   +0.60 (max dev 0.09)  ch3   +0.89 (max dev 0.09)
[meter] 5.2000 GHz  windows 4240  with tone 954  worst SNR 8.8 dB | ch1   +0.10 (max dev 0.14)  ch2   +1.82 (max dev 0.38)  ch3   +2.30 (max dev 0.27)
[meter] 5.8000 GHz  windows 4240  with tone 36  worst SNR 9.2 dB | ch1   -0.16 (max dev 0.05)  ch2   +1.66 (max dev 0.06)  ch3   +2.64 (max dev 0.06)
[meter] 5.2000 GHz  windows 4240  with tone 954  worst SNR 8.8 dB | ch1   +0.10 (max dev 0.14)  ch2   +1.82 (max dev 0.38)  ch3   +2.30 (max dev 0.27)
[meter] 5.8000 GHz  windows 4240  with tone 36  worst SNR 9.2 dB | ch1   -0.16 (max dev 0.05)  ch2   +1.66 (max dev 0.06)  ch3   +2.64 (max dev 0.06)
[meter] 2.4000 GHz  windows 4324  with tone 3252  worst SNR 9.2 dB | ch1   +0.50 (max dev 0.07)  ch2   +0.60 (max dev 0.09)  ch3   +0.89 (max dev 0.09)
[meter] 5.2000 GHz  windows 4323  with tone 1037  worst SNR 8.8 dB | ch1   +0.13 (max dev 0.13)  ch2   +1.87 (max dev 0.43)  ch3   +2.36 (max dev 0.33)
[meter] 5.8000 GHz  windows 4323  with tone 36  worst SNR 9.2 dB | ch1   -0.16 (max dev 0.05)  ch2   +1.66 (max dev 0.06)  ch3   +2.64 (max dev 0.06)
[meter] 2.4000 GHz  windows 4324  with tone 3252  worst SNR 9.2 dB | ch1   +0.50 (max dev 0.07)  ch2   +0.60 (max dev 0.09)  ch3   +0.89 (max dev 0.09)
[meter] 2.4000 GHz  windows 4324  with tone 3252  worst SNR 9.2 dB | ch1   +0.50 (max dev 0.07)  ch2   +0.60 (max dev 0.09)  ch3   +0.89 (max dev 0.09)
[meter] 5.2000 GHz  windows 4324  with tone 1038  worst SNR 8.8 dB | ch1   +0.13 (max dev 0.13)  ch2   +1.87 (max dev 0.43)  ch3   +2.36 (max dev 0.33)
[meter] 5.2000 GHz  windows 4324  with tone 1038  worst SNR 8.8 dB | ch1   +0.13 (max dev 0.13)  ch2   +1.87 (max dev 0.43)  ch3   +2.36 (max dev 0.33)
[meter] 5.8000 GHz  windows 4324  with tone 36  worst SNR 9.2 dB | ch1   -0.16 (max dev 0.05)  ch2   +1.66 (max dev 0.06)  ch3   +2.64 (max dev 0.06)
[meter] 5.8000 GHz  windows 4324  with tone 36  worst SNR 9.2 dB | ch1   -0.16 (max dev 0.05)  ch2   +1.66 (max dev 0.06)  ch3   +2.64 (max dev 0.06)
[meter] 2.4000 GHz  windows 4407  with tone 3252  worst SNR 9.2 dB | ch1   +0.50 (max dev 0.07)  ch2   +0.60 (max dev 0.09)  ch3   +0.89 (max dev 0.09)
[meter] 5.2000 GHz  windows 4407  with tone 1121  worst SNR 8.8 dB | ch1   +0.13 (max dev 0.13)  ch2   +1.86 (max dev 0.20)  ch3   +2.37 (max dev 0.18)
[meter] 5.8000 GHz  windows 4406  with tone 36  worst SNR 9.2 dB | ch1   -0.16 (max dev 0.05)  ch2   +1.66 (max dev 0.06)  ch3   +2.64 (max dev 0.06)
[meter] 2.4000 GHz  windows 4408  with tone 3252  worst SNR 9.2 dB | ch1   +0.50 (max dev 0.07)  ch2   +0.60 (max dev 0.09)  ch3   +0.89 (max dev 0.09)
[meter] 5.2000 GHz  windows 4407  with tone 1121  worst SNR 8.8 dB | ch1   +0.13 (max dev 0.13)  ch2   +1.86 (max dev 0.20)  ch3   +2.37 (max dev 0.18)
[meter] 5.8000 GHz  windows 4407  with tone 36  worst SNR 9.2 dB | ch1   -0.16 (max dev 0.05)  ch2   +1.66 (max dev 0.06)  ch3   +2.64 (max dev 0.06)
[meter] 2.4000 GHz  windows 4408  with tone 3252  worst SNR 9.2 dB | ch1   +0.50 (max dev 0.07)  ch2   +0.60 (max dev 0.09)  ch3   +0.89 (max dev 0.09)
[meter] 5.2000 GHz  windows 4407  with tone 1121  worst SNR 8.8 dB | ch1   +0.13 (max dev 0.13)  ch2   +1.86 (max dev 0.20)  ch3   +2.37 (max dev 0.18)
[meter] 5.8000 GHz  windows 4407  with tone 36  worst SNR 9.2 dB | ch1   -0.16 (max dev 0.05)  ch2   +1.66 (max dev 0.06)  ch3   +2.64 (max dev 0.06)
[meter] 2.4000 GHz  windows 4490  with tone 3252  worst SNR 9.2 dB | ch1   +0.50 (max dev 0.07)  ch2   +0.60 (max dev 0.09)  ch3   +0.89 (max dev 0.09)
[meter] 5.2000 GHz  windows 4490  with tone 1204  worst SNR 8.8 dB | ch1   +0.10 (max dev 0.16)  ch2   +1.79 (max dev 0.25)  ch3   +2.31 (max dev 0.24)
[meter] 5.8000 GHz  windows 4490  with tone 36  worst SNR 9.2 dB | ch1   -0.16 (max dev 0.05)  ch2   +1.66 (max dev 0.06)  ch3   +2.64 (max dev 0.06)
[meter] 2.4000 GHz  windows 4491  with tone 3252  worst SNR 9.2 dB | ch1   +0.50 (max dev 0.07)  ch2   +0.60 (max dev 0.09)  ch3   +0.89 (max dev 0.09)
[meter] 2.4000 GHz  windows 4491  with tone 3252  worst SNR 9.2 dB | ch1   +0.50 (max dev 0.07)  ch2   +0.60 (max dev 0.09)  ch3   +0.89 (max dev 0.09)
[meter] 5.2000 GHz  windows 4491  with tone 1205  worst SNR 8.8 dB | ch1   +0.10 (max dev 0.16)  ch2   +1.79 (max dev 0.25)  ch3   +2.31 (max dev 0.24)
[meter] 5.8000 GHz  windows 4490  with tone 36  worst SNR 9.2 dB | ch1   -0.16 (max dev 0.05)  ch2   +1.66 (max dev 0.06)  ch3   +2.64 (max dev 0.06)
[meter] 5.2000 GHz  windows 4491  with tone 1205  worst SNR 8.8 dB | ch1   +0.10 (max dev 0.16)  ch2   +1.79 (max dev 0.25)  ch3   +2.31 (max dev 0.24)
[meter] 5.8000 GHz  windows 4490  with tone 36  worst SNR 9.2 dB | ch1   -0.16 (max dev 0.05)  ch2   +1.66 (max dev 0.06)  ch3   +2.64 (max dev 0.06)
[radio] calibration tone parked on 2.4000 GHz
[meter] 2.4000 GHz  windows 4574  with tone 3263  worst SNR 9.2 dB | ch1   +0.50 (max dev 0.07)  ch2   +0.61 (max dev 0.09)  ch3   +0.89 (max dev 0.10)
[meter] 5.2000 GHz  windows 4573  with tone 1277  worst SNR 8.8 dB | ch1   +0.11 (max dev 0.08)  ch2   +1.72 (max dev 0.20)  ch3   +2.23 (max dev 0.22)
[meter] 5.8000 GHz  windows 4573  with tone 36  worst SNR 9.2 dB | ch1   -0.16 (max dev 0.05)  ch2   +1.66 (max dev 0.06)  ch3   +2.64 (max dev 0.06)
[meter] 2.4000 GHz  windows 4574  with tone 3263  worst SNR 9.2 dB | ch1   +0.50 (max dev 0.07)  ch2   +0.61 (max dev 0.09)  ch3   +0.89 (max dev 0.10)
[meter] 2.4000 GHz  windows 4574  with tone 3263  worst SNR 9.2 dB | ch1   +0.50 (max dev 0.07)  ch2   +0.61 (max dev 0.09)  ch3   +0.89 (max dev 0.10)
[meter] 5.2000 GHz  windows 4574  with tone 1277  worst SNR 8.8 dB | ch1   +0.11 (max dev 0.08)  ch2   +1.72 (max dev 0.20)  ch3   +2.23 (max dev 0.22)
[meter] 5.8000 GHz  windows 4574  with tone 36  worst SNR 9.2 dB | ch1   -0.16 (max dev 0.05)  ch2   +1.66 (max dev 0.06)  ch3   +2.64 (max dev 0.06)
[meter] 5.2000 GHz  windows 4574  with tone 1277  worst SNR 8.8 dB | ch1   +0.11 (max dev 0.08)  ch2   +1.72 (max dev 0.20)  ch3   +2.23 (max dev 0.22)
[meter] 5.8000 GHz  windows 4574  with tone 36  worst SNR 9.2 dB | ch1   -0.16 (max dev 0.05)  ch2   +1.66 (max dev 0.06)  ch3   +2.64 (max dev 0.06)
[meter] 2.4000 GHz  windows 4657  with tone 3346  worst SNR 9.2 dB | ch1   +0.51 (max dev 0.07)  ch2   +0.62 (max dev 0.07)  ch3   +0.92 (max dev 0.09)
[meter] 5.2000 GHz  windows 4657  with tone 1277  worst SNR 8.8 dB | ch1   +0.11 (max dev 0.08)  ch2   +1.72 (max dev 0.20)  ch3   +2.23 (max dev 0.22)
[meter] 5.8000 GHz  windows 4656  with tone 36  worst SNR 9.2 dB | ch1   -0.16 (max dev 0.05)  ch2   +1.66 (max dev 0.06)  ch3   +2.64 (max dev 0.06)
[meter] 2.4000 GHz  windows 4658  with tone 3347  worst SNR 9.2 dB | ch1   +0.51 (max dev 0.07)  ch2   +0.62 (max dev 0.07)  ch3   +0.92 (max dev 0.09)
[meter] 2.4000 GHz  windows 4658  with tone 3347  worst SNR 9.2 dB | ch1   +0.51 (max dev 0.07)  ch2   +0.62 (max dev 0.07)  ch3   +0.92 (max dev 0.09)
[meter] 5.2000 GHz  windows 4657  with tone 1277  worst SNR 8.8 dB | ch1   +0.11 (max dev 0.08)  ch2   +1.72 (max dev 0.20)  ch3   +2.23 (max dev 0.22)
[meter] 5.8000 GHz  windows 4657  with tone 36  worst SNR 9.2 dB | ch1   -0.16 (max dev 0.05)  ch2   +1.66 (max dev 0.06)  ch3   +2.64 (max dev 0.06)
[meter] 5.2000 GHz  windows 4657  with tone 1277  worst SNR 8.8 dB | ch1   +0.11 (max dev 0.08)  ch2   +1.72 (max dev 0.20)  ch3   +2.23 (max dev 0.22)
[meter] 5.8000 GHz  windows 4657  with tone 36  worst SNR 9.2 dB | ch1   -0.16 (max dev 0.05)  ch2   +1.66 (max dev 0.06)  ch3   +2.64 (max dev 0.06)
[meter] 2.4000 GHz  windows 4740  with tone 3429  worst SNR 9.2 dB | ch1   +0.53 (max dev 0.08)  ch2   +0.64 (max dev 0.09)  ch3   +0.95 (max dev 0.10)
[meter] 5.2000 GHz  windows 4740  with tone 1277  worst SNR 8.8 dB | ch1   +0.11 (max dev 0.08)  ch2   +1.72 (max dev 0.20)  ch3   +2.23 (max dev 0.22)
[meter] 5.8000 GHz  windows 4740  with tone 36  worst SNR 9.2 dB | ch1   -0.16 (max dev 0.05)  ch2   +1.66 (max dev 0.06)  ch3   +2.64 (max dev 0.06)
[meter] 2.4000 GHz  windows 4741  with tone 3430  worst SNR 9.2 dB | ch1   +0.53 (max dev 0.08)  ch2   +0.64 (max dev 0.09)  ch3   +0.95 (max dev 0.10)[meter] 2.4000 GHz  windows 4741  with tone 3430  worst SNR 9.2 dB | ch1   +0.53 (max dev 0.08)  ch2   +0.64 (max dev 0.09)  ch3   +0.95 (max dev 0.10)

[meter] 5.2000 GHz  windows 4741  with tone 1277  worst SNR 8.8 dB | ch1   +0.11 (max dev 0.08)  ch2   +1.72 (max dev 0.20)  ch3   +2.23 (max dev 0.22)
[meter] 5.2000 GHz  windows 4741  with tone 1277  worst SNR 8.8 dB | ch1   +0.11 (max dev 0.08)  ch2   +1.72 (max dev 0.20)  ch3   +2.23 (max dev 0.22)
[meter] 5.8000 GHz  windows 4740  with tone 36  worst SNR 9.2 dB | ch1   -0.16 (max dev 0.05)  ch2   +1.66 (max dev 0.06)  ch3   +2.64 (max dev 0.06)
[meter] 5.8000 GHz  windows 4740  with tone 36  worst SNR 9.2 dB | ch1   -0.16 (max dev 0.05)  ch2   +1.66 (max dev 0.06)  ch3   +2.64 (max dev 0.06)
[meter] 2.4000 GHz  windows 4824  with tone 3513  worst SNR 9.2 dB | ch1   +0.53 (max dev 0.09)  ch2   +0.66 (max dev 0.07)  ch3   +0.97 (max dev 0.08)
[meter] 5.2000 GHz  windows 4823  with tone 1277  worst SNR 8.8 dB | ch1   +0.11 (max dev 0.08)  ch2   +1.72 (max dev 0.20)  ch3   +2.23 (max dev 0.22)
[meter] 5.8000 GHz  windows 4823  with tone 36  worst SNR 9.2 dB | ch1   -0.16 (max dev 0.05)  ch2   +1.66 (max dev 0.06)  ch3   +2.64 (max dev 0.06)
[meter] 2.4000 GHz  windows 4824  with tone 3513  worst SNR 9.2 dB | ch1   +0.53 (max dev 0.09)  ch2   +0.66 (max dev 0.07)  ch3   +0.97 (max dev 0.08)
[meter] 2.4000 GHz  windows 4824  with tone 3513  worst SNR 9.2 dB | ch1   +0.53 (max dev 0.09)  ch2   +0.66 (max dev 0.07)  ch3   +0.97 (max dev 0.08)
[meter] 5.2000 GHz  windows 4824  with tone 1277  worst SNR 8.8 dB | ch1   +0.11 (max dev 0.08)  ch2   +1.72 (max dev 0.20)  ch3   +2.23 (max dev 0.22)
[meter] 5.8000 GHz  windows 4824  with tone 36  worst SNR 9.2 dB | ch1   -0.16 (max dev 0.05)  ch2   +1.66 (max dev 0.06)  ch3   +2.64 (max dev 0.06)
[meter] 5.2000 GHz  windows 4824  with tone 1277  worst SNR 8.8 dB | ch1   +0.11 (max dev 0.08)  ch2   +1.72 (max dev 0.20)  ch3   +2.23 (max dev 0.22)
[meter] 5.8000 GHz  windows 4824  with tone 36  worst SNR 9.2 dB | ch1   -0.16 (max dev 0.05)  ch2   +1.66 (max dev 0.06)  ch3   +2.64 (max dev 0.06)
[meter] 2.4000 GHz  windows 4907  with tone 3596  worst SNR 9.2 dB | ch1   +0.54 (max dev 0.06)  ch2   +0.66 (max dev 0.08)  ch3   +0.97 (max dev 0.07)
[meter] 5.2000 GHz  windows 4907  with tone 1277  worst SNR 8.8 dB | ch1   +0.11 (max dev 0.08)  ch2   +1.72 (max dev 0.20)  ch3   +2.23 (max dev 0.22)
[meter] 5.8000 GHz  windows 4907  with tone 36  worst SNR 9.2 dB | ch1   -0.16 (max dev 0.05)  ch2   +1.66 (max dev 0.06)  ch3   +2.64 (max dev 0.06)
[meter] 2.4000 GHz  windows 4908  with tone 3597  worst SNR 9.2 dB | ch1   +0.54 (max dev 0.06)  ch2   +0.66 (max dev 0.08)  ch3   +0.97 (max dev 0.07)
[meter] 2.4000 GHz  windows 4908  with tone 3597  worst SNR 9.2 dB | ch1   +0.54 (max dev 0.06)  ch2   +0.66 (max dev 0.08)  ch3   +0.97 (max dev 0.07)
[meter] 5.2000 GHz  windows 4907  with tone 1277  worst SNR 8.8 dB | ch1   +0.11 (max dev 0.08)  ch2   +1.72 (max dev 0.20)  ch3   +2.23 (max dev 0.22)
[meter] 5.8000 GHz  windows 4907  with tone 36  worst SNR 9.2 dB | ch1   -0.16 (max dev 0.05)  ch2   +1.66 (max dev 0.06)  ch3   +2.64 (max dev 0.06)
[meter] 5.2000 GHz  windows 4907  with tone 1277  worst SNR 8.8 dB | ch1   +0.11 (max dev 0.08)  ch2   +1.72 (max dev 0.20)  ch3   +2.23 (max dev 0.22)
[meter] 5.8000 GHz  windows 4907  with tone 36  worst SNR 9.2 dB | ch1   -0.16 (max dev 0.05)  ch2   +1.66 (max dev 0.06)  ch3   +2.64 (max dev 0.06)
[meter] 2.4000 GHz  windows 4991  with tone 3680  worst SNR 9.2 dB | ch1   +0.54 (max dev 0.06)  ch2   +0.66 (max dev 0.08)  ch3   +0.97 (max dev 0.09)
[meter] 5.2000 GHz  windows 4990  with tone 1277  worst SNR 8.8 dB | ch1   +0.11 (max dev 0.08)  ch2   +1.72 (max dev 0.20)  ch3   +2.23 (max dev 0.22)
[meter] 5.8000 GHz  windows 4990  with tone 36  worst SNR 9.2 dB | ch1   -0.16 (max dev 0.05)  ch2   +1.66 (max dev 0.06)  ch3   +2.64 (max dev 0.06)
[meter] 2.4000 GHz  windows 4991  with tone 3680  worst SNR 9.2 dB | ch1   +0.54 (max dev 0.06)  ch2   +0.66 (max dev 0.08)  ch3   +0.97 (max dev 0.09)
[meter] 2.4000 GHz  windows 4991  with tone 3680  worst SNR 9.2 dB | ch1   +0.54 (max dev 0.06)  ch2   +0.66 (max dev 0.08)  ch3   +0.97 (max dev 0.09)
[meter] 5.2000 GHz  windows 4991  with tone 1277  worst SNR 8.8 dB | ch1   +0.11 (max dev 0.08)  ch2   +1.72 (max dev 0.20)  ch3   +2.23 (max dev 0.22)
[meter] 5.2000 GHz  windows 4991  with tone 1277  worst SNR 8.8 dB | ch1   +0.11 (max dev 0.08)  ch2   +1.72 (max dev 0.20)  ch3   +2.23 (max dev 0.22)
[meter] 5.8000 GHz  windows 4990  with tone 36  worst SNR 9.2 dB | ch1   -0.16 (max dev 0.05)  ch2   +1.66 (max dev 0.06)  ch3   +2.64 (max dev 0.06)
[meter] 5.8000 GHz  windows 4990  with tone 36  worst SNR 9.2 dB | ch1   -0.16 (max dev 0.05)  ch2   +1.66 (max dev 0.06)  ch3   +2.64 (max dev 0.06)
[meter] 2.4000 GHz  windows 5074  with tone 3763  worst SNR 9.2 dB | ch1   +0.54 (max dev 0.08)  ch2   +0.67 (max dev 0.08)  ch3   +0.99 (max dev 0.10)
[meter] 5.2000 GHz  windows 5074  with tone 1277  worst SNR 8.8 dB | ch1   +0.11 (max dev 0.08)  ch2   +1.72 (max dev 0.20)  ch3   +2.23 (max dev 0.22)
[meter] 5.8000 GHz  windows 5073  with tone 36  worst SNR 9.2 dB | ch1   -0.16 (max dev 0.05)  ch2   +1.66 (max dev 0.06)  ch3   +2.64 (max dev 0.06)
[meter] 2.4000 GHz  windows 5074  with tone 3763  worst SNR 9.2 dB | ch1   +0.54 (max dev 0.08)  ch2   +0.67 (max dev 0.08)  ch3   +0.99 (max dev 0.10)
[meter] 2.4000 GHz  windows 5074  with tone 3763  worst SNR 9.2 dB | ch1   +0.54 (max dev 0.08)  ch2   +0.67 (max dev 0.08)  ch3   +0.99 (max dev 0.10)
[meter] 5.2000 GHz  windows 5074  with tone 1277  worst SNR 8.8 dB | ch1   +0.11 (max dev 0.08)  ch2   +1.72 (max dev 0.20)  ch3   +2.23 (max dev 0.22)
[meter] 5.2000 GHz  windows 5074  with tone 1277  worst SNR 8.8 dB | ch1   +0.11 (max dev 0.08)  ch2   +1.72 (max dev 0.20)  ch3   +2.23 (max dev 0.22)
[meter] 5.8000 GHz  windows 5074  with tone 36  worst SNR 9.2 dB | ch1   -0.16 (max dev 0.05)  ch2   +1.66 (max dev 0.06)  ch3   +2.64 (max dev 0.06)
[meter] 5.8000 GHz  windows 5074  with tone 36  worst SNR 9.2 dB | ch1   -0.16 (max dev 0.05)  ch2   +1.66 (max dev 0.06)  ch3   +2.64 (max dev 0.06)
[meter] 2.4000 GHz  windows 5158  with tone 3847  worst SNR 9.2 dB | ch1   +0.54 (max dev 0.08)  ch2   +0.68 (max dev 0.08)  ch3   +1.00 (max dev 0.09)
[meter] 5.2000 GHz  windows 5157  with tone 1277  worst SNR 8.8 dB | ch1   +0.11 (max dev 0.08)  ch2   +1.72 (max dev 0.20)  ch3   +2.23 (max dev 0.22)
[meter] 5.8000 GHz  windows 5157  with tone 36  worst SNR 9.1 dB | ch1   -0.16 (max dev 0.05)  ch2   +1.66 (max dev 0.06)  ch3   +2.64 (max dev 0.06)
[meter] 2.4000 GHz  windows 5158  with tone 3847  worst SNR 9.2 dB | ch1   +0.54 (max dev 0.08)  ch2   +0.68 (max dev 0.08)  ch3   +1.00 (max dev 0.09)
[meter] 5.2000 GHz  windows 5158  with tone 1277  worst SNR 8.8 dB | ch1   +0.11 (max dev 0.08)  ch2   +1.72 (max dev 0.20)  ch3   +2.23 (max dev 0.22)
[meter] 2.4000 GHz  windows 5158  with tone 3847  worst SNR 9.2 dB | ch1   +0.54 (max dev 0.08)  ch2   +0.68 (max dev 0.08)  ch3   +1.00 (max dev 0.09)
[meter] 5.8000 GHz  windows 5157  with tone 36  worst SNR 9.1 dB | ch1   -0.16 (max dev 0.05)  ch2   +1.66 (max dev 0.06)  ch3   +2.64 (max dev 0.06)
[meter] 5.2000 GHz  windows 5158  with tone 1277  worst SNR 8.8 dB | ch1   +0.11 (max dev 0.08)  ch2   +1.72 (max dev 0.20)  ch3   +2.23 (max dev 0.22)
[meter] 5.8000 GHz  windows 5157  with tone 36  worst SNR 9.1 dB | ch1   -0.16 (max dev 0.05)  ch2   +1.66 (max dev 0.06)  ch3   +2.64 (max dev 0.06)
[meter] 2.4000 GHz  windows 5241  with tone 3930  worst SNR 9.2 dB | ch1   +0.54 (max dev 0.08)  ch2   +0.69 (max dev 0.09)  ch3   +1.01 (max dev 0.08)
[meter] 5.2000 GHz  windows 5241  with tone 1277  worst SNR 8.8 dB | ch1   +0.11 (max dev 0.08)  ch2   +1.72 (max dev 0.20)  ch3   +2.23 (max dev 0.22)
[meter] 5.8000 GHz  windows 5240  with tone 36  worst SNR 9.1 dB | ch1   -0.16 (max dev 0.05)  ch2   +1.66 (max dev 0.06)  ch3   +2.64 (max dev 0.06)
[meter] 2.4000 GHz  windows 5241  with tone 3930  worst SNR 9.2 dB | ch1   +0.54 (max dev 0.08)  ch2   +0.69 (max dev 0.09)  ch3   +1.01 (max dev 0.08)
[meter] 5.2000 GHz  windows 5241  with tone 1277  worst SNR 8.8 dB | ch1   +0.11 (max dev 0.08)  ch2   +1.72 (max dev 0.20)  ch3   +2.23 (max dev 0.22)
[meter] 5.8000 GHz  windows 5241  with tone 36  worst SNR 9.1 dB | ch1   -0.16 (max dev 0.05)  ch2   +1.66 (max dev 0.06)  ch3   +2.64 (max dev 0.06)
[meter] 2.4000 GHz  windows 5241  with tone 3930  worst SNR 9.2 dB | ch1   +0.54 (max dev 0.08)  ch2   +0.69 (max dev 0.09)  ch3   +1.01 (max dev 0.08)
[meter] 5.2000 GHz  windows 5241  with tone 1277  worst SNR 8.8 dB | ch1   +0.11 (max dev 0.08)  ch2   +1.72 (max dev 0.20)  ch3   +2.23 (max dev 0.22)
[meter] 5.8000 GHz  windows 5241  with tone 36  worst SNR 9.1 dB | ch1   -0.16 (max dev 0.05)  ch2   +1.66 (max dev 0.06)  ch3   +2.64 (max dev 0.06)
[meter] 2.4000 GHz  windows 5324  with tone 4013  worst SNR 9.2 dB | ch1   +0.54 (max dev 0.06)  ch2   +0.70 (max dev 0.27)  ch3   +1.01 (max dev 0.26)
[meter] 5.2000 GHz  windows 5324  with tone 1277  worst SNR 8.8 dB | ch1   +0.11 (max dev 0.08)  ch2   +1.72 (max dev 0.20)  ch3   +2.23 (max dev 0.22)
[meter] 5.8000 GHz  windows 5324  with tone 36  worst SNR 9.1 dB | ch1   -0.16 (max dev 0.05)  ch2   +1.66 (max dev 0.06)  ch3   +2.64 (max dev 0.06)
[meter] 2.4000 GHz  windows 5325  with tone 4014  worst SNR 9.2 dB | ch1   +0.54 (max dev 0.06)  ch2   +0.70 (max dev 0.27)  ch3   +1.01 (max dev 0.26)
[meter] 2.4000 GHz  windows 5325  with tone 4014  worst SNR 9.2 dB | ch1   +0.54 (max dev 0.06)  ch2   +0.70 (max dev 0.27)  ch3   +1.01 (max dev 0.26)
[meter] 5.2000 GHz  windows 5324  with tone 1277  worst SNR 8.8 dB | ch1   +0.11 (max dev 0.08)  ch2   +1.72 (max dev 0.20)  ch3   +2.23 (max dev 0.22)
[meter] 5.2000 GHz  windows 5324  with tone 1277  worst SNR 8.8 dB | ch1   +0.11 (max dev 0.08)  ch2   +1.72 (max dev 0.20)  ch3   +2.23 (max dev 0.22)
[meter] 5.8000 GHz  windows 5324  with tone 36  worst SNR 9.1 dB | ch1   -0.16 (max dev 0.05)  ch2   +1.66 (max dev 0.06)  ch3   +2.64 (max dev 0.06)
[meter] 5.8000 GHz  windows 5324  with tone 36  worst SNR 9.1 dB | ch1   -0.16 (max dev 0.05)  ch2   +1.66 (max dev 0.06)  ch3   +2.64 (max dev 0.06)
[meter] 2.4000 GHz  windows 5408  with tone 4097  worst SNR 9.2 dB | ch1   +0.54 (max dev 0.06)  ch2   +0.70 (max dev 0.27)  ch3   +1.02 (max dev 0.26)
[meter] 5.2000 GHz  windows 5407  with tone 1277  worst SNR 8.8 dB | ch1   +0.11 (max dev 0.08)  ch2   +1.72 (max dev 0.20)  ch3   +2.23 (max dev 0.22)
[meter] 5.8000 GHz  windows 5407  with tone 36  worst SNR 9.1 dB | ch1   -0.16 (max dev 0.05)  ch2   +1.66 (max dev 0.06)  ch3   +2.64 (max dev 0.06)
[meter] 2.4000 GHz  windows 5408  with tone 4097  worst SNR 9.2 dB | ch1   +0.54 (max dev 0.06)  ch2   +0.70 (max dev 0.27)  ch3   +1.02 (max dev 0.26)
[meter] 2.4000 GHz  windows 5408  with tone 4097  worst SNR 9.2 dB | ch1   +0.54 (max dev 0.06)  ch2   +0.70 (max dev 0.27)  ch3   +1.02 (max dev 0.26)
[meter] 5.2000 GHz  windows 5408  with tone 1277  worst SNR 8.8 dB | ch1   +0.11 (max dev 0.08)  ch2   +1.72 (max dev 0.20)  ch3   +2.23 (max dev 0.22)
[meter] 5.2000 GHz  windows 5408  with tone 1277  worst SNR 8.8 dB | ch1   +0.11 (max dev 0.08)  ch2   +1.72 (max dev 0.20)  ch3   +2.23 (max dev 0.22)
[meter] 5.8000 GHz  windows 5407  with tone 36  worst SNR 9.1 dB | ch1   -0.16 (max dev 0.05)  ch2   +1.66 (max dev 0.06)  ch3   +2.64 (max dev 0.06)
[meter] 5.8000 GHz  windows 5407  with tone 36  worst SNR 9.1 dB | ch1   -0.16 (max dev 0.05)  ch2   +1.66 (max dev 0.06)  ch3   +2.64 (max dev 0.06)
[meter] 2.4000 GHz  windows 5491  with tone 4180  worst SNR 9.2 dB | ch1   +0.54 (max dev 0.07)  ch2   +0.71 (max dev 0.28)  ch3   +1.02 (max dev 0.27)
[meter] 5.2000 GHz  windows 5491  with tone 1277  worst SNR 8.8 dB | ch1   +0.11 (max dev 0.08)  ch2   +1.72 (max dev 0.20)  ch3   +2.23 (max dev 0.22)
[meter] 5.8000 GHz  windows 5490  with tone 36  worst SNR 9.1 dB | ch1   -0.16 (max dev 0.05)  ch2   +1.66 (max dev 0.06)  ch3   +2.64 (max dev 0.06)
[meter] 2.4000 GHz  windows 5491  with tone 4180  worst SNR 9.2 dB | ch1   +0.54 (max dev 0.07)  ch2   +0.71 (max dev 0.28)  ch3   +1.02 (max dev 0.27)[meter] 2.4000 GHz  windows 5491  with tone 4180  worst SNR 9.2 dB | ch1   +0.54 (max dev 0.07)  ch2   +0.71 (max dev 0.28)  ch3   +1.02 (max dev 0.27)

[meter] 5.2000 GHz  windows 5491  with tone 1277  worst SNR 8.8 dB | ch1   +0.11 (max dev 0.08)  ch2   +1.72 (max dev 0.20)  ch3   +2.23 (max dev 0.22)
[meter] 5.2000 GHz  windows 5491  with tone 1277  worst SNR 8.8 dB | ch1   +0.11 (max dev 0.08)  ch2   +1.72 (max dev 0.20)  ch3   +2.23 (max dev 0.22)
[meter] 5.8000 GHz  windows 5491  with tone 36  worst SNR 9.1 dB | ch1   -0.16 (max dev 0.05)  ch2   +1.66 (max dev 0.06)  ch3   +2.64 (max dev 0.06)
[meter] 5.8000 GHz  windows 5491  with tone 36  worst SNR 9.1 dB | ch1   -0.16 (max dev 0.05)  ch2   +1.66 (max dev 0.06)  ch3   +2.64 (max dev 0.06)
[meter] 2.4000 GHz  windows 5574  with tone 4263  worst SNR 9.2 dB | ch1   +0.55 (max dev 0.07)  ch2   +0.72 (max dev 0.07)  ch3   +1.03 (max dev 0.09)
[meter] 5.2000 GHz  windows 5574  with tone 1277  worst SNR 8.8 dB | ch1   +0.11 (max dev 0.08)  ch2   +1.72 (max dev 0.20)  ch3   +2.23 (max dev 0.22)
[meter] 5.8000 GHz  windows 5574  with tone 36  worst SNR 9.1 dB | ch1   -0.16 (max dev 0.05)  ch2   +1.66 (max dev 0.06)  ch3   +2.64 (max dev 0.06)
[meter] 2.4000 GHz  windows 5575  with tone 4264  worst SNR 9.2 dB | ch1   +0.55 (max dev 0.07)  ch2   +0.72 (max dev 0.07)  ch3   +1.03 (max dev 0.09)[meter] 2.4000 GHz  windows 5575  with tone 4264  worst SNR 9.2 dB | ch1   +0.55 (max dev 0.07)  ch2   +0.72 (max dev 0.07)  ch3   +1.03 (max dev 0.09)

[meter] 5.2000 GHz  windows 5574  with tone 1277  worst SNR 8.8 dB | ch1   +0.11 (max dev 0.08)  ch2   +1.72 (max dev 0.20)  ch3   +2.23 (max dev 0.22)[meter] 5.2000 GHz  windows 5574  with tone 1277  worst SNR 8.8 dB | ch1   +0.11 (max dev 0.08)  ch2   +1.72 (max dev 0.20)  ch3   +2.23 (max dev 0.22)

[meter] 5.8000 GHz  windows 5574  with tone 36  worst SNR 9.1 dB | ch1   -0.16 (max dev 0.05)  ch2   +1.66 (max dev 0.06)  ch3   +2.64 (max dev 0.06)
[meter] 5.8000 GHz  windows 5574  with tone 36  worst SNR 9.1 dB | ch1   -0.16 (max dev 0.05)  ch2   +1.66 (max dev 0.06)  ch3   +2.64 (max dev 0.06)
[meter] 2.4000 GHz  windows 5658  with tone 4347  worst SNR 9.2 dB | ch1   +0.55 (max dev 0.07)  ch2   +0.72 (max dev 0.08)  ch3   +1.04 (max dev 0.08)
[meter] 5.2000 GHz  windows 5657  with tone 1277  worst SNR 8.8 dB | ch1   +0.11 (max dev 0.08)  ch2   +1.72 (max dev 0.20)  ch3   +2.23 (max dev 0.22)
[meter] 5.8000 GHz  windows 5657  with tone 36  worst SNR 9.1 dB | ch1   -0.16 (max dev 0.05)  ch2   +1.66 (max dev 0.06)  ch3   +2.64 (max dev 0.06)
[meter] 2.4000 GHz  windows 5658  with tone 4347  worst SNR 9.2 dB | ch1   +0.55 (max dev 0.07)  ch2   +0.72 (max dev 0.08)  ch3   +1.04 (max dev 0.08)
[meter] 2.4000 GHz  windows 5658  with tone 4347  worst SNR 9.2 dB | ch1   +0.55 (max dev 0.07)  ch2   +0.72 (max dev 0.08)  ch3   +1.04 (max dev 0.08)
[meter] 5.2000 GHz  windows 5658  with tone 1277  worst SNR 8.8 dB | ch1   +0.11 (max dev 0.08)  ch2   +1.72 (max dev 0.20)  ch3   +2.23 (max dev 0.22)
[meter] 5.8000 GHz  windows 5657  with tone 36  worst SNR 9.1 dB | ch1   -0.16 (max dev 0.05)  ch2   +1.66 (max dev 0.06)  ch3   +2.64 (max dev 0.06)
[meter] 5.2000 GHz  windows 5658  with tone 1277  worst SNR 8.8 dB | ch1   +0.11 (max dev 0.08)  ch2   +1.72 (max dev 0.20)  ch3   +2.23 (max dev 0.22)
[meter] 5.8000 GHz  windows 5657  with tone 36  worst SNR 9.1 dB | ch1   -0.16 (max dev 0.05)  ch2   +1.66 (max dev 0.06)  ch3   +2.64 (max dev 0.06)
[meter] 2.4000 GHz  windows 5741  with tone 4430  worst SNR 9.2 dB | ch1   +0.55 (max dev 0.05)  ch2   +0.73 (max dev 0.07)  ch3   +1.04 (max dev 0.07)
[meter] 5.2000 GHz  windows 5741  with tone 1277  worst SNR 8.8 dB | ch1   +0.11 (max dev 0.08)  ch2   +1.72 (max dev 0.20)  ch3   +2.23 (max dev 0.22)
[meter] 5.8000 GHz  windows 5740  with tone 36  worst SNR 9.1 dB | ch1   -0.16 (max dev 0.05)  ch2   +1.66 (max dev 0.06)  ch3   +2.64 (max dev 0.06)
[meter] 2.4000 GHz  windows 5741  with tone 4430  worst SNR 9.2 dB | ch1   +0.55 (max dev 0.05)  ch2   +0.73 (max dev 0.07)  ch3   +1.04 (max dev 0.07)[meter] 2.4000 GHz  windows 5741  with tone 4430  worst SNR 9.2 dB | ch1   +0.55 (max dev 0.05)  ch2   +0.73 (max dev 0.07)  ch3   +1.04 (max dev 0.07)

[meter] 5.2000 GHz  windows 5741  with tone 1277  worst SNR 8.8 dB | ch1   +0.11 (max dev 0.08)  ch2   +1.72 (max dev 0.20)  ch3   +2.23 (max dev 0.22)
[meter] 5.8000 GHz  windows 5741  with tone 36  worst SNR 9.1 dB | ch1   -0.16 (max dev 0.05)  ch2   +1.66 (max dev 0.06)  ch3   +2.64 (max dev 0.06)
[meter] 5.2000 GHz  windows 5741  with tone 1277  worst SNR 8.8 dB | ch1   +0.11 (max dev 0.08)  ch2   +1.72 (max dev 0.20)  ch3   +2.23 (max dev 0.22)
[meter] 5.8000 GHz  windows 5741  with tone 36  worst SNR 9.1 dB | ch1   -0.16 (max dev 0.05)  ch2   +1.66 (max dev 0.06)  ch3   +2.64 (max dev 0.06)
[meter] 2.4000 GHz  windows 5824  with tone 4513  worst SNR 9.2 dB | ch1   +0.55 (max dev 0.07)  ch2   +0.72 (max dev 0.08)  ch3   +1.04 (max dev 0.08)
[meter] 5.2000 GHz  windows 5824  with tone 1277  worst SNR 8.8 dB | ch1   +0.11 (max dev 0.08)  ch2   +1.72 (max dev 0.20)  ch3   +2.23 (max dev 0.22)
[meter] 5.8000 GHz  windows 5824  with tone 36  worst SNR 9.1 dB | ch1   -0.16 (max dev 0.05)  ch2   +1.66 (max dev 0.06)  ch3   +2.64 (max dev 0.06)
[meter] 2.4000 GHz  windows 5825  with tone 4514  worst SNR 9.2 dB | ch1   +0.55 (max dev 0.07)  ch2   +0.72 (max dev 0.08)  ch3   +1.04 (max dev 0.08)
[meter] 2.4000 GHz  windows 5825  with tone 4514  worst SNR 9.2 dB | ch1   +0.55 (max dev 0.07)  ch2   +0.72 (max dev 0.08)  ch3   +1.04 (max dev 0.08)
[meter] 5.2000 GHz  windows 5824  with tone 1277  worst SNR 8.8 dB | ch1   +0.11 (max dev 0.08)  ch2   +1.72 (max dev 0.20)  ch3   +2.23 (max dev 0.22)
[meter] 5.8000 GHz  windows 5824  with tone 36  worst SNR 9.1 dB | ch1   -0.16 (max dev 0.05)  ch2   +1.66 (max dev 0.06)  ch3   +2.64 (max dev 0.06)
[meter] 5.2000 GHz  windows 5824  with tone 1277  worst SNR 8.8 dB | ch1   +0.11 (max dev 0.08)  ch2   +1.72 (max dev 0.20)  ch3   +2.23 (max dev 0.22)
[meter] 5.8000 GHz  windows 5824  with tone 36  worst SNR 9.1 dB | ch1   -0.16 (max dev 0.05)  ch2   +1.66 (max dev 0.06)  ch3   +2.64 (max dev 0.06)
[meter] 2.4000 GHz  windows 5908  with tone 4597  worst SNR 9.2 dB | ch1   +0.56 (max dev 0.06)  ch2   +0.71 (max dev 0.06)  ch3   +1.03 (max dev 0.09)
[meter] 5.2000 GHz  windows 5908  with tone 1277  worst SNR 8.8 dB | ch1   +0.11 (max dev 0.08)  ch2   +1.72 (max dev 0.20)  ch3   +2.23 (max dev 0.22)
[meter] 5.8000 GHz  windows 5907  with tone 36  worst SNR 9.1 dB | ch1   -0.16 (max dev 0.05)  ch2   +1.66 (max dev 0.06)  ch3   +2.64 (max dev 0.06)
[meter] 2.4000 GHz  windows 5908  with tone 4597  worst SNR 9.2 dB | ch1   +0.56 (max dev 0.06)  ch2   +0.71 (max dev 0.06)  ch3   +1.03 (max dev 0.09)
[meter] 2.4000 GHz  windows 5908  with tone 4597  worst SNR 9.2 dB | ch1   +0.56 (max dev 0.06)  ch2   +0.71 (max dev 0.06)  ch3   +1.03 (max dev 0.09)
[meter] 5.2000 GHz  windows 5908  with tone 1277  worst SNR 8.8 dB | ch1   +0.11 (max dev 0.08)  ch2   +1.72 (max dev 0.20)  ch3   +2.23 (max dev 0.22)
[meter] 5.2000 GHz  windows 5908  with tone 1277  worst SNR 8.8 dB | ch1   +0.11 (max dev 0.08)  ch2   +1.72 (max dev 0.20)  ch3   +2.23 (max dev 0.22)
[meter] 5.8000 GHz  windows 5907  with tone 36  worst SNR 9.1 dB | ch1   -0.16 (max dev 0.05)  ch2   +1.66 (max dev 0.06)  ch3   +2.64 (max dev 0.06)
[meter] 5.8000 GHz  windows 5907  with tone 36  worst SNR 9.1 dB | ch1   -0.16 (max dev 0.05)  ch2   +1.66 (max dev 0.06)  ch3   +2.64 (max dev 0.06)
[meter] 2.4000 GHz  windows 5991  with tone 4680  worst SNR 9.2 dB | ch1   +0.57 (max dev 0.06)  ch2   +0.70 (max dev 0.29)  ch3   +1.03 (max dev 0.32)
[meter] 5.2000 GHz  windows 5991  with tone 1277  worst SNR 8.8 dB | ch1   +0.11 (max dev 0.08)  ch2   +1.72 (max dev 0.20)  ch3   +2.23 (max dev 0.22)
[meter] 5.8000 GHz  windows 5991  with tone 36  worst SNR 9.1 dB | ch1   -0.16 (max dev 0.05)  ch2   +1.66 (max dev 0.06)  ch3   +2.64 (max dev 0.06)
[meter] 2.4000 GHz  windows 5991  with tone 4680  worst SNR 9.2 dB | ch1   +0.57 (max dev 0.06)  ch2   +0.70 (max dev 0.29)  ch3   +1.03 (max dev 0.32)
[meter] 2.4000 GHz  windows 5991  with tone 4680  worst SNR 9.2 dB | ch1   +0.57 (max dev 0.06)  ch2   +0.70 (max dev 0.29)  ch3   +1.03 (max dev 0.32)
[meter] 5.2000 GHz  windows 5991  with tone 1277  worst SNR 8.8 dB | ch1   +0.11 (max dev 0.08)  ch2   +1.72 (max dev 0.20)  ch3   +2.23 (max dev 0.22)[meter] 5.2000 GHz  windows 5991  with tone 1277  worst SNR 8.8 dB | ch1   +0.11 (max dev 0.08)  ch2   +1.72 (max dev 0.20)  ch3   +2.23 (max dev 0.22)

[meter] 5.8000 GHz  windows 5991  with tone 36  worst SNR 9.1 dB | ch1   -0.16 (max dev 0.05)  ch2   +1.66 (max dev 0.06)  ch3   +2.64 (max dev 0.06)[meter] 5.8000 GHz  windows 5991  with tone 36  worst SNR 9.1 dB | ch1   -0.16 (max dev 0.05)  ch2   +1.66 (max dev 0.06)  ch3   +2.64 (max dev 0.06)

[meter] 2.4000 GHz  windows 6075  with tone 4764  worst SNR 9.2 dB | ch1   +0.57 (max dev 0.06)  ch2   +0.70 (max dev 0.29)  ch3   +1.03 (max dev 0.32)
[meter] 5.2000 GHz  windows 6074  with tone 1277  worst SNR 8.8 dB | ch1   +0.11 (max dev 0.08)  ch2   +1.72 (max dev 0.20)  ch3   +2.23 (max dev 0.22)
[meter] 5.8000 GHz  windows 6074  with tone 36  worst SNR 9.1 dB | ch1   -0.16 (max dev 0.05)  ch2   +1.66 (max dev 0.06)  ch3   +2.64 (max dev 0.06)
[meter] 2.4000 GHz  windows 6075  with tone 4764  worst SNR 9.2 dB | ch1   +0.57 (max dev 0.06)  ch2   +0.70 (max dev 0.29)  ch3   +1.03 (max dev 0.32)[meter] 2.4000 GHz  windows 6075  with tone 4764  worst SNR 9.2 dB | ch1   +0.57 (max dev 0.06)  ch2   +0.70 (max dev 0.29)  ch3   +1.03 (max dev 0.32)

[meter] 5.2000 GHz  windows 6074  with tone 1277  worst SNR 8.8 dB | ch1   +0.11 (max dev 0.08)  ch2   +1.72 (max dev 0.20)  ch3   +2.23 (max dev 0.22)
[meter] 5.8000 GHz  windows 6074  with tone 36  worst SNR 9.1 dB | ch1   -0.16 (max dev 0.05)  ch2   +1.66 (max dev 0.06)  ch3   +2.64 (max dev 0.06)
[meter] 5.2000 GHz  windows 6074  with tone 1277  worst SNR 8.8 dB | ch1   +0.11 (max dev 0.08)  ch2   +1.72 (max dev 0.20)  ch3   +2.23 (max dev 0.22)
[meter] 5.8000 GHz  windows 6074  with tone 36  worst SNR 9.1 dB | ch1   -0.16 (max dev 0.05)  ch2   +1.66 (max dev 0.06)  ch3   +2.64 (max dev 0.06)
[meter] 2.4000 GHz  windows 6158  with tone 4847  worst SNR 9.2 dB | ch1   +0.57 (max dev 0.07)  ch2   +0.70 (max dev 0.26)  ch3   +1.03 (max dev 0.27)
[meter] 5.2000 GHz  windows 6158  with tone 1277  worst SNR 8.8 dB | ch1   +0.11 (max dev 0.08)  ch2   +1.72 (max dev 0.20)  ch3   +2.23 (max dev 0.22)
[meter] 5.8000 GHz  windows 6157  with tone 36  worst SNR 9.1 dB | ch1   -0.16 (max dev 0.05)  ch2   +1.66 (max dev 0.06)  ch3   +2.64 (max dev 0.06)
[meter] 2.4000 GHz  windows 6158  with tone 4847  worst SNR 9.2 dB | ch1   +0.57 (max dev 0.07)  ch2   +0.70 (max dev 0.26)  ch3   +1.03 (max dev 0.27)
[meter] 2.4000 GHz  windows 6158  with tone 4847  worst SNR 9.2 dB | ch1   +0.57 (max dev 0.07)  ch2   +0.70 (max dev 0.26)  ch3   +1.03 (max dev 0.27)
[meter] 5.2000 GHz  windows 6158  with tone 1277  worst SNR 8.8 dB | ch1   +0.11 (max dev 0.08)  ch2   +1.72 (max dev 0.20)  ch3   +2.23 (max dev 0.22)
[meter] 5.2000 GHz  windows 6158  with tone 1277  worst SNR 8.8 dB | ch1   +0.11 (max dev 0.08)  ch2   +1.72 (max dev 0.20)  ch3   +2.23 (max dev 0.22)
[meter] 5.8000 GHz  windows 6157  with tone 36  worst SNR 9.1 dB | ch1   -0.16 (max dev 0.05)  ch2   +1.66 (max dev 0.06)  ch3   +2.64 (max dev 0.06)
[meter] 5.8000 GHz  windows 6157  with tone 36  worst SNR 9.1 dB | ch1   -0.16 (max dev 0.05)  ch2   +1.66 (max dev 0.06)  ch3   +2.64 (max dev 0.06)
[meter] 2.4000 GHz  windows 6241  with tone 4930  worst SNR 9.2 dB | ch1   +0.57 (max dev 0.07)  ch2   +0.71 (max dev 0.27)  ch3   +1.04 (max dev 0.28)
[meter] 5.2000 GHz  windows 6241  with tone 1277  worst SNR 8.8 dB | ch1   +0.11 (max dev 0.08)  ch2   +1.72 (max dev 0.20)  ch3   +2.23 (max dev 0.22)
[meter] 5.8000 GHz  windows 6241  with tone 36  worst SNR 9.1 dB | ch1   -0.16 (max dev 0.05)  ch2   +1.66 (max dev 0.06)  ch3   +2.64 (max dev 0.06)
[meter] 2.4000 GHz  windows 6242  with tone 4931  worst SNR 9.2 dB | ch1   +0.57 (max dev 0.07)  ch2   +0.71 (max dev 0.27)  ch3   +1.04 (max dev 0.28)
[meter] 2.4000 GHz  windows 6242  with tone 4931  worst SNR 9.2 dB | ch1   +0.57 (max dev 0.07)  ch2   +0.71 (max dev 0.27)  ch3   +1.04 (max dev 0.28)
[meter] 5.2000 GHz  windows 6241  with tone 1277  worst SNR 8.8 dB | ch1   +0.11 (max dev 0.08)  ch2   +1.72 (max dev 0.20)  ch3   +2.23 (max dev 0.22)
[meter] 5.8000 GHz  windows 6241  with tone 36  worst SNR 9.1 dB | ch1   -0.16 (max dev 0.05)  ch2   +1.66 (max dev 0.06)  ch3   +2.64 (max dev 0.06)
[meter] 5.2000 GHz  windows 6241  with tone 1277  worst SNR 8.8 dB | ch1   +0.11 (max dev 0.08)  ch2   +1.72 (max dev 0.20)  ch3   +2.23 (max dev 0.22)
[meter] 5.8000 GHz  windows 6241  with tone 36  worst SNR 9.1 dB | ch1   -0.16 (max dev 0.05)  ch2   +1.66 (max dev 0.06)  ch3   +2.64 (max dev 0.06)
[meter] 2.4000 GHz  windows 6325  with tone 5014  worst SNR 9.2 dB | ch1   +0.57 (max dev 0.07)  ch2   +0.72 (max dev 0.23)  ch3   +1.05 (max dev 0.25)
[meter] 5.2000 GHz  windows 6324  with tone 1277  worst SNR 8.8 dB | ch1   +0.11 (max dev 0.08)  ch2   +1.72 (max dev 0.20)  ch3   +2.23 (max dev 0.22)
[meter] 5.8000 GHz  windows 6324  with tone 36  worst SNR 9.1 dB | ch1   -0.16 (max dev 0.05)  ch2   +1.66 (max dev 0.06)  ch3   +2.64 (max dev 0.06)
[meter] 2.4000 GHz  windows 6325  with tone 5014  worst SNR 9.2 dB | ch1   +0.57 (max dev 0.07)  ch2   +0.72 (max dev 0.23)  ch3   +1.05 (max dev 0.25)
[meter] 2.4000 GHz  windows 6325  with tone 5014  worst SNR 9.2 dB | ch1   +0.57 (max dev 0.07)  ch2   +0.72 (max dev 0.23)  ch3   +1.05 (max dev 0.25)
[meter] 5.2000 GHz  windows 6325  with tone 1277  worst SNR 8.8 dB | ch1   +0.11 (max dev 0.08)  ch2   +1.72 (max dev 0.20)  ch3   +2.23 (max dev 0.22)
[meter] 5.2000 GHz  windows 6325  with tone 1277  worst SNR 8.8 dB | ch1   +0.11 (max dev 0.08)  ch2   +1.72 (max dev 0.20)  ch3   +2.23 (max dev 0.22)
[meter] 5.8000 GHz  windows 6324  with tone 36  worst SNR 9.1 dB | ch1   -0.16 (max dev 0.05)  ch2   +1.66 (max dev 0.06)  ch3   +2.64 (max dev 0.06)
[meter] 5.8000 GHz  windows 6324  with tone 36  worst SNR 9.1 dB | ch1   -0.16 (max dev 0.05)  ch2   +1.66 (max dev 0.06)  ch3   +2.64 (max dev 0.06)
[meter] 2.4000 GHz  windows 6408  with tone 5097  worst SNR 9.2 dB | ch1   +0.58 (max dev 0.07)  ch2   +0.73 (max dev 0.29)  ch3   +1.06 (max dev 0.26)
[meter] 5.2000 GHz  windows 6408  with tone 1277  worst SNR 8.8 dB | ch1   +0.11 (max dev 0.08)  ch2   +1.72 (max dev 0.20)  ch3   +2.23 (max dev 0.22)
[meter] 5.8000 GHz  windows 6407  with tone 36  worst SNR 9.1 dB | ch1   -0.16 (max dev 0.05)  ch2   +1.66 (max dev 0.06)  ch3   +2.64 (max dev 0.06)
[meter] 2.4000 GHz  windows 6408  with tone 5097  worst SNR 9.2 dB | ch1   +0.58 (max dev 0.07)  ch2   +0.73 (max dev 0.29)  ch3   +1.06 (max dev 0.26)
[meter] 2.4000 GHz  windows 6408  with tone 5097  worst SNR 9.2 dB | ch1   +0.58 (max dev 0.07)  ch2   +0.73 (max dev 0.29)  ch3   +1.06 (max dev 0.26)
[meter] 5.2000 GHz  windows 6408  with tone 1277  worst SNR 8.8 dB | ch1   +0.11 (max dev 0.08)  ch2   +1.72 (max dev 0.20)  ch3   +2.23 (max dev 0.22)[meter] 5.2000 GHz  windows 6408  with tone 1277  worst SNR 8.8 dB | ch1   +0.11 (max dev 0.08)  ch2   +1.72 (max dev 0.20)  ch3   +2.23 (max dev 0.22)

[meter] 5.8000 GHz  windows 6408  with tone 36  worst SNR 9.1 dB | ch1   -0.16 (max dev 0.05)  ch2   +1.66 (max dev 0.06)  ch3   +2.64 (max dev 0.06)
[meter] 5.8000 GHz  windows 6408  with tone 36  worst SNR 9.1 dB | ch1   -0.16 (max dev 0.05)  ch2   +1.66 (max dev 0.06)  ch3   +2.64 (max dev 0.06)
[radio] calibration tone parked on 5.2000 GHz
[meter] 2.4000 GHz  windows 6491  with tone 5168  worst SNR 9.2 dB | ch1   +0.58 (max dev 0.07)  ch2   +0.73 (max dev 0.29)  ch3   +1.06 (max dev 0.26)
[meter] 5.2000 GHz  windows 6491  with tone 1290  worst SNR 8.8 dB | ch1   +0.12 (max dev 0.11)  ch2   +1.69 (max dev 0.24)  ch3   +2.20 (max dev 0.24)
[meter] 5.8000 GHz  windows 6491  with tone 36  worst SNR 9.1 dB | ch1   -0.16 (max dev 0.05)  ch2   +1.66 (max dev 0.06)  ch3   +2.64 (max dev 0.06)
[meter] 2.4000 GHz  windows 6492  with tone 5168  worst SNR 9.2 dB | ch1   +0.58 (max dev 0.07)  ch2   +0.73 (max dev 0.29)  ch3   +1.06 (max dev 0.26)
[meter] 2.4000 GHz  windows 6492  with tone 5168  worst SNR 9.2 dB | ch1   +0.58 (max dev 0.07)  ch2   +0.73 (max dev 0.29)  ch3   +1.06 (max dev 0.26)
[meter] 5.2000 GHz  windows 6491  with tone 1290  worst SNR 8.8 dB | ch1   +0.12 (max dev 0.11)  ch2   +1.69 (max dev 0.24)  ch3   +2.20 (max dev 0.24)[meter] 5.2000 GHz  windows 6491  with tone 1290  worst SNR 8.8 dB | ch1   +0.12 (max dev 0.11)  ch2   +1.69 (max dev 0.24)  ch3   +2.20 (max dev 0.24)

[meter] 5.8000 GHz  windows 6491  with tone 36  worst SNR 9.1 dB | ch1   -0.16 (max dev 0.05)  ch2   +1.66 (max dev 0.06)  ch3   +2.64 (max dev 0.06)
[meter] 5.8000 GHz  windows 6491  with tone 36  worst SNR 9.1 dB | ch1   -0.16 (max dev 0.05)  ch2   +1.66 (max dev 0.06)  ch3   +2.64 (max dev 0.06)
[radio] calibration tone parked on 5.8000 GHz
[meter] 2.4000 GHz  windows 6575  with tone 5168  worst SNR 9.2 dB | ch1   +0.58 (max dev 0.07)  ch2   +0.73 (max dev 0.29)  ch3   +1.06 (max dev 0.26)
[meter] 5.2000 GHz  windows 6574  with tone 1342  worst SNR 8.8 dB | ch1   +0.14 (max dev 0.09)  ch2   +1.61 (max dev 0.25)  ch3   +2.12 (max dev 0.27)
[meter] 5.8000 GHz  windows 6574  with tone 68  worst SNR 9.1 dB | ch1   -0.16 (max dev 0.06)  ch2   +1.62 (max dev 0.09)  ch3   +2.58 (max dev 0.10)
[meter] 2.4000 GHz  windows 6575  with tone 5168  worst SNR 9.2 dB | ch1   +0.58 (max dev 0.07)  ch2   +0.73 (max dev 0.29)  ch3   +1.06 (max dev 0.26)
[meter] 2.4000 GHz  windows 6575  with tone 5168  worst SNR 9.2 dB | ch1   +0.58 (max dev 0.07)  ch2   +0.73 (max dev 0.29)  ch3   +1.06 (max dev 0.26)
[meter] 5.2000 GHz  windows 6575  with tone 1342  worst SNR 8.8 dB | ch1   +0.14 (max dev 0.09)  ch2   +1.61 (max dev 0.25)  ch3   +2.12 (max dev 0.27)[meter] 5.2000 GHz  windows 6575  with tone 1342  worst SNR 8.8 dB | ch1   +0.14 (max dev 0.09)  ch2   +1.61 (max dev 0.25)  ch3   +2.12 (max dev 0.27)

[meter] 5.8000 GHz  windows 6574  with tone 68  worst SNR 9.1 dB | ch1   -0.16 (max dev 0.06)  ch2   +1.62 (max dev 0.09)  ch3   +2.58 (max dev 0.10)
[meter] 5.8000 GHz  windows 6574  with tone 68  worst SNR 9.1 dB | ch1   -0.16 (max dev 0.06)  ch2   +1.62 (max dev 0.09)  ch3   +2.58 (max dev 0.10)
[radio] calibration tone parked on 2.4000 GHz
[meter] 2.4000 GHz  windows 6658  with tone 5192  worst SNR 9.2 dB | ch1   +0.58 (max dev 0.07)  ch2   +0.73 (max dev 0.29)  ch3   +1.06 (max dev 0.26)
[meter] 5.2000 GHz  windows 6658  with tone 1342  worst SNR 8.8 dB | ch1   +0.14 (max dev 0.09)  ch2   +1.61 (max dev 0.25)  ch3   +2.12 (max dev 0.27)
[meter] 5.8000 GHz  windows 6657  with tone 128  worst SNR 9.1 dB | ch1   -0.17 (max dev 0.06)  ch2   +1.59 (max dev 0.13)  ch3   +2.53 (max dev 0.15)
[meter] 2.4000 GHz  windows 6658  with tone 5192  worst SNR 9.2 dB | ch1   +0.58 (max dev 0.07)  ch2   +0.73 (max dev 0.29)  ch3   +1.06 (max dev 0.26)
[meter] 2.4000 GHz  windows 6658  with tone 5192  worst SNR 9.2 dB | ch1   +0.58 (max dev 0.07)  ch2   +0.73 (max dev 0.29)  ch3   +1.06 (max dev 0.26)
[meter] 5.2000 GHz  windows 6658  with tone 1342  worst SNR 8.8 dB | ch1   +0.14 (max dev 0.09)  ch2   +1.61 (max dev 0.25)  ch3   +2.12 (max dev 0.27)
[meter] 5.2000 GHz  windows 6658  with tone 1342  worst SNR 8.8 dB | ch1   +0.14 (max dev 0.09)  ch2   +1.61 (max dev 0.25)  ch3   +2.12 (max dev 0.27)
[meter] 5.8000 GHz  windows 6658  with tone 128  worst SNR 9.1 dB | ch1   -0.17 (max dev 0.06)  ch2   +1.59 (max dev 0.13)  ch3   +2.53 (max dev 0.15)
[meter] 5.8000 GHz  windows 6658  with tone 128  worst SNR 9.1 dB | ch1   -0.17 (max dev 0.06)  ch2   +1.59 (max dev 0.13)  ch3   +2.53 (max dev 0.15)
[meter] 2.4000 GHz  windows 6741  with tone 5275  worst SNR 9.2 dB | ch1   +0.59 (max dev 0.07)  ch2   +0.72 (max dev 0.32)  ch3   +1.04 (max dev 0.25)
[meter] 5.2000 GHz  windows 6741  with tone 1342  worst SNR 8.8 dB | ch1   +0.14 (max dev 0.09)  ch2   +1.61 (max dev 0.25)  ch3   +2.12 (max dev 0.27)
[meter] 5.8000 GHz  windows 6741  with tone 128  worst SNR 9.1 dB | ch1   -0.17 (max dev 0.06)  ch2   +1.59 (max dev 0.13)  ch3   +2.53 (max dev 0.15)
[meter] 2.4000 GHz  windows 6742  with tone 5276  worst SNR 9.2 dB | ch1   +0.59 (max dev 0.07)  ch2   +0.72 (max dev 0.32)  ch3   +1.04 (max dev 0.25)
[meter] 2.4000 GHz  windows 6742  with tone 5276  worst SNR 9.2 dB | ch1   +0.59 (max dev 0.07)  ch2   +0.72 (max dev 0.32)  ch3   +1.04 (max dev 0.25)
[meter] 5.2000 GHz  windows 6741  with tone 1342  worst SNR 8.8 dB | ch1   +0.14 (max dev 0.09)  ch2   +1.61 (max dev 0.25)  ch3   +2.12 (max dev 0.27)
[meter] 5.2000 GHz  windows 6741  with tone 1342  worst SNR 8.8 dB | ch1   +0.14 (max dev 0.09)  ch2   +1.61 (max dev 0.25)  ch3   +2.12 (max dev 0.27)
[meter] 5.8000 GHz  windows 6741  with tone 128  worst SNR 9.1 dB | ch1   -0.17 (max dev 0.06)  ch2   +1.59 (max dev 0.13)  ch3   +2.53 (max dev 0.15)
[meter] 5.8000 GHz  windows 6741  with tone 128  worst SNR 9.1 dB | ch1   -0.17 (max dev 0.06)  ch2   +1.59 (max dev 0.13)  ch3   +2.53 (max dev 0.15)
[meter] 2.4000 GHz  windows 6825  with tone 5359  worst SNR 9.2 dB | ch1   +0.59 (max dev 0.06)  ch2   +0.70 (max dev 0.30)  ch3   +1.04 (max dev 0.28)
[meter] 5.2000 GHz  windows 6825  with tone 1342  worst SNR 8.8 dB | ch1   +0.14 (max dev 0.09)  ch2   +1.61 (max dev 0.25)  ch3   +2.12 (max dev 0.27)
[meter] 5.8000 GHz  windows 6824  with tone 128  worst SNR 9.1 dB | ch1   -0.17 (max dev 0.06)  ch2   +1.59 (max dev 0.13)  ch3   +2.53 (max dev 0.15)
[meter] 2.4000 GHz  windows 6825  with tone 5359  worst SNR 9.2 dB | ch1   +0.59 (max dev 0.06)  ch2   +0.70 (max dev 0.30)  ch3   +1.04 (max dev 0.28)
[meter] 2.4000 GHz  windows 6825  with tone 5359  worst SNR 9.2 dB | ch1   +0.59 (max dev 0.06)  ch2   +0.70 (max dev 0.30)  ch3   +1.04 (max dev 0.28)
[meter] 5.2000 GHz  windows 6825  with tone 1342  worst SNR 8.8 dB | ch1   +0.14 (max dev 0.09)  ch2   +1.61 (max dev 0.25)  ch3   +2.12 (max dev 0.27)
[meter] 5.2000 GHz  windows 6825  with tone 1342  worst SNR 8.8 dB | ch1   +0.14 (max dev 0.09)  ch2   +1.61 (max dev 0.25)  ch3   +2.12 (max dev 0.27)
[meter] 5.8000 GHz  windows 6824  with tone 128  worst SNR 9.1 dB | ch1   -0.17 (max dev 0.06)  ch2   +1.59 (max dev 0.13)  ch3   +2.53 (max dev 0.15)
[meter] 5.8000 GHz  windows 6824  with tone 128  worst SNR 9.1 dB | ch1   -0.17 (max dev 0.06)  ch2   +1.59 (max dev 0.13)  ch3   +2.53 (max dev 0.15)
[meter] 2.4000 GHz  windows 6908  with tone 5442  worst SNR 9.2 dB | ch1   +0.59 (max dev 0.07)  ch2   +0.70 (max dev 0.27)  ch3   +1.03 (max dev 0.28)
[meter] 5.2000 GHz  windows 6908  with tone 1342  worst SNR 8.8 dB | ch1   +0.14 (max dev 0.09)  ch2   +1.61 (max dev 0.25)  ch3   +2.12 (max dev 0.27)
[meter] 5.8000 GHz  windows 6908  with tone 128  worst SNR 9.1 dB | ch1   -0.17 (max dev 0.06)  ch2   +1.59 (max dev 0.13)  ch3   +2.53 (max dev 0.15)
[meter] 2.4000 GHz  windows 6908  with tone 5442  worst SNR 9.2 dB | ch1   +0.59 (max dev 0.07)  ch2   +0.70 (max dev 0.27)  ch3   +1.03 (max dev 0.28)
[meter] 2.4000 GHz  windows 6908  with tone 5442  worst SNR 9.2 dB | ch1   +0.59 (max dev 0.07)  ch2   +0.70 (max dev 0.27)  ch3   +1.03 (max dev 0.28)
[meter] 5.2000 GHz  windows 6908  with tone 1342  worst SNR 8.8 dB | ch1   +0.14 (max dev 0.09)  ch2   +1.61 (max dev 0.25)  ch3   +2.12 (max dev 0.27)
[meter] 5.2000 GHz  windows 6908  with tone 1342  worst SNR 8.8 dB | ch1   +0.14 (max dev 0.09)  ch2   +1.61 (max dev 0.25)  ch3   +2.12 (max dev 0.27)
[meter] 5.8000 GHz  windows 6908  with tone 128  worst SNR 9.1 dB | ch1   -0.17 (max dev 0.06)  ch2   +1.59 (max dev 0.13)  ch3   +2.53 (max dev 0.15)[meter] 5.8000 GHz  windows 6908  with tone 128  worst SNR 9.1 dB | ch1   -0.17 (max dev 0.06)  ch2   +1.59 (max dev 0.13)  ch3   +2.53 (max dev 0.15)

[meter] 2.4000 GHz  windows 6992  with tone 5526  worst SNR 9.2 dB | ch1   +0.59 (max dev 0.07)  ch2   +0.69 (max dev 0.26)  ch3   +1.03 (max dev 0.28)
[meter] 5.2000 GHz  windows 6991  with tone 1342  worst SNR 8.8 dB | ch1   +0.14 (max dev 0.09)  ch2   +1.61 (max dev 0.25)  ch3   +2.12 (max dev 0.27)
[meter] 5.8000 GHz  windows 6991  with tone 128  worst SNR 9.1 dB | ch1   -0.17 (max dev 0.06)  ch2   +1.59 (max dev 0.13)  ch3   +2.53 (max dev 0.15)
[meter] 2.4000 GHz  windows 6992  with tone 5526  worst SNR 9.2 dB | ch1   +0.59 (max dev 0.07)  ch2   +0.69 (max dev 0.26)  ch3   +1.03 (max dev 0.28)
[meter] 5.2000 GHz  windows 6991  with tone 1342  worst SNR 8.8 dB | ch1   +0.14 (max dev 0.09)  ch2   +1.61 (max dev 0.25)  ch3   +2.12 (max dev 0.27)
[meter] 5.8000 GHz  windows 6991  with tone 128  worst SNR 9.1 dB | ch1   -0.17 (max dev 0.06)  ch2   +1.59 (max dev 0.13)  ch3   +2.53 (max dev 0.15)
[meter] 2.4000 GHz  windows 6992  with tone 5526  worst SNR 9.2 dB | ch1   +0.59 (max dev 0.07)  ch2   +0.69 (max dev 0.26)  ch3   +1.03 (max dev 0.28)
[meter] 5.2000 GHz  windows 6992  with tone 1342  worst SNR 8.8 dB | ch1   +0.14 (max dev 0.09)  ch2   +1.61 (max dev 0.25)  ch3   +2.12 (max dev 0.27)
[meter] 5.8000 GHz  windows 6991  with tone 128  worst SNR 9.1 dB | ch1   -0.17 (max dev 0.06)  ch2   +1.59 (max dev 0.13)  ch3   +2.53 (max dev 0.15)
[meter] 2.4000 GHz  windows 7075  with tone 5609  worst SNR 9.2 dB | ch1   +0.59 (max dev 0.06)  ch2   +0.68 (max dev 0.28)  ch3   +1.02 (max dev 0.26)
[meter] 5.2000 GHz  windows 7075  with tone 1342  worst SNR 8.8 dB | ch1   +0.14 (max dev 0.09)  ch2   +1.61 (max dev 0.25)  ch3   +2.12 (max dev 0.27)
[meter] 5.8000 GHz  windows 7074  with tone 128  worst SNR 9.1 dB | ch1   -0.17 (max dev 0.06)  ch2   +1.59 (max dev 0.13)  ch3   +2.53 (max dev 0.15)
[meter] 2.4000 GHz  windows 7075  with tone 5609  worst SNR 9.2 dB | ch1   +0.59 (max dev 0.06)  ch2   +0.68 (max dev 0.28)  ch3   +1.02 (max dev 0.26)[meter] 2.4000 GHz  windows 7075  with tone 5609  worst SNR 9.2 dB | ch1   +0.59 (max dev 0.06)  ch2   +0.68 (max dev 0.28)  ch3   +1.02 (max dev 0.26)

[meter] 5.2000 GHz  windows 7075  with tone 1342  worst SNR 8.8 dB | ch1   +0.14 (max dev 0.09)  ch2   +1.61 (max dev 0.25)  ch3   +2.12 (max dev 0.27)
[meter] 5.2000 GHz  windows 7075  with tone 1342  worst SNR 8.8 dB | ch1   +0.14 (max dev 0.09)  ch2   +1.61 (max dev 0.25)  ch3   +2.12 (max dev 0.27)
[meter] 5.8000 GHz  windows 7074  with tone 128  worst SNR 9.1 dB | ch1   -0.17 (max dev 0.06)  ch2   +1.59 (max dev 0.13)  ch3   +2.53 (max dev 0.15)
[meter] 5.8000 GHz  windows 7074  with tone 128  worst SNR 9.1 dB | ch1   -0.17 (max dev 0.06)  ch2   +1.59 (max dev 0.13)  ch3   +2.53 (max dev 0.15)
[meter] 2.4000 GHz  windows 7158  with tone 5692  worst SNR 9.2 dB | ch1   +0.59 (max dev 0.08)  ch2   +0.67 (max dev 0.27)  ch3   +1.02 (max dev 0.25)
[meter] 5.2000 GHz  windows 7158  with tone 1342  worst SNR 8.8 dB | ch1   +0.14 (max dev 0.09)  ch2   +1.61 (max dev 0.25)  ch3   +2.12 (max dev 0.27)
[meter] 5.8000 GHz  windows 7158  with tone 128  worst SNR 9.1 dB | ch1   -0.17 (max dev 0.06)  ch2   +1.59 (max dev 0.13)  ch3   +2.53 (max dev 0.15)
[meter] 2.4000 GHz  windows 7159  with tone 5693  worst SNR 9.2 dB | ch1   +0.59 (max dev 0.08)  ch2   +0.67 (max dev 0.27)  ch3   +1.01 (max dev 0.25)
[meter] 2.4000 GHz  windows 7159  with tone 5693  worst SNR 9.2 dB | ch1   +0.59 (max dev 0.08)  ch2   +0.67 (max dev 0.27)  ch3   +1.01 (max dev 0.25)
[meter] 5.2000 GHz  windows 7158  with tone 1342  worst SNR 8.8 dB | ch1   +0.14 (max dev 0.09)  ch2   +1.61 (max dev 0.25)  ch3   +2.12 (max dev 0.27)
[meter] 5.8000 GHz  windows 7158  with tone 128  worst SNR 9.1 dB | ch1   -0.17 (max dev 0.06)  ch2   +1.59 (max dev 0.13)  ch3   +2.53 (max dev 0.15)
[meter] 5.2000 GHz  windows 7158  with tone 1342  worst SNR 8.8 dB | ch1   +0.14 (max dev 0.09)  ch2   +1.61 (max dev 0.25)  ch3   +2.12 (max dev 0.27)
[meter] 5.8000 GHz  windows 7158  with tone 128  worst SNR 9.1 dB | ch1   -0.17 (max dev 0.06)  ch2   +1.59 (max dev 0.13)  ch3   +2.53 (max dev 0.15)
[meter] 2.4000 GHz  windows 7242  with tone 5776  worst SNR 9.2 dB | ch1   +0.59 (max dev 0.08)  ch2   +0.66 (max dev 0.25)  ch3   +1.00 (max dev 0.29)
[meter] 5.2000 GHz  windows 7241  with tone 1342  worst SNR 8.8 dB | ch1   +0.14 (max dev 0.09)  ch2   +1.61 (max dev 0.25)  ch3   +2.12 (max dev 0.27)
[meter] 5.8000 GHz  windows 7241  with tone 128  worst SNR 9.1 dB | ch1   -0.17 (max dev 0.06)  ch2   +1.59 (max dev 0.13)  ch3   +2.53 (max dev 0.15)
[meter] 2.4000 GHz  windows 7242  with tone 5776  worst SNR 9.2 dB | ch1   +0.59 (max dev 0.08)  ch2   +0.66 (max dev 0.25)  ch3   +1.00 (max dev 0.29)[meter] 2.4000 GHz  windows 7242  with tone 5776  worst SNR 9.2 dB | ch1   +0.59 (max dev 0.08)  ch2   +0.66 (max dev 0.25)  ch3   +1.00 (max dev 0.29)

[meter] 5.2000 GHz  windows 7242  with tone 1342  worst SNR 8.8 dB | ch1   +0.14 (max dev 0.09)  ch2   +1.61 (max dev 0.25)  ch3   +2.12 (max dev 0.27)
[meter] 5.2000 GHz  windows 7242  with tone 1342  worst SNR 8.8 dB | ch1   +0.14 (max dev 0.09)  ch2   +1.61 (max dev 0.25)  ch3   +2.12 (max dev 0.27)
[meter] 5.8000 GHz  windows 7241  with tone 128  worst SNR 9.1 dB | ch1   -0.17 (max dev 0.06)  ch2   +1.59 (max dev 0.13)  ch3   +2.53 (max dev 0.15)
[meter] 5.8000 GHz  windows 7241  with tone 128  worst SNR 9.1 dB | ch1   -0.17 (max dev 0.06)  ch2   +1.59 (max dev 0.13)  ch3   +2.53 (max dev 0.15)
[meter] 2.4000 GHz  windows 7325  with tone 5859  worst SNR 9.2 dB | ch1   +0.59 (max dev 0.06)  ch2   +0.64 (max dev 0.28)  ch3   +0.99 (max dev 0.27)
[meter] 5.2000 GHz  windows 7325  with tone 1342  worst SNR 8.8 dB | ch1   +0.14 (max dev 0.09)  ch2   +1.61 (max dev 0.25)  ch3   +2.12 (max dev 0.27)
[meter] 5.8000 GHz  windows 7324  with tone 128  worst SNR 9.1 dB | ch1   -0.17 (max dev 0.06)  ch2   +1.59 (max dev 0.13)  ch3   +2.53 (max dev 0.15)
[meter] 2.4000 GHz  windows 7325  with tone 5859  worst SNR 9.2 dB | ch1   +0.59 (max dev 0.06)  ch2   +0.64 (max dev 0.28)  ch3   +0.99 (max dev 0.27)
[meter] 2.4000 GHz  windows 7325  with tone 5859  worst SNR 9.2 dB | ch1   +0.59 (max dev 0.06)  ch2   +0.64 (max dev 0.28)  ch3   +0.99 (max dev 0.27)
[meter] 5.2000 GHz  windows 7325  with tone 1342  worst SNR 8.8 dB | ch1   +0.14 (max dev 0.09)  ch2   +1.61 (max dev 0.25)  ch3   +2.12 (max dev 0.27)
[meter] 5.8000 GHz  windows 7325  with tone 128  worst SNR 9.1 dB | ch1   -0.17 (max dev 0.06)  ch2   +1.59 (max dev 0.13)  ch3   +2.53 (max dev 0.15)
[meter] 5.2000 GHz  windows 7325  with tone 1342  worst SNR 8.8 dB | ch1   +0.14 (max dev 0.09)  ch2   +1.61 (max dev 0.25)  ch3   +2.12 (max dev 0.27)
[meter] 5.8000 GHz  windows 7325  with tone 128  worst SNR 9.1 dB | ch1   -0.17 (max dev 0.06)  ch2   +1.59 (max dev 0.13)  ch3   +2.53 (max dev 0.15)
[meter] 2.4000 GHz  windows 7408  with tone 5942  worst SNR 9.2 dB | ch1   +0.59 (max dev 0.06)  ch2   +0.64 (max dev 0.28)  ch3   +0.98 (max dev 0.28)
[meter] 5.2000 GHz  windows 7408  with tone 1342  worst SNR 8.8 dB | ch1   +0.14 (max dev 0.09)  ch2   +1.61 (max dev 0.25)  ch3   +2.12 (max dev 0.27)
[meter] 5.8000 GHz  windows 7408  with tone 128  worst SNR 9.1 dB | ch1   -0.17 (max dev 0.06)  ch2   +1.59 (max dev 0.13)  ch3   +2.53 (max dev 0.15)
[meter] 2.4000 GHz  windows 7409  with tone 5943  worst SNR 9.2 dB | ch1   +0.59 (max dev 0.06)  ch2   +0.64 (max dev 0.28)  ch3   +0.98 (max dev 0.28)
[meter] 5.2000 GHz  windows 7408  with tone 1342  worst SNR 8.8 dB | ch1   +0.14 (max dev 0.09)  ch2   +1.61 (max dev 0.25)  ch3   +2.12 (max dev 0.27)
[meter] 2.4000 GHz  windows 7409  with tone 5943  worst SNR 9.2 dB | ch1   +0.59 (max dev 0.06)  ch2   +0.64 (max dev 0.28)  ch3   +0.98 (max dev 0.28)
[meter] 5.8000 GHz  windows 7408  with tone 128  worst SNR 9.1 dB | ch1   -0.17 (max dev 0.06)  ch2   +1.59 (max dev 0.13)  ch3   +2.53 (max dev 0.15)
[meter] 5.2000 GHz  windows 7408  with tone 1342  worst SNR 8.8 dB | ch1   +0.14 (max dev 0.09)  ch2   +1.61 (max dev 0.25)  ch3   +2.12 (max dev 0.27)
[meter] 5.8000 GHz  windows 7408  with tone 128  worst SNR 9.1 dB | ch1   -0.17 (max dev 0.06)  ch2   +1.59 (max dev 0.13)  ch3   +2.53 (max dev 0.15)
[meter] 2.4000 GHz  windows 7492  with tone 6026  worst SNR 9.2 dB | ch1   +0.59 (max dev 0.06)  ch2   +0.64 (max dev 0.28)  ch3   +0.98 (max dev 0.30)
[meter] 5.2000 GHz  windows 7491  with tone 1342  worst SNR 8.8 dB | ch1   +0.14 (max dev 0.09)  ch2   +1.61 (max dev 0.25)  ch3   +2.12 (max dev 0.27)
[meter] 5.8000 GHz  windows 7491  with tone 128  worst SNR 9.1 dB | ch1   -0.17 (max dev 0.06)  ch2   +1.59 (max dev 0.13)  ch3   +2.53 (max dev 0.15)
[meter] 2.4000 GHz  windows 7492  with tone 6026  worst SNR 9.2 dB | ch1   +0.59 (max dev 0.06)  ch2   +0.64 (max dev 0.28)  ch3   +0.98 (max dev 0.30)
[meter] 2.4000 GHz  windows 7492  with tone 6026  worst SNR 9.2 dB | ch1   +0.59 (max dev 0.06)  ch2   +0.64 (max dev 0.28)  ch3   +0.98 (max dev 0.30)
[meter] 5.2000 GHz  windows 7492  with tone 1342  worst SNR 8.8 dB | ch1   +0.14 (max dev 0.09)  ch2   +1.61 (max dev 0.25)  ch3   +2.12 (max dev 0.27)
[meter] 5.2000 GHz  windows 7492  with tone 1342  worst SNR 8.8 dB | ch1   +0.14 (max dev 0.09)  ch2   +1.61 (max dev 0.25)  ch3   +2.12 (max dev 0.27)
[meter] 5.8000 GHz  windows 7491  with tone 128  worst SNR 9.1 dB | ch1   -0.17 (max dev 0.06)  ch2   +1.59 (max dev 0.13)  ch3   +2.53 (max dev 0.15)
[meter] 5.8000 GHz  windows 7491  with tone 128  worst SNR 9.1 dB | ch1   -0.17 (max dev 0.06)  ch2   +1.59 (max dev 0.13)  ch3   +2.53 (max dev 0.15)
[meter] 2.4000 GHz  windows 7575  with tone 6109  worst SNR 9.2 dB | ch1   +0.59 (max dev 0.06)  ch2   +0.64 (max dev 0.25)  ch3   +0.99 (max dev 0.30)
[meter] 5.2000 GHz  windows 7575  with tone 1342  worst SNR 8.8 dB | ch1   +0.14 (max dev 0.09)  ch2   +1.61 (max dev 0.25)  ch3   +2.12 (max dev 0.27)
[meter] 5.8000 GHz  windows 7575  with tone 128  worst SNR 9.1 dB | ch1   -0.17 (max dev 0.06)  ch2   +1.59 (max dev 0.13)  ch3   +2.53 (max dev 0.15)
[meter] 2.4000 GHz  windows 7575  with tone 6109  worst SNR 9.2 dB | ch1   +0.59 (max dev 0.06)  ch2   +0.64 (max dev 0.25)  ch3   +0.99 (max dev 0.30)
[meter] 2.4000 GHz  windows 7575  with tone 6109  worst SNR 9.2 dB | ch1   +0.59 (max dev 0.06)  ch2   +0.64 (max dev 0.25)  ch3   +0.99 (max dev 0.30)
[meter] 5.2000 GHz  windows 7575  with tone 1342  worst SNR 8.8 dB | ch1   +0.14 (max dev 0.09)  ch2   +1.61 (max dev 0.25)  ch3   +2.12 (max dev 0.27)
[meter] 5.2000 GHz  windows 7575  with tone 1342  worst SNR 8.8 dB | ch1   +0.14 (max dev 0.09)  ch2   +1.61 (max dev 0.25)  ch3   +2.12 (max dev 0.27)
[meter] 5.8000 GHz  windows 7575  with tone 128  worst SNR 9.1 dB | ch1   -0.17 (max dev 0.06)  ch2   +1.59 (max dev 0.13)  ch3   +2.53 (max dev 0.15)
[meter] 5.8000 GHz  windows 7575  with tone 128  worst SNR 9.1 dB | ch1   -0.17 (max dev 0.06)  ch2   +1.59 (max dev 0.13)  ch3   +2.53 (max dev 0.15)
[meter] 2.4000 GHz  windows 7659  with tone 6193  worst SNR 9.2 dB | ch1   +0.59 (max dev 0.08)  ch2   +0.64 (max dev 0.26)  ch3   +1.00 (max dev 0.31)
[meter] 5.2000 GHz  windows 7658  with tone 1342  worst SNR 8.8 dB | ch1   +0.14 (max dev 0.09)  ch2   +1.61 (max dev 0.25)  ch3   +2.12 (max dev 0.27)
[meter] 5.8000 GHz  windows 7658  with tone 128  worst SNR 9.1 dB | ch1   -0.17 (max dev 0.06)  ch2   +1.59 (max dev 0.13)  ch3   +2.53 (max dev 0.15)
[meter] 2.4000 GHz  windows 7659  with tone 6193  worst SNR 9.2 dB | ch1   +0.59 (max dev 0.08)  ch2   +0.64 (max dev 0.26)  ch3   +1.00 (max dev 0.31)
[meter] 2.4000 GHz  windows 7659  with tone 6193  worst SNR 9.2 dB | ch1   +0.59 (max dev 0.08)  ch2   +0.64 (max dev 0.26)  ch3   +1.00 (max dev 0.31)
[meter] 5.2000 GHz  windows 7658  with tone 1342  worst SNR 8.8 dB | ch1   +0.14 (max dev 0.09)  ch2   +1.61 (max dev 0.25)  ch3   +2.12 (max dev 0.27)
[meter] 5.8000 GHz  windows 7658  with tone 128  worst SNR 9.1 dB | ch1   -0.17 (max dev 0.06)  ch2   +1.59 (max dev 0.13)  ch3   +2.53 (max dev 0.15)
[meter] 5.2000 GHz  windows 7658  with tone 1342  worst SNR 8.8 dB | ch1   +0.14 (max dev 0.09)  ch2   +1.61 (max dev 0.25)  ch3   +2.12 (max dev 0.27)
[meter] 5.8000 GHz  windows 7658  with tone 128  worst SNR 9.1 dB | ch1   -0.17 (max dev 0.06)  ch2   +1.59 (max dev 0.13)  ch3   +2.53 (max dev 0.15)
[meter] 2.4000 GHz  windows 7742  with tone 6276  worst SNR 9.2 dB | ch1   +0.59 (max dev 0.08)  ch2   +0.65 (max dev 0.26)  ch3   +1.00 (max dev 0.26)
[meter] 5.2000 GHz  windows 7742  with tone 1342  worst SNR 8.8 dB | ch1   +0.14 (max dev 0.09)  ch2   +1.61 (max dev 0.25)  ch3   +2.12 (max dev 0.27)
[meter] 5.8000 GHz  windows 7741  with tone 128  worst SNR 9.1 dB | ch1   -0.17 (max dev 0.06)  ch2   +1.59 (max dev 0.13)  ch3   +2.53 (max dev 0.15)
[meter] 2.4000 GHz  windows 7742  with tone 6276  worst SNR 9.2 dB | ch1   +0.59 (max dev 0.08)  ch2   +0.65 (max dev 0.26)  ch3   +1.00 (max dev 0.26)
[meter] 2.4000 GHz  windows 7742  with tone 6276  worst SNR 9.2 dB | ch1   +0.59 (max dev 0.08)  ch2   +0.65 (max dev 0.26)  ch3   +1.00 (max dev 0.26)
[meter] 5.2000 GHz  windows 7742  with tone 1342  worst SNR 8.8 dB | ch1   +0.14 (max dev 0.09)  ch2   +1.61 (max dev 0.25)  ch3   +2.12 (max dev 0.27)
[meter] 5.2000 GHz  windows 7742  with tone 1342  worst SNR 8.8 dB | ch1   +0.14 (max dev 0.09)  ch2   +1.61 (max dev 0.25)  ch3   +2.12 (max dev 0.27)
[meter] 5.8000 GHz  windows 7741  with tone 128  worst SNR 9.1 dB | ch1   -0.17 (max dev 0.06)  ch2   +1.59 (max dev 0.13)  ch3   +2.53 (max dev 0.15)
[meter] 5.8000 GHz  windows 7741  with tone 128  worst SNR 9.1 dB | ch1   -0.17 (max dev 0.06)  ch2   +1.59 (max dev 0.13)  ch3   +2.53 (max dev 0.15)
[meter] 2.4000 GHz  windows 7825  with tone 6359  worst SNR 9.2 dB | ch1   +0.59 (max dev 0.08)  ch2   +0.64 (max dev 0.30)  ch3   +1.00 (max dev 0.26)
[meter] 5.2000 GHz  windows 7825  with tone 1342  worst SNR 8.8 dB | ch1   +0.14 (max dev 0.09)  ch2   +1.61 (max dev 0.25)  ch3   +2.12 (max dev 0.27)
[meter] 5.8000 GHz  windows 7825  with tone 128  worst SNR 9.1 dB | ch1   -0.17 (max dev 0.06)  ch2   +1.59 (max dev 0.13)  ch3   +2.53 (max dev 0.15)
[meter] 2.4000 GHz  windows 7826  with tone 6360  worst SNR 9.2 dB | ch1   +0.59 (max dev 0.08)  ch2   +0.64 (max dev 0.30)  ch3   +0.99 (max dev 0.26)
[meter] 2.4000 GHz  windows 7826  with tone 6360  worst SNR 9.2 dB | ch1   +0.59 (max dev 0.08)  ch2   +0.64 (max dev 0.30)  ch3   +0.99 (max dev 0.26)
[meter] 5.2000 GHz  windows 7825  with tone 1342  worst SNR 8.8 dB | ch1   +0.14 (max dev 0.09)  ch2   +1.61 (max dev 0.25)  ch3   +2.12 (max dev 0.27)
[meter] 5.2000 GHz  windows 7825  with tone 1342  worst SNR 8.8 dB | ch1   +0.14 (max dev 0.09)  ch2   +1.61 (max dev 0.25)  ch3   +2.12 (max dev 0.27)
[meter] 5.8000 GHz  windows 7825  with tone 128  worst SNR 9.1 dB | ch1   -0.17 (max dev 0.06)  ch2   +1.59 (max dev 0.13)  ch3   +2.53 (max dev 0.15)
[meter] 5.8000 GHz  windows 7825  with tone 128  worst SNR 9.1 dB | ch1   -0.17 (max dev 0.06)  ch2   +1.59 (max dev 0.13)  ch3   +2.53 (max dev 0.15)
[meter] 2.4000 GHz  windows 7909  with tone 6443  worst SNR 9.2 dB | ch1   +0.60 (max dev 0.07)  ch2   +0.62 (max dev 0.29)  ch3   +0.98 (max dev 0.33)
[meter] 5.2000 GHz  windows 7908  with tone 1342  worst SNR 8.8 dB | ch1   +0.14 (max dev 0.09)  ch2   +1.61 (max dev 0.25)  ch3   +2.12 (max dev 0.27)
[meter] 5.8000 GHz  windows 7908  with tone 128  worst SNR 9.1 dB | ch1   -0.17 (max dev 0.06)  ch2   +1.59 (max dev 0.13)  ch3   +2.53 (max dev 0.15)
[meter] 2.4000 GHz  windows 7909  with tone 6443  worst SNR 9.2 dB | ch1   +0.60 (max dev 0.07)  ch2   +0.62 (max dev 0.29)  ch3   +0.98 (max dev 0.33)
[meter] 5.2000 GHz  windows 7909  with tone 1342  worst SNR 8.8 dB | ch1   +0.14 (max dev 0.09)  ch2   +1.61 (max dev 0.25)  ch3   +2.12 (max dev 0.27)
[meter] 2.4000 GHz  windows 7909  with tone 6443  worst SNR 9.2 dB | ch1   +0.60 (max dev 0.07)  ch2   +0.62 (max dev 0.29)  ch3   +0.98 (max dev 0.33)
[meter] 5.8000 GHz  windows 7908  with tone 128  worst SNR 9.1 dB | ch1   -0.17 (max dev 0.06)  ch2   +1.59 (max dev 0.13)  ch3   +2.53 (max dev 0.15)
[meter] 5.2000 GHz  windows 7909  with tone 1342  worst SNR 8.8 dB | ch1   +0.14 (max dev 0.09)  ch2   +1.61 (max dev 0.25)  ch3   +2.12 (max dev 0.27)
[meter] 5.8000 GHz  windows 7908  with tone 128  worst SNR 9.1 dB | ch1   -0.17 (max dev 0.06)  ch2   +1.59 (max dev 0.13)  ch3   +2.53 (max dev 0.15)
[meter] 2.4000 GHz  windows 7992  with tone 6526  worst SNR 9.2 dB | ch1   +0.60 (max dev 0.06)  ch2   +0.62 (max dev 0.28)  ch3   +0.97 (max dev 0.32)
[meter] 5.2000 GHz  windows 7992  with tone 1342  worst SNR 8.8 dB | ch1   +0.14 (max dev 0.09)  ch2   +1.61 (max dev 0.25)  ch3   +2.12 (max dev 0.27)
[meter] 5.8000 GHz  windows 7991  with tone 128  worst SNR 9.1 dB | ch1   -0.17 (max dev 0.06)  ch2   +1.59 (max dev 0.13)  ch3   +2.53 (max dev 0.15)
[meter] 2.4000 GHz  windows 7992  with tone 6526  worst SNR 9.2 dB | ch1   +0.60 (max dev 0.06)  ch2   +0.62 (max dev 0.28)  ch3   +0.97 (max dev 0.32)
[meter] 2.4000 GHz  windows 7992  with tone 6526  worst SNR 9.2 dB | ch1   +0.60 (max dev 0.06)  ch2   +0.62 (max dev 0.28)  ch3   +0.97 (max dev 0.32)
[meter] 5.2000 GHz  windows 7992  with tone 1342  worst SNR 8.8 dB | ch1   +0.14 (max dev 0.09)  ch2   +1.61 (max dev 0.25)  ch3   +2.12 (max dev 0.27)
[meter] 5.2000 GHz  windows 7992  with tone 1342  worst SNR 8.8 dB | ch1   +0.14 (max dev 0.09)  ch2   +1.61 (max dev 0.25)  ch3   +2.12 (max dev 0.27)
[meter] 5.8000 GHz  windows 7992  with tone 128  worst SNR 9.1 dB | ch1   -0.17 (max dev 0.06)  ch2   +1.59 (max dev 0.13)  ch3   +2.53 (max dev 0.15)
[meter] 5.8000 GHz  windows 7992  with tone 128  worst SNR 9.1 dB | ch1   -0.17 (max dev 0.06)  ch2   +1.59 (max dev 0.13)  ch3   +2.53 (max dev 0.15)
[meter] 2.4000 GHz  windows 8075  with tone 6609  worst SNR 9.2 dB | ch1   +0.61 (max dev 0.06)  ch2   +0.62 (max dev 0.28)  ch3   +0.98 (max dev 0.33)
[meter] 5.2000 GHz  windows 8075  with tone 1342  worst SNR 8.8 dB | ch1   +0.14 (max dev 0.09)  ch2   +1.61 (max dev 0.25)  ch3   +2.12 (max dev 0.27)
[meter] 5.8000 GHz  windows 8075  with tone 128  worst SNR 9.1 dB | ch1   -0.17 (max dev 0.06)  ch2   +1.59 (max dev 0.13)  ch3   +2.53 (max dev 0.15)
[meter] 2.4000 GHz  windows 8076  with tone 6610  worst SNR 9.2 dB | ch1   +0.60 (max dev 0.06)  ch2   +0.62 (max dev 0.29)  ch3   +0.98 (max dev 0.33)[meter] 2.4000 GHz  windows 8076  with tone 6610  worst SNR 9.2 dB | ch1   +0.60 (max dev 0.06)  ch2   +0.62 (max dev 0.29)  ch3   +0.98 (max dev 0.33)

[meter] 5.2000 GHz  windows 8075  with tone 1342  worst SNR 8.8 dB | ch1   +0.14 (max dev 0.09)  ch2   +1.61 (max dev 0.25)  ch3   +2.12 (max dev 0.27)
[meter] 5.2000 GHz  windows 8075  with tone 1342  worst SNR 8.8 dB | ch1   +0.14 (max dev 0.09)  ch2   +1.61 (max dev 0.25)  ch3   +2.12 (max dev 0.27)
[meter] 5.8000 GHz  windows 8075  with tone 128  worst SNR 9.1 dB | ch1   -0.17 (max dev 0.06)  ch2   +1.59 (max dev 0.13)  ch3   +2.53 (max dev 0.15)
[meter] 5.8000 GHz  windows 8075  with tone 128  worst SNR 9.1 dB | ch1   -0.17 (max dev 0.06)  ch2   +1.59 (max dev 0.13)  ch3   +2.53 (max dev 0.15)
[meter] 2.4000 GHz  windows 8159  with tone 6693  worst SNR 9.2 dB | ch1   +0.60 (max dev 0.06)  ch2   +0.64 (max dev 0.30)  ch3   +1.00 (max dev 0.30)
[meter] 5.2000 GHz  windows 8159  with tone 1342  worst SNR 8.8 dB | ch1   +0.14 (max dev 0.09)  ch2   +1.61 (max dev 0.25)  ch3   +2.12 (max dev 0.27)
[meter] 5.8000 GHz  windows 8158  with tone 128  worst SNR 9.1 dB | ch1   -0.17 (max dev 0.06)  ch2   +1.59 (max dev 0.13)  ch3   +2.53 (max dev 0.15)
[meter] 2.4000 GHz  windows 8159  with tone 6693  worst SNR 9.2 dB | ch1   +0.60 (max dev 0.06)  ch2   +0.64 (max dev 0.30)  ch3   +1.00 (max dev 0.30)
[meter] 2.4000 GHz  windows 8159  with tone 6693  worst SNR 9.2 dB | ch1   +0.60 (max dev 0.06)  ch2   +0.64 (max dev 0.30)  ch3   +1.00 (max dev 0.30)
[meter] 5.2000 GHz  windows 8159  with tone 1342  worst SNR 8.8 dB | ch1   +0.14 (max dev 0.09)  ch2   +1.61 (max dev 0.25)  ch3   +2.12 (max dev 0.27)[meter] 5.2000 GHz  windows 8159  with tone 1342  worst SNR 8.8 dB | ch1   +0.14 (max dev 0.09)  ch2   +1.61 (max dev 0.25)  ch3   +2.12 (max dev 0.27)

[meter] 5.8000 GHz  windows 8158  with tone 128  worst SNR 9.1 dB | ch1   -0.17 (max dev 0.06)  ch2   +1.59 (max dev 0.13)  ch3   +2.53 (max dev 0.15)
[meter] 5.8000 GHz  windows 8158  with tone 128  worst SNR 9.1 dB | ch1   -0.17 (max dev 0.06)  ch2   +1.59 (max dev 0.13)  ch3   +2.53 (max dev 0.15)
[meter] 2.4000 GHz  windows 8242  with tone 6776  worst SNR 9.2 dB | ch1   +0.60 (max dev 0.07)  ch2   +0.66 (max dev 0.29)  ch3   +1.02 (max dev 0.32)
[meter] 5.2000 GHz  windows 8242  with tone 1342  worst SNR 8.8 dB | ch1   +0.14 (max dev 0.09)  ch2   +1.61 (max dev 0.25)  ch3   +2.12 (max dev 0.27)
[meter] 5.8000 GHz  windows 8242  with tone 128  worst SNR 9.1 dB | ch1   -0.17 (max dev 0.06)  ch2   +1.59 (max dev 0.13)  ch3   +2.53 (max dev 0.15)
[meter] 2.4000 GHz  windows 8242  with tone 6776  worst SNR 9.2 dB | ch1   +0.60 (max dev 0.07)  ch2   +0.66 (max dev 0.29)  ch3   +1.02 (max dev 0.32)[meter] 2.4000 GHz  windows 8242  with tone 6776  worst SNR 9.2 dB | ch1   +0.60 (max dev 0.07)  ch2   +0.66 (max dev 0.29)  ch3   +1.02 (max dev 0.32)

[meter] 5.2000 GHz  windows 8242  with tone 1342  worst SNR 8.8 dB | ch1   +0.14 (max dev 0.09)  ch2   +1.61 (max dev 0.25)  ch3   +2.12 (max dev 0.27)
[meter] 5.2000 GHz  windows 8242  with tone 1342  worst SNR 8.8 dB | ch1   +0.14 (max dev 0.09)  ch2   +1.61 (max dev 0.25)  ch3   +2.12 (max dev 0.27)
[meter] 5.8000 GHz  windows 8242  with tone 128  worst SNR 9.1 dB | ch1   -0.17 (max dev 0.06)  ch2   +1.59 (max dev 0.13)  ch3   +2.53 (max dev 0.15)
[meter] 5.8000 GHz  windows 8242  with tone 128  worst SNR 9.1 dB | ch1   -0.17 (max dev 0.06)  ch2   +1.59 (max dev 0.13)  ch3   +2.53 (max dev 0.15)
[meter] 2.4000 GHz  windows 8326  with tone 6860  worst SNR 9.2 dB | ch1   +0.60 (max dev 0.07)  ch2   +0.68 (max dev 0.28)  ch3   +1.04 (max dev 0.30)
[meter] 5.2000 GHz  windows 8325  with tone 1342  worst SNR 8.8 dB | ch1   +0.14 (max dev 0.09)  ch2   +1.61 (max dev 0.25)  ch3   +2.12 (max dev 0.27)
[meter] 5.8000 GHz  windows 8325  with tone 128  worst SNR 9.1 dB | ch1   -0.17 (max dev 0.06)  ch2   +1.59 (max dev 0.13)  ch3   +2.53 (max dev 0.15)
[meter] 2.4000 GHz  windows 8326  with tone 6860  worst SNR 9.2 dB | ch1   +0.60 (max dev 0.07)  ch2   +0.68 (max dev 0.28)  ch3   +1.04 (max dev 0.30)
[meter] 2.4000 GHz  windows 8326  with tone 6860  worst SNR 9.2 dB | ch1   +0.60 (max dev 0.07)  ch2   +0.68 (max dev 0.28)  ch3   +1.04 (max dev 0.30)
[meter] 5.2000 GHz  windows 8325  with tone 1342  worst SNR 8.8 dB | ch1   +0.14 (max dev 0.09)  ch2   +1.61 (max dev 0.25)  ch3   +2.12 (max dev 0.27)
[meter] 5.2000 GHz  windows 8325  with tone 1342  worst SNR 8.8 dB | ch1   +0.14 (max dev 0.09)  ch2   +1.61 (max dev 0.25)  ch3   +2.12 (max dev 0.27)
[meter] 5.8000 GHz  windows 8325  with tone 128  worst SNR 9.1 dB | ch1   -0.17 (max dev 0.06)  ch2   +1.59 (max dev 0.13)  ch3   +2.53 (max dev 0.15)
[meter] 5.8000 GHz  windows 8325  with tone 128  worst SNR 9.1 dB | ch1   -0.17 (max dev 0.06)  ch2   +1.59 (max dev 0.13)  ch3   +2.53 (max dev 0.15)
[meter] 2.4000 GHz  windows 8409  with tone 6943  worst SNR 9.2 dB | ch1   +0.61 (max dev 0.07)  ch2   +0.68 (max dev 0.25)  ch3   +1.04 (max dev 0.29)
[meter] 5.2000 GHz  windows 8409  with tone 1342  worst SNR 8.8 dB | ch1   +0.14 (max dev 0.09)  ch2   +1.61 (max dev 0.25)  ch3   +2.12 (max dev 0.27)
[meter] 5.8000 GHz  windows 8408  with tone 128  worst SNR 9.1 dB | ch1   -0.17 (max dev 0.06)  ch2   +1.59 (max dev 0.13)  ch3   +2.53 (max dev 0.15)
[meter] 2.4000 GHz  windows 8409  with tone 6943  worst SNR 9.2 dB | ch1   +0.61 (max dev 0.07)  ch2   +0.68 (max dev 0.25)  ch3   +1.04 (max dev 0.29)[meter] 2.4000 GHz  windows 8409  with tone 6943  worst SNR 9.2 dB | ch1   +0.61 (max dev 0.07)  ch2   +0.68 (max dev 0.25)  ch3   +1.04 (max dev 0.29)

[meter] 5.2000 GHz  windows 8409  with tone 1342  worst SNR 8.8 dB | ch1   +0.14 (max dev 0.09)  ch2   +1.61 (max dev 0.25)  ch3   +2.12 (max dev 0.27)
[meter] 5.2000 GHz  windows 8409  with tone 1342  worst SNR 8.8 dB | ch1   +0.14 (max dev 0.09)  ch2   +1.61 (max dev 0.25)  ch3   +2.12 (max dev 0.27)
[meter] 5.8000 GHz  windows 8408  with tone 128  worst SNR 9.1 dB | ch1   -0.17 (max dev 0.06)  ch2   +1.59 (max dev 0.13)  ch3   +2.53 (max dev 0.15)
[meter] 5.8000 GHz  windows 8408  with tone 128  worst SNR 9.1 dB | ch1   -0.17 (max dev 0.06)  ch2   +1.59 (max dev 0.13)  ch3   +2.53 (max dev 0.15)
[meter] 2.4000 GHz  windows 8492  with tone 7026  worst SNR 9.2 dB | ch1   +0.61 (max dev 0.07)  ch2   +0.69 (max dev 0.25)  ch3   +1.05 (max dev 0.29)
[meter] 5.2000 GHz  windows 8492  with tone 1342  worst SNR 8.8 dB | ch1   +0.14 (max dev 0.09)  ch2   +1.61 (max dev 0.25)  ch3   +2.12 (max dev 0.27)
[meter] 5.8000 GHz  windows 8492  with tone 128  worst SNR 9.1 dB | ch1   -0.17 (max dev 0.06)  ch2   +1.59 (max dev 0.13)  ch3   +2.53 (max dev 0.15)
[meter] 2.4000 GHz  windows 8492  with tone 7026  worst SNR 9.2 dB | ch1   +0.61 (max dev 0.07)  ch2   +0.69 (max dev 0.25)  ch3   +1.05 (max dev 0.29)
[meter] 2.4000 GHz  windows 8492  with tone 7026  worst SNR 9.2 dB | ch1   +0.61 (max dev 0.07)  ch2   +0.69 (max dev 0.25)  ch3   +1.05 (max dev 0.29)
[meter] 5.2000 GHz  windows 8492  with tone 1342  worst SNR 8.8 dB | ch1   +0.14 (max dev 0.09)  ch2   +1.61 (max dev 0.25)  ch3   +2.12 (max dev 0.27)
[meter] 5.2000 GHz  windows 8492  with tone 1342  worst SNR 8.8 dB | ch1   +0.14 (max dev 0.09)  ch2   +1.61 (max dev 0.25)  ch3   +2.12 (max dev 0.27)
[meter] 5.8000 GHz  windows 8492  with tone 128  worst SNR 9.1 dB | ch1   -0.17 (max dev 0.06)  ch2   +1.59 (max dev 0.13)  ch3   +2.53 (max dev 0.15)
[meter] 5.8000 GHz  windows 8492  with tone 128  worst SNR 9.1 dB | ch1   -0.17 (max dev 0.06)  ch2   +1.59 (max dev 0.13)  ch3   +2.53 (max dev 0.15)
[meter] 2.4000 GHz  windows 8576  with tone 7110  worst SNR 9.2 dB | ch1   +0.61 (max dev 0.06)  ch2   +0.70 (max dev 0.26)  ch3   +1.06 (max dev 0.31)
[meter] 5.2000 GHz  windows 8575  with tone 1342  worst SNR 8.8 dB | ch1   +0.14 (max dev 0.09)  ch2   +1.61 (max dev 0.25)  ch3   +2.12 (max dev 0.27)
[meter] 5.8000 GHz  windows 8575  with tone 128  worst SNR 9.1 dB | ch1   -0.17 (max dev 0.06)  ch2   +1.59 (max dev 0.13)  ch3   +2.53 (max dev 0.15)
[meter] 2.4000 GHz  windows 8576  with tone 7110  worst SNR 9.2 dB | ch1   +0.61 (max dev 0.06)  ch2   +0.70 (max dev 0.26)  ch3   +1.06 (max dev 0.31)
[meter] 2.4000 GHz  windows 8576  with tone 7110  worst SNR 9.2 dB | ch1   +0.61 (max dev 0.06)  ch2   +0.70 (max dev 0.26)  ch3   +1.06 (max dev 0.31)
[meter] 5.2000 GHz  windows 8575  with tone 1342  worst SNR 8.8 dB | ch1   +0.14 (max dev 0.09)  ch2   +1.61 (max dev 0.25)  ch3   +2.12 (max dev 0.27)
[meter] 5.2000 GHz  windows 8575  with tone 1342  worst SNR 8.8 dB | ch1   +0.14 (max dev 0.09)  ch2   +1.61 (max dev 0.25)  ch3   +2.12 (max dev 0.27)
[meter] 5.8000 GHz  windows 8575  with tone 128  worst SNR 9.1 dB | ch1   -0.17 (max dev 0.06)  ch2   +1.59 (max dev 0.13)  ch3   +2.53 (max dev 0.15)
[meter] 5.8000 GHz  windows 8575  with tone 128  worst SNR 9.1 dB | ch1   -0.17 (max dev 0.06)  ch2   +1.59 (max dev 0.13)  ch3   +2.53 (max dev 0.15)
[meter] 2.4000 GHz  windows 8659  with tone 7193  worst SNR 9.2 dB | ch1   +0.61 (max dev 0.07)  ch2   +0.72 (max dev 0.28)  ch3   +1.09 (max dev 0.28)
[meter] 5.2000 GHz  windows 8659  with tone 1342  worst SNR 8.8 dB | ch1   +0.14 (max dev 0.09)  ch2   +1.61 (max dev 0.25)  ch3   +2.12 (max dev 0.27)
[meter] 5.8000 GHz  windows 8658  with tone 128  worst SNR 9.1 dB | ch1   -0.17 (max dev 0.06)  ch2   +1.59 (max dev 0.13)  ch3   +2.53 (max dev 0.15)
[meter] 2.4000 GHz  windows 8659  with tone 7193  worst SNR 9.2 dB | ch1   +0.61 (max dev 0.07)  ch2   +0.72 (max dev 0.28)  ch3   +1.09 (max dev 0.28)[meter] 2.4000 GHz  windows 8659  with tone 7193  worst SNR 9.2 dB | ch1   +0.61 (max dev 0.07)  ch2   +0.72 (max dev 0.28)  ch3   +1.09 (max dev 0.28)

[meter] 5.2000 GHz  windows 8659  with tone 1342  worst SNR 8.8 dB | ch1   +0.14 (max dev 0.09)  ch2   +1.61 (max dev 0.25)  ch3   +2.12 (max dev 0.27)
[meter] 5.2000 GHz  windows 8659  with tone 1342  worst SNR 8.8 dB | ch1   +0.14 (max dev 0.09)  ch2   +1.61 (max dev 0.25)  ch3   +2.12 (max dev 0.27)
[meter] 5.8000 GHz  windows 8658  with tone 128  worst SNR 9.1 dB | ch1   -0.17 (max dev 0.06)  ch2   +1.59 (max dev 0.13)  ch3   +2.53 (max dev 0.15)
[meter] 5.8000 GHz  windows 8658  with tone 128  worst SNR 9.1 dB | ch1   -0.17 (max dev 0.06)  ch2   +1.59 (max dev 0.13)  ch3   +2.53 (max dev 0.15)
[meter] 2.4000 GHz  windows 8742  with tone 7276  worst SNR 9.2 dB | ch1   +0.61 (max dev 0.07)  ch2   +0.74 (max dev 0.19)  ch3   +1.11 (max dev 0.16)
[meter] 5.2000 GHz  windows 8742  with tone 1342  worst SNR 8.8 dB | ch1   +0.14 (max dev 0.09)  ch2   +1.61 (max dev 0.25)  ch3   +2.12 (max dev 0.27)
[meter] 5.8000 GHz  windows 8742  with tone 128  worst SNR 9.1 dB | ch1   -0.17 (max dev 0.06)  ch2   +1.59 (max dev 0.13)  ch3   +2.53 (max dev 0.15)
[meter] 2.4000 GHz  windows 8742  with tone 7276  worst SNR 9.2 dB | ch1   +0.61 (max dev 0.07)  ch2   +0.74 (max dev 0.19)  ch3   +1.11 (max dev 0.16)
[meter] 5.2000 GHz  windows 8742  with tone 1342  worst SNR 8.8 dB | ch1   +0.14 (max dev 0.09)  ch2   +1.61 (max dev 0.25)  ch3   +2.12 (max dev 0.27)
[meter] 5.8000 GHz  windows 8742  with tone 128  worst SNR 9.1 dB | ch1   -0.17 (max dev 0.06)  ch2   +1.59 (max dev 0.13)  ch3   +2.53 (max dev 0.15)
[meter] 2.4000 GHz  windows 8742  with tone 7276  worst SNR 9.2 dB | ch1   +0.61 (max dev 0.07)  ch2   +0.74 (max dev 0.19)  ch3   +1.11 (max dev 0.16)
[meter] 5.2000 GHz  windows 8742  with tone 1342  worst SNR 8.8 dB | ch1   +0.14 (max dev 0.09)  ch2   +1.61 (max dev 0.25)  ch3   +2.12 (max dev 0.27)
[meter] 5.8000 GHz  windows 8742  with tone 128  worst SNR 9.1 dB | ch1   -0.17 (max dev 0.06)  ch2   +1.59 (max dev 0.13)  ch3   +2.53 (max dev 0.15)
[meter] 2.4000 GHz  windows 8826  with tone 7360  worst SNR 9.2 dB | ch1   +0.61 (max dev 0.06)  ch2   +0.77 (max dev 0.25)  ch3   +1.13 (max dev 0.23)
[meter] 5.2000 GHz  windows 8825  with tone 1342  worst SNR 8.8 dB | ch1   +0.14 (max dev 0.09)  ch2   +1.61 (max dev 0.25)  ch3   +2.12 (max dev 0.27)
[meter] 5.8000 GHz  windows 8825  with tone 128  worst SNR 9.1 dB | ch1   -0.17 (max dev 0.06)  ch2   +1.59 (max dev 0.13)  ch3   +2.53 (max dev 0.15)
[meter] 2.4000 GHz  windows 8826  with tone 7360  worst SNR 9.2 dB | ch1   +0.61 (max dev 0.06)  ch2   +0.77 (max dev 0.25)  ch3   +1.13 (max dev 0.23)[meter] 2.4000 GHz  windows 8826  with tone 7360  worst SNR 9.2 dB | ch1   +0.61 (max dev 0.06)  ch2   +0.77 (max dev 0.25)  ch3   +1.13 (max dev 0.23)

[meter] 5.2000 GHz  windows 8825  with tone 1342  worst SNR 8.8 dB | ch1   +0.14 (max dev 0.09)  ch2   +1.61 (max dev 0.25)  ch3   +2.12 (max dev 0.27)
[meter] 5.2000 GHz  windows 8825  with tone 1342  worst SNR 8.8 dB | ch1   +0.14 (max dev 0.09)  ch2   +1.61 (max dev 0.25)  ch3   +2.12 (max dev 0.27)
[meter] 5.8000 GHz  windows 8825  with tone 128  worst SNR 9.1 dB | ch1   -0.17 (max dev 0.06)  ch2   +1.59 (max dev 0.13)  ch3   +2.53 (max dev 0.15)
[meter] 5.8000 GHz  windows 8825  with tone 128  worst SNR 9.1 dB | ch1   -0.17 (max dev 0.06)  ch2   +1.59 (max dev 0.13)  ch3   +2.53 (max dev 0.15)
[meter] 2.4000 GHz  windows 8909  with tone 7443  worst SNR 9.2 dB | ch1   +0.61 (max dev 0.05)  ch2   +0.77 (max dev 0.33)  ch3   +1.13 (max dev 0.29)
[meter] 5.2000 GHz  windows 8909  with tone 1342  worst SNR 8.8 dB | ch1   +0.14 (max dev 0.09)  ch2   +1.61 (max dev 0.25)  ch3   +2.12 (max dev 0.27)
[meter] 5.8000 GHz  windows 8908  with tone 128  worst SNR 9.1 dB | ch1   -0.17 (max dev 0.06)  ch2   +1.59 (max dev 0.13)  ch3   +2.53 (max dev 0.15)
[meter] 2.4000 GHz  windows 8909  with tone 7443  worst SNR 9.2 dB | ch1   +0.61 (max dev 0.05)  ch2   +0.77 (max dev 0.33)  ch3   +1.13 (max dev 0.29)[meter] 2.4000 GHz  windows 8909  with tone 7443  worst SNR 9.2 dB | ch1   +0.61 (max dev 0.05)  ch2   +0.77 (max dev 0.33)  ch3   +1.13 (max dev 0.29)

[meter] 5.2000 GHz  windows 8909  with tone 1342  worst SNR 8.8 dB | ch1   +0.14 (max dev 0.09)  ch2   +1.61 (max dev 0.25)  ch3   +2.12 (max dev 0.27)
[meter] 5.2000 GHz  windows 8909  with tone 1342  worst SNR 8.8 dB | ch1   +0.14 (max dev 0.09)  ch2   +1.61 (max dev 0.25)  ch3   +2.12 (max dev 0.27)
[meter] 5.8000 GHz  windows 8909  with tone 128  worst SNR 9.1 dB | ch1   -0.17 (max dev 0.06)  ch2   +1.59 (max dev 0.13)  ch3   +2.53 (max dev 0.15)
[meter] 5.8000 GHz  windows 8909  with tone 128  worst SNR 9.1 dB | ch1   -0.17 (max dev 0.06)  ch2   +1.59 (max dev 0.13)  ch3   +2.53 (max dev 0.15)
[meter] 2.4000 GHz  windows 8992  with tone 7526  worst SNR 9.2 dB | ch1   +0.62 (max dev 0.06)  ch2   +0.76 (max dev 0.32)  ch3   +1.12 (max dev 0.28)
[meter] 5.2000 GHz  windows 8992  with tone 1342  worst SNR 8.8 dB | ch1   +0.14 (max dev 0.09)  ch2   +1.61 (max dev 0.25)  ch3   +2.12 (max dev 0.27)
[meter] 5.8000 GHz  windows 8992  with tone 128  worst SNR 9.1 dB | ch1   -0.17 (max dev 0.06)  ch2   +1.59 (max dev 0.13)  ch3   +2.53 (max dev 0.15)
[meter] 2.4000 GHz  windows 8993  with tone 7527  worst SNR 9.2 dB | ch1   +0.62 (max dev 0.06)  ch2   +0.76 (max dev 0.32)  ch3   +1.12 (max dev 0.28)
[meter] 2.4000 GHz  windows 8993  with tone 7527  worst SNR 9.2 dB | ch1   +0.62 (max dev 0.06)  ch2   +0.76 (max dev 0.32)  ch3   +1.12 (max dev 0.28)
[meter] 5.2000 GHz  windows 8992  with tone 1342  worst SNR 8.8 dB | ch1   +0.14 (max dev 0.09)  ch2   +1.61 (max dev 0.25)  ch3   +2.12 (max dev 0.27)
[meter] 5.8000 GHz  windows 8992  with tone 128  worst SNR 9.1 dB | ch1   -0.17 (max dev 0.06)  ch2   +1.59 (max dev 0.13)  ch3   +2.53 (max dev 0.15)
[meter] 5.2000 GHz  windows 8992  with tone 1342  worst SNR 8.8 dB | ch1   +0.14 (max dev 0.09)  ch2   +1.61 (max dev 0.25)  ch3   +2.12 (max dev 0.27)
[meter] 5.8000 GHz  windows 8992  with tone 128  worst SNR 9.1 dB | ch1   -0.17 (max dev 0.06)  ch2   +1.59 (max dev 0.13)  ch3   +2.53 (max dev 0.15)
[meter] 2.4000 GHz  windows 9076  with tone 7610  worst SNR 9.2 dB | ch1   +0.61 (max dev 0.06)  ch2   +0.75 (max dev 0.31)  ch3   +1.12 (max dev 0.28)
[meter] 5.2000 GHz  windows 9075  with tone 1342  worst SNR 8.8 dB | ch1   +0.14 (max dev 0.09)  ch2   +1.61 (max dev 0.25)  ch3   +2.12 (max dev 0.27)
[meter] 5.8000 GHz  windows 9075  with tone 128  worst SNR 9.1 dB | ch1   -0.17 (max dev 0.06)  ch2   +1.59 (max dev 0.13)  ch3   +2.53 (max dev 0.15)
[meter] 2.4000 GHz  windows 9076  with tone 7610  worst SNR 9.2 dB | ch1   +0.61 (max dev 0.06)  ch2   +0.75 (max dev 0.31)  ch3   +1.12 (max dev 0.28)
[meter] 5.2000 GHz  windows 9076  with tone 1342  worst SNR 8.8 dB | ch1   +0.14 (max dev 0.09)  ch2   +1.61 (max dev 0.25)  ch3   +2.12 (max dev 0.27)
[meter] 5.8000 GHz  windows 9075  with tone 128  worst SNR 9.1 dB | ch1   -0.17 (max dev 0.06)  ch2   +1.59 (max dev 0.13)  ch3   +2.53 (max dev 0.15)
[meter] 2.4000 GHz  windows 9076  with tone 7610  worst SNR 9.2 dB | ch1   +0.61 (max dev 0.06)  ch2   +0.75 (max dev 0.31)  ch3   +1.12 (max dev 0.28)
[meter] 5.2000 GHz  windows 9076  with tone 1342  worst SNR 8.8 dB | ch1   +0.14 (max dev 0.09)  ch2   +1.61 (max dev 0.25)  ch3   +2.12 (max dev 0.27)
[meter] 5.8000 GHz  windows 9075  with tone 128  worst SNR 9.1 dB | ch1   -0.17 (max dev 0.06)  ch2   +1.59 (max dev 0.13)  ch3   +2.53 (max dev 0.15)
[meter] 2.4000 GHz  windows 9159  with tone 7693  worst SNR 9.2 dB | ch1   +0.62 (max dev 0.06)  ch2   +0.75 (max dev 0.26)  ch3   +1.12 (max dev 0.29)
[meter] 5.2000 GHz  windows 9159  with tone 1342  worst SNR 8.8 dB | ch1   +0.14 (max dev 0.09)  ch2   +1.61 (max dev 0.25)  ch3   +2.12 (max dev 0.27)
[meter] 5.8000 GHz  windows 9158  with tone 128  worst SNR 9.1 dB | ch1   -0.17 (max dev 0.06)  ch2   +1.59 (max dev 0.13)  ch3   +2.53 (max dev 0.15)
[meter] 2.4000 GHz  windows 9159  with tone 7693  worst SNR 9.2 dB | ch1   +0.62 (max dev 0.06)  ch2   +0.75 (max dev 0.26)  ch3   +1.12 (max dev 0.29)
[meter] 2.4000 GHz  windows 9159  with tone 7693  worst SNR 9.2 dB | ch1   +0.62 (max dev 0.06)  ch2   +0.75 (max dev 0.26)  ch3   +1.12 (max dev 0.29)
[meter] 5.2000 GHz  windows 9159  with tone 1342  worst SNR 8.8 dB | ch1   +0.14 (max dev 0.09)  ch2   +1.61 (max dev 0.25)  ch3   +2.12 (max dev 0.27)
[meter] 5.2000 GHz  windows 9159  with tone 1342  worst SNR 8.8 dB | ch1   +0.14 (max dev 0.09)  ch2   +1.61 (max dev 0.25)  ch3   +2.12 (max dev 0.27)
[meter] 5.8000 GHz  windows 9159  with tone 128  worst SNR 9.1 dB | ch1   -0.17 (max dev 0.06)  ch2   +1.59 (max dev 0.13)  ch3   +2.53 (max dev 0.15)
[meter] 5.8000 GHz  windows 9159  with tone 128  worst SNR 9.1 dB | ch1   -0.17 (max dev 0.06)  ch2   +1.59 (max dev 0.13)  ch3   +2.53 (max dev 0.15)
[meter] 2.4000 GHz  windows 9243  with tone 7777  worst SNR 9.2 dB | ch1   +0.62 (max dev 0.06)  ch2   +0.76 (max dev 0.07)  ch3   +1.12 (max dev 0.09)
[meter] 5.2000 GHz  windows 9242  with tone 1342  worst SNR 8.8 dB | ch1   +0.14 (max dev 0.09)  ch2   +1.61 (max dev 0.25)  ch3   +2.12 (max dev 0.27)
[meter] 5.8000 GHz  windows 9242  with tone 128  worst SNR 9.1 dB | ch1   -0.17 (max dev 0.06)  ch2   +1.59 (max dev 0.13)  ch3   +2.53 (max dev 0.15)
[meter] 2.4000 GHz  windows 9243  with tone 7777  worst SNR 9.2 dB | ch1   +0.62 (max dev 0.06)  ch2   +0.76 (max dev 0.07)  ch3   +1.12 (max dev 0.09)
[meter] 5.2000 GHz  windows 9242  with tone 1342  worst SNR 8.8 dB | ch1   +0.14 (max dev 0.09)  ch2   +1.61 (max dev 0.25)  ch3   +2.12 (max dev 0.27)
[meter] 5.8000 GHz  windows 9242  with tone 128  worst SNR 9.1 dB | ch1   -0.17 (max dev 0.06)  ch2   +1.59 (max dev 0.13)  ch3   +2.53 (max dev 0.15)
[meter] 2.4000 GHz  windows 9243  with tone 7777  worst SNR 9.2 dB | ch1   +0.62 (max dev 0.06)  ch2   +0.76 (max dev 0.07)  ch3   +1.12 (max dev 0.09)
[meter] 5.2000 GHz  windows 9242  with tone 1342  worst SNR 8.8 dB | ch1   +0.14 (max dev 0.09)  ch2   +1.61 (max dev 0.25)  ch3   +2.12 (max dev 0.27)
[meter] 5.8000 GHz  windows 9242  with tone 128  worst SNR 9.1 dB | ch1   -0.17 (max dev 0.06)  ch2   +1.59 (max dev 0.13)  ch3   +2.53 (max dev 0.15)
[meter] 2.4000 GHz  windows 9326  with tone 7860  worst SNR 9.2 dB | ch1   +0.62 (max dev 0.06)  ch2   +0.75 (max dev 0.31)  ch3   +1.12 (max dev 0.26)
[meter] 5.2000 GHz  windows 9326  with tone 1342  worst SNR 8.8 dB | ch1   +0.14 (max dev 0.09)  ch2   +1.61 (max dev 0.25)  ch3   +2.12 (max dev 0.27)
[meter] 5.8000 GHz  windows 9325  with tone 128  worst SNR 9.1 dB | ch1   -0.17 (max dev 0.06)  ch2   +1.59 (max dev 0.13)  ch3   +2.53 (max dev 0.15)
[meter] 2.4000 GHz  windows 9326  with tone 7860  worst SNR 9.2 dB | ch1   +0.62 (max dev 0.06)  ch2   +0.75 (max dev 0.31)  ch3   +1.12 (max dev 0.26)
[meter] 5.2000 GHz  windows 9326  with tone 1342  worst SNR 8.8 dB | ch1   +0.14 (max dev 0.09)  ch2   +1.61 (max dev 0.25)  ch3   +2.12 (max dev 0.27)
[meter] 5.8000 GHz  windows 9325  with tone 128  worst SNR 9.1 dB | ch1   -0.17 (max dev 0.06)  ch2   +1.59 (max dev 0.13)  ch3   +2.53 (max dev 0.15)
[meter] 2.4000 GHz  windows 9326  with tone 7860  worst SNR 9.2 dB | ch1   +0.62 (max dev 0.06)  ch2   +0.75 (max dev 0.31)  ch3   +1.12 (max dev 0.26)
[meter] 5.2000 GHz  windows 9326  with tone 1342  worst SNR 8.8 dB | ch1   +0.14 (max dev 0.09)  ch2   +1.61 (max dev 0.25)  ch3   +2.12 (max dev 0.27)
[meter] 5.8000 GHz  windows 9325  with tone 128  worst SNR 9.1 dB | ch1   -0.17 (max dev 0.06)  ch2   +1.59 (max dev 0.13)  ch3   +2.53 (max dev 0.15)
[meter] 2.4000 GHz  windows 9409  with tone 7943  worst SNR 9.2 dB | ch1   +0.62 (max dev 0.06)  ch2   +0.74 (max dev 0.30)  ch3   +1.11 (max dev 0.29)
[meter] 5.2000 GHz  windows 9409  with tone 1342  worst SNR 8.8 dB | ch1   +0.14 (max dev 0.09)  ch2   +1.61 (max dev 0.25)  ch3   +2.12 (max dev 0.27)
[meter] 5.8000 GHz  windows 9409  with tone 128  worst SNR 9.1 dB | ch1   -0.17 (max dev 0.06)  ch2   +1.59 (max dev 0.13)  ch3   +2.53 (max dev 0.15)
[meter] 2.4000 GHz  windows 9409  with tone 7943  worst SNR 9.2 dB | ch1   +0.62 (max dev 0.06)  ch2   +0.74 (max dev 0.30)  ch3   +1.11 (max dev 0.29)
[meter] 5.2000 GHz  windows 9409  with tone 1342  worst SNR 8.8 dB | ch1   +0.14 (max dev 0.09)  ch2   +1.61 (max dev 0.25)  ch3   +2.12 (max dev 0.27)
[meter] 5.8000 GHz  windows 9409  with tone 128  worst SNR 9.1 dB | ch1   -0.17 (max dev 0.06)  ch2   +1.59 (max dev 0.13)  ch3   +2.53 (max dev 0.15)
[meter] 2.4000 GHz  windows 9409  with tone 7943  worst SNR 9.2 dB | ch1   +0.62 (max dev 0.06)  ch2   +0.74 (max dev 0.30)  ch3   +1.11 (max dev 0.29)
[meter] 5.2000 GHz  windows 9409  with tone 1342  worst SNR 8.8 dB | ch1   +0.14 (max dev 0.09)  ch2   +1.61 (max dev 0.25)  ch3   +2.12 (max dev 0.27)
[meter] 5.8000 GHz  windows 9409  with tone 128  worst SNR 9.1 dB | ch1   -0.17 (max dev 0.06)  ch2   +1.59 (max dev 0.13)  ch3   +2.53 (max dev 0.15)
[meter] 2.4000 GHz  windows 9493  with tone 8027  worst SNR 9.2 dB | ch1   +0.62 (max dev 0.06)  ch2   +0.74 (max dev 0.27)  ch3   +1.11 (max dev 0.28)
[meter] 5.2000 GHz  windows 9492  with tone 1342  worst SNR 8.8 dB | ch1   +0.14 (max dev 0.09)  ch2   +1.61 (max dev 0.25)  ch3   +2.12 (max dev 0.27)
[meter] 5.8000 GHz  windows 9492  with tone 128  worst SNR 9.1 dB | ch1   -0.17 (max dev 0.06)  ch2   +1.59 (max dev 0.13)  ch3   +2.53 (max dev 0.15)
[meter] 2.4000 GHz  windows 9493  with tone 8027  worst SNR 9.2 dB | ch1   +0.62 (max dev 0.06)  ch2   +0.74 (max dev 0.27)  ch3   +1.11 (max dev 0.28)
[meter] 5.2000 GHz  windows 9492  with tone 1342  worst SNR 8.8 dB | ch1   +0.14 (max dev 0.09)  ch2   +1.61 (max dev 0.25)  ch3   +2.12 (max dev 0.27)
[meter] 5.8000 GHz  windows 9492  with tone 128  worst SNR 9.1 dB | ch1   -0.17 (max dev 0.06)  ch2   +1.59 (max dev 0.13)  ch3   +2.53 (max dev 0.15)
[meter] 2.4000 GHz  windows 9493  with tone 8027  worst SNR 9.2 dB | ch1   +0.62 (max dev 0.06)  ch2   +0.74 (max dev 0.27)  ch3   +1.11 (max dev 0.28)
[meter] 5.2000 GHz  windows 9493  with tone 1342  worst SNR 8.8 dB | ch1   +0.14 (max dev 0.09)  ch2   +1.61 (max dev 0.25)  ch3   +2.12 (max dev 0.27)
[meter] 5.8000 GHz  windows 9492  with tone 128  worst SNR 9.1 dB | ch1   -0.17 (max dev 0.06)  ch2   +1.59 (max dev 0.13)  ch3   +2.53 (max dev 0.15)
[meter] 2.4000 GHz  windows 9576  with tone 8110  worst SNR 9.2 dB | ch1   +0.62 (max dev 0.06)  ch2   +0.74 (max dev 0.30)  ch3   +1.11 (max dev 0.29)
[meter] 5.2000 GHz  windows 9576  with tone 1342  worst SNR 8.8 dB | ch1   +0.14 (max dev 0.09)  ch2   +1.61 (max dev 0.25)  ch3   +2.12 (max dev 0.27)
[meter] 5.8000 GHz  windows 9575  with tone 128  worst SNR 9.1 dB | ch1   -0.17 (max dev 0.06)  ch2   +1.59 (max dev 0.13)  ch3   +2.53 (max dev 0.15)
[meter] 2.4000 GHz  windows 9576  with tone 8110  worst SNR 9.2 dB | ch1   +0.62 (max dev 0.06)  ch2   +0.74 (max dev 0.30)  ch3   +1.11 (max dev 0.29)
[meter] 5.2000 GHz  windows 9576  with tone 1342  worst SNR 8.8 dB | ch1   +0.14 (max dev 0.09)  ch2   +1.61 (max dev 0.25)  ch3   +2.12 (max dev 0.27)
[meter] 5.8000 GHz  windows 9575  with tone 128  worst SNR 9.1 dB | ch1   -0.17 (max dev 0.06)  ch2   +1.59 (max dev 0.13)  ch3   +2.53 (max dev 0.15)
[meter] 2.4000 GHz  windows 9576  with tone 8110  worst SNR 9.2 dB | ch1   +0.62 (max dev 0.06)  ch2   +0.74 (max dev 0.30)  ch3   +1.11 (max dev 0.29)
[meter] 5.2000 GHz  windows 9576  with tone 1342  worst SNR 8.8 dB | ch1   +0.14 (max dev 0.09)  ch2   +1.61 (max dev 0.25)  ch3   +2.12 (max dev 0.27)
[meter] 5.8000 GHz  windows 9576  with tone 128  worst SNR 9.1 dB | ch1   -0.17 (max dev 0.06)  ch2   +1.59 (max dev 0.13)  ch3   +2.53 (max dev 0.15)
[meter] 2.4000 GHz  windows 9659  with tone 8193  worst SNR 9.2 dB | ch1   +0.62 (max dev 0.06)  ch2   +0.74 (max dev 0.30)  ch3   +1.12 (max dev 0.30)
[meter] 5.2000 GHz  windows 9659  with tone 1342  worst SNR 8.8 dB | ch1   +0.14 (max dev 0.09)  ch2   +1.61 (max dev 0.25)  ch3   +2.12 (max dev 0.27)
[meter] 5.8000 GHz  windows 9659  with tone 128  worst SNR 9.1 dB | ch1   -0.17 (max dev 0.06)  ch2   +1.59 (max dev 0.13)  ch3   +2.53 (max dev 0.15)
[meter] 2.4000 GHz  windows 9659  with tone 8193  worst SNR 9.2 dB | ch1   +0.62 (max dev 0.06)  ch2   +0.74 (max dev 0.30)  ch3   +1.12 (max dev 0.30)
[meter] 5.2000 GHz  windows 9659  with tone 1342  worst SNR 8.8 dB | ch1   +0.14 (max dev 0.09)  ch2   +1.61 (max dev 0.25)  ch3   +2.12 (max dev 0.27)
[meter] 5.8000 GHz  windows 9659  with tone 128  worst SNR 9.1 dB | ch1   -0.17 (max dev 0.06)  ch2   +1.59 (max dev 0.13)  ch3   +2.53 (max dev 0.15)
[meter] 2.4000 GHz  windows 9660  with tone 8194  worst SNR 9.2 dB | ch1   +0.62 (max dev 0.06)  ch2   +0.74 (max dev 0.30)  ch3   +1.12 (max dev 0.30)
[meter] 5.2000 GHz  windows 9659  with tone 1342  worst SNR 8.8 dB | ch1   +0.14 (max dev 0.09)  ch2   +1.61 (max dev 0.25)  ch3   +2.12 (max dev 0.27)
[meter] 5.8000 GHz  windows 9659  with tone 128  worst SNR 9.1 dB | ch1   -0.17 (max dev 0.06)  ch2   +1.59 (max dev 0.13)  ch3   +2.53 (max dev 0.15)
[meter] 2.4000 GHz  windows 9743  with tone 8277  worst SNR 9.2 dB | ch1   +0.62 (max dev 0.06)  ch2   +0.75 (max dev 0.31)  ch3   +1.13 (max dev 0.31)
[meter] 5.2000 GHz  windows 9742  with tone 1342  worst SNR 8.8 dB | ch1   +0.14 (max dev 0.09)  ch2   +1.61 (max dev 0.25)  ch3   +2.12 (max dev 0.27)
[meter] 5.8000 GHz  windows 9742  with tone 128  worst SNR 9.1 dB | ch1   -0.17 (max dev 0.06)  ch2   +1.59 (max dev 0.13)  ch3   +2.53 (max dev 0.15)
[meter] 2.4000 GHz  windows 9743  with tone 8277  worst SNR 9.2 dB | ch1   +0.62 (max dev 0.06)  ch2   +0.75 (max dev 0.31)  ch3   +1.13 (max dev 0.31)
[meter] 5.2000 GHz  windows 9743  with tone 1342  worst SNR 8.8 dB | ch1   +0.14 (max dev 0.09)  ch2   +1.61 (max dev 0.25)  ch3   +2.12 (max dev 0.27)
[meter] 5.8000 GHz  windows 9742  with tone 128  worst SNR 9.1 dB | ch1   -0.17 (max dev 0.06)  ch2   +1.59 (max dev 0.13)  ch3   +2.53 (max dev 0.15)
[meter] 2.4000 GHz  windows 9743  with tone 8277  worst SNR 9.2 dB | ch1   +0.62 (max dev 0.06)  ch2   +0.75 (max dev 0.31)  ch3   +1.13 (max dev 0.31)
[meter] 5.2000 GHz  windows 9743  with tone 1342  worst SNR 8.8 dB | ch1   +0.14 (max dev 0.09)  ch2   +1.61 (max dev 0.25)  ch3   +2.12 (max dev 0.27)
[meter] 5.8000 GHz  windows 9742  with tone 128  worst SNR 9.1 dB | ch1   -0.17 (max dev 0.06)  ch2   +1.59 (max dev 0.13)  ch3   +2.53 (max dev 0.15)
[meter] 2.4000 GHz  windows 9826  with tone 8360  worst SNR 9.2 dB | ch1   +0.63 (max dev 0.06)  ch2   +0.74 (max dev 0.24)  ch3   +1.13 (max dev 0.27)
[meter] 5.2000 GHz  windows 9826  with tone 1342  worst SNR 8.8 dB | ch1   +0.14 (max dev 0.09)  ch2   +1.61 (max dev 0.25)  ch3   +2.12 (max dev 0.27)
[meter] 5.8000 GHz  windows 9825  with tone 128  worst SNR 9.1 dB | ch1   -0.17 (max dev 0.06)  ch2   +1.59 (max dev 0.13)  ch3   +2.53 (max dev 0.15)
[meter] 2.4000 GHz  windows 9826  with tone 8360  worst SNR 9.2 dB | ch1   +0.63 (max dev 0.06)  ch2   +0.74 (max dev 0.24)  ch3   +1.13 (max dev 0.27)[meter] 2.4000 GHz  windows 9826  with tone 8360  worst SNR 9.2 dB | ch1   +0.63 (max dev 0.06)  ch2   +0.74 (max dev 0.24)  ch3   +1.13 (max dev 0.27)

[meter] 5.2000 GHz  windows 9826  with tone 1342  worst SNR 8.8 dB | ch1   +0.14 (max dev 0.09)  ch2   +1.61 (max dev 0.25)  ch3   +2.12 (max dev 0.27)[meter] 5.2000 GHz  windows 9826  with tone 1342  worst SNR 8.8 dB | ch1   +0.14 (max dev 0.09)  ch2   +1.61 (max dev 0.25)  ch3   +2.12 (max dev 0.27)

[meter] 5.8000 GHz  windows 9826  with tone 128  worst SNR 9.1 dB | ch1   -0.17 (max dev 0.06)  ch2   +1.59 (max dev 0.13)  ch3   +2.53 (max dev 0.15)
[meter] 5.8000 GHz  windows 9826  with tone 128  worst SNR 9.1 dB | ch1   -0.17 (max dev 0.06)  ch2   +1.59 (max dev 0.13)  ch3   +2.53 (max dev 0.15)
[meter] 2.4000 GHz  windows 9909  with tone 8443  worst SNR 9.2 dB | ch1   +0.63 (max dev 0.05)  ch2   +0.72 (max dev 0.09)  ch3   +1.11 (max dev 0.09)
[meter] 5.2000 GHz  windows 9909  with tone 1342  worst SNR 8.8 dB | ch1   +0.14 (max dev 0.09)  ch2   +1.61 (max dev 0.25)  ch3   +2.12 (max dev 0.27)
[meter] 5.8000 GHz  windows 9909  with tone 128  worst SNR 9.1 dB | ch1   -0.17 (max dev 0.06)  ch2   +1.59 (max dev 0.13)  ch3   +2.53 (max dev 0.15)
[meter] 2.4000 GHz  windows 9910  with tone 8444  worst SNR 9.2 dB | ch1   +0.63 (max dev 0.05)  ch2   +0.72 (max dev 0.09)  ch3   +1.11 (max dev 0.09)
[meter] 5.2000 GHz  windows 9909  with tone 1342  worst SNR 8.8 dB | ch1   +0.14 (max dev 0.09)  ch2   +1.61 (max dev 0.25)  ch3   +2.12 (max dev 0.27)
[meter] 5.8000 GHz  windows 9909  with tone 128  worst SNR 9.1 dB | ch1   -0.17 (max dev 0.06)  ch2   +1.59 (max dev 0.13)  ch3   +2.53 (max dev 0.15)
[meter] 2.4000 GHz  windows 9910  with tone 8444  worst SNR 9.2 dB | ch1   +0.63 (max dev 0.05)  ch2   +0.72 (max dev 0.09)  ch3   +1.11 (max dev 0.09)
[meter] 5.2000 GHz  windows 9909  with tone 1342  worst SNR 8.8 dB | ch1   +0.14 (max dev 0.09)  ch2   +1.61 (max dev 0.25)  ch3   +2.12 (max dev 0.27)
[meter] 5.8000 GHz  windows 9909  with tone 128  worst SNR 9.1 dB | ch1   -0.17 (max dev 0.06)  ch2   +1.59 (max dev 0.13)  ch3   +2.53 (max dev 0.15)
[meter] 2.4000 GHz  windows 9993  with tone 8527  worst SNR 9.2 dB | ch1   +0.62 (max dev 0.07)  ch2   +0.71 (max dev 0.20)  ch3   +1.10 (max dev 0.21)
[meter] 5.2000 GHz  windows 9993  with tone 1342  worst SNR 8.8 dB | ch1   +0.14 (max dev 0.09)  ch2   +1.61 (max dev 0.25)  ch3   +2.12 (max dev 0.27)
[meter] 5.8000 GHz  windows 9992  with tone 128  worst SNR 9.1 dB | ch1   -0.17 (max dev 0.06)  ch2   +1.59 (max dev 0.13)  ch3   +2.53 (max dev 0.15)
[meter] 2.4000 GHz  windows 9993  with tone 8527  worst SNR 9.2 dB | ch1   +0.62 (max dev 0.07)  ch2   +0.71 (max dev 0.20)  ch3   +1.10 (max dev 0.21)[meter] 2.4000 GHz  windows 9993  with tone 8527  worst SNR 9.2 dB | ch1   +0.62 (max dev 0.07)  ch2   +0.71 (max dev 0.20)  ch3   +1.10 (max dev 0.21)

[meter] 5.2000 GHz  windows 9993  with tone 1342  worst SNR 8.8 dB | ch1   +0.14 (max dev 0.09)  ch2   +1.61 (max dev 0.25)  ch3   +2.12 (max dev 0.27)
[meter] 5.2000 GHz  windows 9993  with tone 1342  worst SNR 8.8 dB | ch1   +0.14 (max dev 0.09)  ch2   +1.61 (max dev 0.25)  ch3   +2.12 (max dev 0.27)
[meter] 5.8000 GHz  windows 9992  with tone 128  worst SNR 9.1 dB | ch1   -0.17 (max dev 0.06)  ch2   +1.59 (max dev 0.13)  ch3   +2.53 (max dev 0.15)
[meter] 5.8000 GHz  windows 9992  with tone 128  worst SNR 9.1 dB | ch1   -0.17 (max dev 0.06)  ch2   +1.59 (max dev 0.13)  ch3   +2.53 (max dev 0.15)
[meter] 2.4000 GHz  windows 10076  with tone 8610  worst SNR 9.2 dB | ch1   +0.62 (max dev 0.07)  ch2   +0.71 (max dev 0.26)  ch3   +1.10 (max dev 0.26)
[meter] 5.2000 GHz  windows 10076  with tone 1342  worst SNR 8.8 dB | ch1   +0.14 (max dev 0.09)  ch2   +1.61 (max dev 0.25)  ch3   +2.12 (max dev 0.27)
[meter] 5.8000 GHz  windows 10076  with tone 128  worst SNR 9.1 dB | ch1   -0.17 (max dev 0.06)  ch2   +1.59 (max dev 0.13)  ch3   +2.53 (max dev 0.15)
[meter] 2.4000 GHz  windows 10076  with tone 8610  worst SNR 9.2 dB | ch1   +0.62 (max dev 0.07)  ch2   +0.71 (max dev 0.26)  ch3   +1.10 (max dev 0.26)[meter] 2.4000 GHz  windows 10076  with tone 8610  worst SNR 9.2 dB | ch1   +0.62 (max dev 0.07)  ch2   +0.71 (max dev 0.26)  ch3   +1.10 (max dev 0.26)

[meter] 5.2000 GHz  windows 10076  with tone 1342  worst SNR 8.8 dB | ch1   +0.14 (max dev 0.09)  ch2   +1.61 (max dev 0.25)  ch3   +2.12 (max dev 0.27)
[meter] 5.2000 GHz  windows 10076  with tone 1342  worst SNR 8.8 dB | ch1   +0.14 (max dev 0.09)  ch2   +1.61 (max dev 0.25)  ch3   +2.12 (max dev 0.27)
[meter] 5.8000 GHz  windows 10076  with tone 128  worst SNR 9.1 dB | ch1   -0.17 (max dev 0.06)  ch2   +1.59 (max dev 0.13)  ch3   +2.53 (max dev 0.15)[meter] 5.8000 GHz  windows 10076  with tone 128  worst SNR 9.1 dB | ch1   -0.17 (max dev 0.06)  ch2   +1.59 (max dev 0.13)  ch3   +2.53 (max dev 0.15)

[meter] 2.4000 GHz  windows 10160  with tone 8694  worst SNR 9.2 dB | ch1   +0.63 (max dev 0.08)  ch2   +0.72 (max dev 0.27)  ch3   +1.11 (max dev 0.27)
[meter] 5.2000 GHz  windows 10159  with tone 1342  worst SNR 8.8 dB | ch1   +0.14 (max dev 0.09)  ch2   +1.61 (max dev 0.25)  ch3   +2.12 (max dev 0.27)
[meter] 5.8000 GHz  windows 10159  with tone 128  worst SNR 9.1 dB | ch1   -0.17 (max dev 0.06)  ch2   +1.59 (max dev 0.13)  ch3   +2.53 (max dev 0.15)
[meter] 2.4000 GHz  windows 10160  with tone 8694  worst SNR 9.2 dB | ch1   +0.63 (max dev 0.08)  ch2   +0.72 (max dev 0.27)  ch3   +1.11 (max dev 0.27)
[meter] 2.4000 GHz  windows 10160  with tone 8694  worst SNR 9.2 dB | ch1   +0.63 (max dev 0.08)  ch2   +0.72 (max dev 0.27)  ch3   +1.11 (max dev 0.27)
[meter] 5.2000 GHz  windows 10159  with tone 1342  worst SNR 8.8 dB | ch1   +0.14 (max dev 0.09)  ch2   +1.61 (max dev 0.25)  ch3   +2.12 (max dev 0.27)
[meter] 5.2000 GHz  windows 10159  with tone 1342  worst SNR 8.8 dB | ch1   +0.14 (max dev 0.09)  ch2   +1.61 (max dev 0.25)  ch3   +2.12 (max dev 0.27)
[meter] 5.8000 GHz  windows 10159  with tone 128  worst SNR 9.1 dB | ch1   -0.17 (max dev 0.06)  ch2   +1.59 (max dev 0.13)  ch3   +2.53 (max dev 0.15)
[meter] 5.8000 GHz  windows 10159  with tone 128  worst SNR 9.1 dB | ch1   -0.17 (max dev 0.06)  ch2   +1.59 (max dev 0.13)  ch3   +2.53 (max dev 0.15)
[meter] 2.4000 GHz  windows 10243  with tone 8777  worst SNR 9.2 dB | ch1   +0.63 (max dev 0.07)  ch2   +0.73 (max dev 0.26)  ch3   +1.12 (max dev 0.26)
[meter] 5.2000 GHz  windows 10243  with tone 1342  worst SNR 8.8 dB | ch1   +0.14 (max dev 0.09)  ch2   +1.61 (max dev 0.25)  ch3   +2.12 (max dev 0.27)
[meter] 5.8000 GHz  windows 10242  with tone 128  worst SNR 9.1 dB | ch1   -0.17 (max dev 0.06)  ch2   +1.59 (max dev 0.13)  ch3   +2.53 (max dev 0.15)
[meter] 2.4000 GHz  windows 10243  with tone 8777  worst SNR 9.2 dB | ch1   +0.63 (max dev 0.07)  ch2   +0.73 (max dev 0.26)  ch3   +1.12 (max dev 0.26)[meter] 2.4000 GHz  windows 10243  with tone 8777  worst SNR 9.2 dB | ch1   +0.63 (max dev 0.07)  ch2   +0.73 (max dev 0.26)  ch3   +1.12 (max dev 0.26)

[meter] 5.2000 GHz  windows 10243  with tone 1342  worst SNR 8.8 dB | ch1   +0.14 (max dev 0.09)  ch2   +1.61 (max dev 0.25)  ch3   +2.12 (max dev 0.27)
[meter] 5.2000 GHz  windows 10243  with tone 1342  worst SNR 8.8 dB | ch1   +0.14 (max dev 0.09)  ch2   +1.61 (max dev 0.25)  ch3   +2.12 (max dev 0.27)
[meter] 5.8000 GHz  windows 10242  with tone 128  worst SNR 9.1 dB | ch1   -0.17 (max dev 0.06)  ch2   +1.59 (max dev 0.13)  ch3   +2.53 (max dev 0.15)
[meter] 5.8000 GHz  windows 10242  with tone 128  worst SNR 9.1 dB | ch1   -0.17 (max dev 0.06)  ch2   +1.59 (max dev 0.13)  ch3   +2.53 (max dev 0.15)
[meter] 2.4000 GHz  windows 10326  with tone 8860  worst SNR 9.2 dB | ch1   +0.63 (max dev 0.07)  ch2   +0.74 (max dev 0.26)  ch3   +1.13 (max dev 0.26)
[meter] 5.2000 GHz  windows 10326  with tone 1342  worst SNR 8.8 dB | ch1   +0.14 (max dev 0.09)  ch2   +1.61 (max dev 0.25)  ch3   +2.12 (max dev 0.27)
[meter] 5.8000 GHz  windows 10326  with tone 128  worst SNR 9.1 dB | ch1   -0.17 (max dev 0.06)  ch2   +1.59 (max dev 0.13)  ch3   +2.53 (max dev 0.15)
[meter] 2.4000 GHz  windows 10326  with tone 8860  worst SNR 9.2 dB | ch1   +0.63 (max dev 0.07)  ch2   +0.74 (max dev 0.26)  ch3   +1.13 (max dev 0.26)
[meter] 2.4000 GHz  windows 10326  with tone 8860  worst SNR 9.2 dB | ch1   +0.63 (max dev 0.07)  ch2   +0.74 (max dev 0.26)  ch3   +1.13 (max dev 0.26)
[meter] 5.2000 GHz  windows 10326  with tone 1342  worst SNR 8.8 dB | ch1   +0.14 (max dev 0.09)  ch2   +1.61 (max dev 0.25)  ch3   +2.12 (max dev 0.27)
[meter] 5.2000 GHz  windows 10326  with tone 1342  worst SNR 8.8 dB | ch1   +0.14 (max dev 0.09)  ch2   +1.61 (max dev 0.25)  ch3   +2.12 (max dev 0.27)[meter] 5.8000 GHz  windows 10326  with tone 128  worst SNR 9.1 dB | ch1   -0.17 (max dev 0.06)  ch2   +1.59 (max dev 0.13)  ch3   +2.53 (max dev 0.15)

[meter] 5.8000 GHz  windows 10326  with tone 128  worst SNR 9.1 dB | ch1   -0.17 (max dev 0.06)  ch2   +1.59 (max dev 0.13)  ch3   +2.53 (max dev 0.15)
[meter] 2.4000 GHz  windows 10410  with tone 8944  worst SNR 9.2 dB | ch1   +0.63 (max dev 0.07)  ch2   +0.76 (max dev 0.28)  ch3   +1.15 (max dev 0.28)
[meter] 5.2000 GHz  windows 10409  with tone 1342  worst SNR 8.8 dB | ch1   +0.14 (max dev 0.09)  ch2   +1.61 (max dev 0.25)  ch3   +2.12 (max dev 0.27)
[meter] 5.8000 GHz  windows 10409  with tone 128  worst SNR 9.1 dB | ch1   -0.17 (max dev 0.06)  ch2   +1.59 (max dev 0.13)  ch3   +2.53 (max dev 0.15)
[meter] 2.4000 GHz  windows 10410  with tone 8944  worst SNR 9.2 dB | ch1   +0.63 (max dev 0.07)  ch2   +0.76 (max dev 0.28)  ch3   +1.15 (max dev 0.28)
[meter] 2.4000 GHz  windows 10410  with tone 8944  worst SNR 9.2 dB | ch1   +0.63 (max dev 0.07)  ch2   +0.76 (max dev 0.28)  ch3   +1.15 (max dev 0.28)
[meter] 5.2000 GHz  windows 10409  with tone 1342  worst SNR 8.8 dB | ch1   +0.14 (max dev 0.09)  ch2   +1.61 (max dev 0.25)  ch3   +2.12 (max dev 0.27)
[meter] 5.8000 GHz  windows 10409  with tone 128  worst SNR 9.1 dB | ch1   -0.17 (max dev 0.06)  ch2   +1.59 (max dev 0.13)  ch3   +2.53 (max dev 0.15)
[meter] 5.2000 GHz  windows 10409  with tone 1342  worst SNR 8.8 dB | ch1   +0.14 (max dev 0.09)  ch2   +1.61 (max dev 0.25)  ch3   +2.12 (max dev 0.27)
[meter] 5.8000 GHz  windows 10409  with tone 128  worst SNR 9.1 dB | ch1   -0.17 (max dev 0.06)  ch2   +1.59 (max dev 0.13)  ch3   +2.53 (max dev 0.15)
[meter] 2.4000 GHz  windows 10493  with tone 9027  worst SNR 9.2 dB | ch1   +0.63 (max dev 0.07)  ch2   +0.79 (max dev 0.26)  ch3   +1.18 (max dev 0.26)
[meter] 5.2000 GHz  windows 10493  with tone 1342  worst SNR 8.8 dB | ch1   +0.14 (max dev 0.09)  ch2   +1.61 (max dev 0.25)  ch3   +2.12 (max dev 0.27)
[meter] 5.8000 GHz  windows 10492  with tone 128  worst SNR 9.1 dB | ch1   -0.17 (max dev 0.06)  ch2   +1.59 (max dev 0.13)  ch3   +2.53 (max dev 0.15)
[meter] 2.4000 GHz  windows 10493  with tone 9027  worst SNR 9.2 dB | ch1   +0.63 (max dev 0.07)  ch2   +0.79 (max dev 0.26)  ch3   +1.18 (max dev 0.26)
[meter] 2.4000 GHz  windows 10493  with tone 9027  worst SNR 9.2 dB | ch1   +0.63 (max dev 0.07)  ch2   +0.79 (max dev 0.26)  ch3   +1.18 (max dev 0.26)
[meter] 5.2000 GHz  windows 10493  with tone 1342  worst SNR 8.8 dB | ch1   +0.14 (max dev 0.09)  ch2   +1.61 (max dev 0.25)  ch3   +2.12 (max dev 0.27)
[meter] 5.2000 GHz  windows 10493  with tone 1342  worst SNR 8.8 dB | ch1   +0.14 (max dev 0.09)  ch2   +1.61 (max dev 0.25)  ch3   +2.12 (max dev 0.27)
[meter] 5.8000 GHz  windows 10492  with tone 128  worst SNR 9.1 dB | ch1   -0.17 (max dev 0.06)  ch2   +1.59 (max dev 0.13)  ch3   +2.53 (max dev 0.15)
[meter] 5.8000 GHz  windows 10492  with tone 128  worst SNR 9.1 dB | ch1   -0.17 (max dev 0.06)  ch2   +1.59 (max dev 0.13)  ch3   +2.53 (max dev 0.15)
[meter] 2.4000 GHz  windows 10576  with tone 9110  worst SNR 9.2 dB | ch1   +0.64 (max dev 0.08)  ch2   +0.79 (max dev 0.08)  ch3   +1.19 (max dev 0.09)
[meter] 5.2000 GHz  windows 10576  with tone 1342  worst SNR 8.8 dB | ch1   +0.14 (max dev 0.09)  ch2   +1.61 (max dev 0.25)  ch3   +2.12 (max dev 0.27)
[meter] 5.8000 GHz  windows 10576  with tone 128  worst SNR 9.1 dB | ch1   -0.17 (max dev 0.06)  ch2   +1.59 (max dev 0.13)  ch3   +2.53 (max dev 0.15)
[meter] 2.4000 GHz  windows 10577  with tone 9111  worst SNR 9.2 dB | ch1   +0.64 (max dev 0.08)  ch2   +0.79 (max dev 0.08)  ch3   +1.19 (max dev 0.09)
[meter] 2.4000 GHz  windows 10577  with tone 9111  worst SNR 9.2 dB | ch1   +0.64 (max dev 0.08)  ch2   +0.79 (max dev 0.08)  ch3   +1.19 (max dev 0.09)
[meter] 5.2000 GHz  windows 10576  with tone 1342  worst SNR 8.8 dB | ch1   +0.14 (max dev 0.09)  ch2   +1.61 (max dev 0.25)  ch3   +2.12 (max dev 0.27)
[meter] 5.8000 GHz  windows 10576  with tone 128  worst SNR 9.1 dB | ch1   -0.17 (max dev 0.06)  ch2   +1.59 (max dev 0.13)  ch3   +2.53 (max dev 0.15)
[meter] 5.2000 GHz  windows 10576  with tone 1342  worst SNR 8.8 dB | ch1   +0.14 (max dev 0.09)  ch2   +1.61 (max dev 0.25)  ch3   +2.12 (max dev 0.27)
[meter] 5.8000 GHz  windows 10576  with tone 128  worst SNR 9.1 dB | ch1   -0.17 (max dev 0.06)  ch2   +1.59 (max dev 0.13)  ch3   +2.53 (max dev 0.15)
[meter] 2.4000 GHz  windows 10660  with tone 9194  worst SNR 9.2 dB | ch1   +0.63 (max dev 0.07)  ch2   +0.79 (max dev 0.23)  ch3   +1.18 (max dev 0.24)
[meter] 5.2000 GHz  windows 10659  with tone 1342  worst SNR 8.8 dB | ch1   +0.14 (max dev 0.09)  ch2   +1.61 (max dev 0.25)  ch3   +2.12 (max dev 0.27)
[meter] 5.8000 GHz  windows 10659  with tone 128  worst SNR 9.1 dB | ch1   -0.17 (max dev 0.06)  ch2   +1.59 (max dev 0.13)  ch3   +2.53 (max dev 0.15)
[meter] 2.4000 GHz  windows 10660  with tone 9194  worst SNR 9.2 dB | ch1   +0.63 (max dev 0.07)  ch2   +0.79 (max dev 0.23)  ch3   +1.18 (max dev 0.24)[meter] 2.4000 GHz  windows 10660  with tone 9194  worst SNR 9.2 dB | ch1   +0.63 (max dev 0.07)  ch2   +0.79 (max dev 0.23)  ch3   +1.18 (max dev 0.24)

[meter] 5.2000 GHz  windows 10660  with tone 1342  worst SNR 8.8 dB | ch1   +0.14 (max dev 0.09)  ch2   +1.61 (max dev 0.25)  ch3   +2.12 (max dev 0.27)
[meter] 5.2000 GHz  windows 10660  with tone 1342  worst SNR 8.8 dB | ch1   +0.14 (max dev 0.09)  ch2   +1.61 (max dev 0.25)  ch3   +2.12 (max dev 0.27)
[meter] 5.8000 GHz  windows 10659  with tone 128  worst SNR 9.1 dB | ch1   -0.17 (max dev 0.06)  ch2   +1.59 (max dev 0.13)  ch3   +2.53 (max dev 0.15)
[meter] 5.8000 GHz  windows 10659  with tone 128  worst SNR 9.1 dB | ch1   -0.17 (max dev 0.06)  ch2   +1.59 (max dev 0.13)  ch3   +2.53 (max dev 0.15)
[meter] 2.4000 GHz  windows 10743  with tone 9277  worst SNR 9.2 dB | ch1   +0.63 (max dev 0.07)  ch2   +0.80 (max dev 0.23)  ch3   +1.19 (max dev 0.24)
[meter] 5.2000 GHz  windows 10743  with tone 1342  worst SNR 8.8 dB | ch1   +0.14 (max dev 0.09)  ch2   +1.61 (max dev 0.25)  ch3   +2.12 (max dev 0.27)
[meter] 5.8000 GHz  windows 10742  with tone 128  worst SNR 9.1 dB | ch1   -0.17 (max dev 0.06)  ch2   +1.59 (max dev 0.13)  ch3   +2.53 (max dev 0.15)
[meter] 2.4000 GHz  windows 10743  with tone 9277  worst SNR 9.2 dB | ch1   +0.63 (max dev 0.07)  ch2   +0.80 (max dev 0.23)  ch3   +1.19 (max dev 0.24)
[meter] 2.4000 GHz  windows 10743  with tone 9277  worst SNR 9.2 dB | ch1   +0.63 (max dev 0.07)  ch2   +0.80 (max dev 0.23)  ch3   +1.19 (max dev 0.24)
[meter] 5.2000 GHz  windows 10743  with tone 1342  worst SNR 8.8 dB | ch1   +0.14 (max dev 0.09)  ch2   +1.61 (max dev 0.25)  ch3   +2.12 (max dev 0.27)
[meter] 5.2000 GHz  windows 10743  with tone 1342  worst SNR 8.8 dB | ch1   +0.14 (max dev 0.09)  ch2   +1.61 (max dev 0.25)  ch3   +2.12 (max dev 0.27)
[meter] 5.8000 GHz  windows 10743  with tone 128  worst SNR 9.1 dB | ch1   -0.17 (max dev 0.06)  ch2   +1.59 (max dev 0.13)  ch3   +2.53 (max dev 0.15)
[meter] 5.8000 GHz  windows 10743  with tone 128  worst SNR 9.1 dB | ch1   -0.17 (max dev 0.06)  ch2   +1.59 (max dev 0.13)  ch3   +2.53 (max dev 0.15)
[meter] 2.4000 GHz  windows 10827  with tone 9361  worst SNR 9.2 dB | ch1   +0.64 (max dev 0.07)  ch2   +0.80 (max dev 0.08)  ch3   +1.19 (max dev 0.08)
[meter] 5.2000 GHz  windows 10826  with tone 1342  worst SNR 8.8 dB | ch1   +0.14 (max dev 0.09)  ch2   +1.61 (max dev 0.25)  ch3   +2.12 (max dev 0.27)
[meter] 5.8000 GHz  windows 10826  with tone 128  worst SNR 9.1 dB | ch1   -0.17 (max dev 0.06)  ch2   +1.59 (max dev 0.13)  ch3   +2.53 (max dev 0.15)
[meter] 2.4000 GHz  windows 10827  with tone 9361  worst SNR 9.2 dB | ch1   +0.64 (max dev 0.07)  ch2   +0.80 (max dev 0.08)  ch3   +1.19 (max dev 0.08)
[meter] 5.2000 GHz  windows 10826  with tone 1342  worst SNR 8.8 dB | ch1   +0.14 (max dev 0.09)  ch2   +1.61 (max dev 0.25)  ch3   +2.12 (max dev 0.27)
[meter] 5.8000 GHz  windows 10826  with tone 128  worst SNR 9.1 dB | ch1   -0.17 (max dev 0.06)  ch2   +1.59 (max dev 0.13)  ch3   +2.53 (max dev 0.15)
[meter] 2.4000 GHz  windows 10827  with tone 9361  worst SNR 9.2 dB | ch1   +0.64 (max dev 0.07)  ch2   +0.80 (max dev 0.08)  ch3   +1.19 (max dev 0.08)
[meter] 5.2000 GHz  windows 10826  with tone 1342  worst SNR 8.8 dB | ch1   +0.14 (max dev 0.09)  ch2   +1.61 (max dev 0.25)  ch3   +2.12 (max dev 0.27)
[meter] 5.8000 GHz  windows 10826  with tone 128  worst SNR 9.1 dB | ch1   -0.17 (max dev 0.06)  ch2   +1.59 (max dev 0.13)  ch3   +2.53 (max dev 0.15)
[radio] calibration tone parked on 5.2000 GHz
[meter] 2.4000 GHz  windows 10910  with tone 9430  worst SNR 9.2 dB | ch1   +0.64 (max dev 0.06)  ch2   +0.79 (max dev 0.08)  ch3   +1.18 (max dev 0.08)
[meter] 5.2000 GHz  windows 10910  with tone 1356  worst SNR 8.6 dB | ch1   -0.02 (max dev 2.15)  ch2   +1.55 (max dev 0.79)  ch3   +2.05 (max dev 0.79)
[meter] 5.8000 GHz  windows 10909  with tone 128  worst SNR 9.1 dB | ch1   -0.17 (max dev 0.06)  ch2   +1.59 (max dev 0.13)  ch3   +2.53 (max dev 0.15)
[meter] 2.4000 GHz  windows 10910  with tone 9430  worst SNR 9.2 dB | ch1   +0.64 (max dev 0.06)  ch2   +0.79 (max dev 0.08)  ch3   +1.18 (max dev 0.08)
[meter] 2.4000 GHz  windows 10910  with tone 9430  worst SNR 9.2 dB | ch1   +0.64 (max dev 0.06)  ch2   +0.79 (max dev 0.08)  ch3   +1.18 (max dev 0.08)
[meter] 5.2000 GHz  windows 10910  with tone 1356  worst SNR 8.6 dB | ch1   -0.02 (max dev 2.15)  ch2   +1.55 (max dev 0.79)  ch3   +2.05 (max dev 0.79)
[meter] 5.8000 GHz  windows 10909  with tone 128  worst SNR 9.1 dB | ch1   -0.17 (max dev 0.06)  ch2   +1.59 (max dev 0.13)  ch3   +2.53 (max dev 0.15)
[meter] 5.2000 GHz  windows 10910  with tone 1356  worst SNR 8.6 dB | ch1   -0.02 (max dev 2.15)  ch2   +1.55 (max dev 0.79)  ch3   +2.05 (max dev 0.79)
[meter] 5.8000 GHz  windows 10909  with tone 128  worst SNR 9.1 dB | ch1   -0.17 (max dev 0.06)  ch2   +1.59 (max dev 0.13)  ch3   +2.53 (max dev 0.15)
[meter] 2.4000 GHz  windows 10993  with tone 9430  worst SNR 9.2 dB | ch1   +0.64 (max dev 0.06)  ch2   +0.79 (max dev 0.08)  ch3   +1.18 (max dev 0.08)
[meter] 5.2000 GHz  windows 10993  with tone 1439  worst SNR 8.6 dB | ch1   -0.94 (max dev 1.31)  ch2   +1.21 (max dev 0.48)  ch3   +1.70 (max dev 0.49)
[meter] 5.8000 GHz  windows 10993  with tone 128  worst SNR 9.1 dB | ch1   -0.17 (max dev 0.06)  ch2   +1.59 (max dev 0.13)  ch3   +2.53 (max dev 0.15)
[meter] 2.4000 GHz  windows 10993  with tone 9430  worst SNR 9.2 dB | ch1   +0.64 (max dev 0.06)  ch2   +0.79 (max dev 0.08)  ch3   +1.18 (max dev 0.08)
[meter] 2.4000 GHz  windows 10993  with tone 9430  worst SNR 9.2 dB | ch1   +0.64 (max dev 0.06)  ch2   +0.79 (max dev 0.08)  ch3   +1.18 (max dev 0.08)
[meter] 5.2000 GHz  windows 10993  with tone 1439  worst SNR 8.6 dB | ch1   -0.94 (max dev 1.31)  ch2   +1.21 (max dev 0.48)  ch3   +1.70 (max dev 0.49)
[meter] 5.8000 GHz  windows 10993  with tone 128  worst SNR 9.1 dB | ch1   -0.17 (max dev 0.06)  ch2   +1.59 (max dev 0.13)  ch3   +2.53 (max dev 0.15)
[meter] 5.2000 GHz  windows 10993  with tone 1439  worst SNR 8.6 dB | ch1   -0.94 (max dev 1.31)  ch2   +1.21 (max dev 0.48)  ch3   +1.70 (max dev 0.49)
[meter] 5.8000 GHz  windows 10993  with tone 128  worst SNR 9.1 dB | ch1   -0.17 (max dev 0.06)  ch2   +1.59 (max dev 0.13)  ch3   +2.53 (max dev 0.15)
[meter] 2.4000 GHz  windows 11077  with tone 9430  worst SNR 9.2 dB | ch1   +0.64 (max dev 0.06)  ch2   +0.79 (max dev 0.08)  ch3   +1.18 (max dev 0.08)
[meter] 5.2000 GHz  windows 11076  with tone 1522  worst SNR 8.6 dB | ch1   -1.86 (max dev 2.08)  ch2   +0.92 (max dev 0.55)  ch3   +1.41 (max dev 0.55)
[meter] 5.8000 GHz  windows 11076  with tone 128  worst SNR 9.1 dB | ch1   -0.17 (max dev 0.06)  ch2   +1.59 (max dev 0.13)  ch3   +2.53 (max dev 0.15)
[meter] 2.4000 GHz  windows 11077  with tone 9430  worst SNR 9.2 dB | ch1   +0.64 (max dev 0.06)  ch2   +0.79 (max dev 0.08)  ch3   +1.18 (max dev 0.08)[meter] 2.4000 GHz  windows 11077  with tone 9430  worst SNR 9.2 dB | ch1   +0.64 (max dev 0.06)  ch2   +0.79 (max dev 0.08)  ch3   +1.18 (max dev 0.08)

[meter] 5.2000 GHz  windows 11077  with tone 1523  worst SNR 8.6 dB | ch1   -1.87 (max dev 2.09)  ch2   +0.92 (max dev 0.55)  ch3   +1.41 (max dev 0.55)
[meter] 5.2000 GHz  windows 11077  with tone 1523  worst SNR 8.6 dB | ch1   -1.87 (max dev 2.09)  ch2   +0.92 (max dev 0.55)  ch3   +1.41 (max dev 0.55)
[meter] 5.8000 GHz  windows 11076  with tone 128  worst SNR 9.1 dB | ch1   -0.17 (max dev 0.06)  ch2   +1.59 (max dev 0.13)  ch3   +2.53 (max dev 0.15)
[meter] 5.8000 GHz  windows 11076  with tone 128  worst SNR 9.1 dB | ch1   -0.17 (max dev 0.06)  ch2   +1.59 (max dev 0.13)  ch3   +2.53 (max dev 0.15)
[meter] 2.4000 GHz  windows 11160  with tone 9430  worst SNR 9.2 dB | ch1   +0.64 (max dev 0.06)  ch2   +0.79 (max dev 0.08)  ch3   +1.18 (max dev 0.08)
[meter] 5.2000 GHz  windows 11160  with tone 1606  worst SNR 8.6 dB | ch1   -2.08 (max dev 0.09)  ch2   +0.87 (max dev 0.17)  ch3   +1.35 (max dev 0.13)
[meter] 5.8000 GHz  windows 11160  with tone 128  worst SNR 9.1 dB | ch1   -0.17 (max dev 0.06)  ch2   +1.59 (max dev 0.13)  ch3   +2.53 (max dev 0.15)
[meter] 2.4000 GHz  windows 11160  with tone 9430  worst SNR 9.2 dB | ch1   +0.64 (max dev 0.06)  ch2   +0.79 (max dev 0.08)  ch3   +1.18 (max dev 0.08)[meter] 2.4000 GHz  windows 11160  with tone 9430  worst SNR 9.2 dB | ch1   +0.64 (max dev 0.06)  ch2   +0.79 (max dev 0.08)  ch3   +1.18 (max dev 0.08)

[meter] 5.2000 GHz  windows 11160  with tone 1606  worst SNR 8.6 dB | ch1   -2.08 (max dev 0.09)  ch2   +0.87 (max dev 0.17)  ch3   +1.35 (max dev 0.13)
[meter] 5.2000 GHz  windows 11160  with tone 1606  worst SNR 8.6 dB | ch1   -2.08 (max dev 0.09)  ch2   +0.87 (max dev 0.17)  ch3   +1.35 (max dev 0.13)
[meter] 5.8000 GHz  windows 11160  with tone 128  worst SNR 9.1 dB | ch1   -0.17 (max dev 0.06)  ch2   +1.59 (max dev 0.13)  ch3   +2.53 (max dev 0.15)
[meter] 5.8000 GHz  windows 11160  with tone 128  worst SNR 9.1 dB | ch1   -0.17 (max dev 0.06)  ch2   +1.59 (max dev 0.13)  ch3   +2.53 (max dev 0.15)
[meter] 2.4000 GHz  windows 11244  with tone 9430  worst SNR 9.2 dB | ch1   +0.64 (max dev 0.06)  ch2   +0.79 (max dev 0.08)  ch3   +1.18 (max dev 0.08)
[meter] 5.2000 GHz  windows 11243  with tone 1689  worst SNR 8.6 dB | ch1   -2.09 (max dev 0.18)  ch2   +0.78 (max dev 0.75)  ch3   +1.25 (max dev 0.83)
[meter] 5.8000 GHz  windows 11243  with tone 128  worst SNR 9.1 dB | ch1   -0.17 (max dev 0.06)  ch2   +1.59 (max dev 0.13)  ch3   +2.53 (max dev 0.15)
[meter] 2.4000 GHz  windows 11244  with tone 9430  worst SNR 9.2 dB | ch1   +0.64 (max dev 0.06)  ch2   +0.79 (max dev 0.08)  ch3   +1.18 (max dev 0.08)
[meter] 2.4000 GHz  windows 11244  with tone 9430  worst SNR 9.2 dB | ch1   +0.64 (max dev 0.06)  ch2   +0.79 (max dev 0.08)  ch3   +1.18 (max dev 0.08)
[meter] 5.2000 GHz  windows 11243  with tone 1689  worst SNR 8.6 dB | ch1   -2.09 (max dev 0.18)  ch2   +0.78 (max dev 0.75)  ch3   +1.25 (max dev 0.83)
[meter] 5.2000 GHz  windows 11243  with tone 1689  worst SNR 8.6 dB | ch1   -2.09 (max dev 0.18)  ch2   +0.78 (max dev 0.75)  ch3   +1.25 (max dev 0.83)
[meter] 5.8000 GHz  windows 11243  with tone 128  worst SNR 9.1 dB | ch1   -0.17 (max dev 0.06)  ch2   +1.59 (max dev 0.13)  ch3   +2.53 (max dev 0.15)
[meter] 5.8000 GHz  windows 11243  with tone 128  worst SNR 9.1 dB | ch1   -0.17 (max dev 0.06)  ch2   +1.59 (max dev 0.13)  ch3   +2.53 (max dev 0.15)
[meter] 2.4000 GHz  windows 11327  with tone 9430  worst SNR 9.2 dB | ch1   +0.64 (max dev 0.06)  ch2   +0.79 (max dev 0.08)  ch3   +1.18 (max dev 0.08)
[meter] 5.2000 GHz  windows 11327  with tone 1773  worst SNR 8.6 dB | ch1   -2.02 (max dev 0.24)  ch2   +0.60 (max dev 0.57)  ch3   +1.08 (max dev 0.66)
[meter] 5.8000 GHz  windows 11326  with tone 128  worst SNR 9.1 dB | ch1   -0.17 (max dev 0.06)  ch2   +1.59 (max dev 0.13)  ch3   +2.53 (max dev 0.15)
[meter] 2.4000 GHz  windows 11327  with tone 9430  worst SNR 9.2 dB | ch1   +0.64 (max dev 0.06)  ch2   +0.79 (max dev 0.08)  ch3   +1.18 (max dev 0.08)[meter] 2.4000 GHz  windows 11327  with tone 9430  worst SNR 9.2 dB | ch1   +0.64 (max dev 0.06)  ch2   +0.79 (max dev 0.08)  ch3   +1.18 (max dev 0.08)

[meter] 5.2000 GHz  windows 11327  with tone 1773  worst SNR 8.6 dB | ch1   -2.02 (max dev 0.24)  ch2   +0.60 (max dev 0.57)  ch3   +1.08 (max dev 0.66)
[meter] 5.2000 GHz  windows 11327  with tone 1773  worst SNR 8.6 dB | ch1   -2.02 (max dev 0.24)  ch2   +0.60 (max dev 0.57)  ch3   +1.08 (max dev 0.66)
[meter] 5.8000 GHz  windows 11327  with tone 128  worst SNR 9.1 dB | ch1   -0.17 (max dev 0.06)  ch2   +1.59 (max dev 0.13)  ch3   +2.53 (max dev 0.15)
[meter] 5.8000 GHz  windows 11327  with tone 128  worst SNR 9.1 dB | ch1   -0.17 (max dev 0.06)  ch2   +1.59 (max dev 0.13)  ch3   +2.53 (max dev 0.15)
[meter] 2.4000 GHz  windows 11410  with tone 9430  worst SNR 9.2 dB | ch1   +0.64 (max dev 0.06)  ch2   +0.79 (max dev 0.08)  ch3   +1.18 (max dev 0.08)
[meter] 5.2000 GHz  windows 11410  with tone 1856  worst SNR 8.6 dB | ch1   -1.93 (max dev 0.26)  ch2   +0.32 (max dev 0.49)  ch3   +0.81 (max dev 0.54)
[meter] 5.8000 GHz  windows 11410  with tone 128  worst SNR 9.1 dB | ch1   -0.17 (max dev 0.06)  ch2   +1.59 (max dev 0.13)  ch3   +2.53 (max dev 0.15)
[meter] 2.4000 GHz  windows 11411  with tone 9430  worst SNR 9.2 dB | ch1   +0.64 (max dev 0.06)  ch2   +0.79 (max dev 0.08)  ch3   +1.18 (max dev 0.08)
[meter] 2.4000 GHz  windows 11411  with tone 9430  worst SNR 9.2 dB | ch1   +0.64 (max dev 0.06)  ch2   +0.79 (max dev 0.08)  ch3   +1.18 (max dev 0.08)
[meter] 5.2000 GHz  windows 11410  with tone 1856  worst SNR 8.6 dB | ch1   -1.93 (max dev 0.26)  ch2   +0.32 (max dev 0.49)  ch3   +0.81 (max dev 0.54)
[meter] 5.2000 GHz  windows 11410  with tone 1856  worst SNR 8.6 dB | ch1   -1.93 (max dev 0.26)  ch2   +0.32 (max dev 0.49)  ch3   +0.81 (max dev 0.54)
[meter] 5.8000 GHz  windows 11410  with tone 128  worst SNR 9.1 dB | ch1   -0.17 (max dev 0.06)  ch2   +1.59 (max dev 0.13)  ch3   +2.53 (max dev 0.15)
[meter] 5.8000 GHz  windows 11410  with tone 128  worst SNR 9.1 dB | ch1   -0.17 (max dev 0.06)  ch2   +1.59 (max dev 0.13)  ch3   +2.53 (max dev 0.15)
[meter] 2.4000 GHz  windows 11494  with tone 9430  worst SNR 9.2 dB | ch1   +0.64 (max dev 0.06)  ch2   +0.79 (max dev 0.08)  ch3   +1.18 (max dev 0.08)
[meter] 5.2000 GHz  windows 11493  with tone 1939  worst SNR 8.6 dB | ch1   -1.89 (max dev 0.16)  ch2   +0.24 (max dev 0.58)  ch3   +0.73 (max dev 0.52)
[meter] 5.8000 GHz  windows 11493  with tone 128  worst SNR 9.1 dB | ch1   -0.17 (max dev 0.06)  ch2   +1.59 (max dev 0.13)  ch3   +2.53 (max dev 0.15)
[meter] 2.4000 GHz  windows 11494  with tone 9430  worst SNR 9.2 dB | ch1   +0.64 (max dev 0.06)  ch2   +0.79 (max dev 0.08)  ch3   +1.18 (max dev 0.08)
[meter] 5.2000 GHz  windows 11493  with tone 1939  worst SNR 8.6 dB | ch1   -1.89 (max dev 0.16)  ch2   +0.24 (max dev 0.58)  ch3   +0.73 (max dev 0.52)
[meter] 5.8000 GHz  windows 11493  with tone 128  worst SNR 9.1 dB | ch1   -0.17 (max dev 0.06)  ch2   +1.59 (max dev 0.13)  ch3   +2.53 (max dev 0.15)
[meter] 2.4000 GHz  windows 11494  with tone 9430  worst SNR 9.2 dB | ch1   +0.64 (max dev 0.06)  ch2   +0.79 (max dev 0.08)  ch3   +1.18 (max dev 0.08)
[meter] 5.2000 GHz  windows 11494  with tone 1940  worst SNR 8.6 dB | ch1   -1.89 (max dev 0.16)  ch2   +0.23 (max dev 0.58)  ch3   +0.73 (max dev 0.52)
[meter] 5.8000 GHz  windows 11493  with tone 128  worst SNR 9.1 dB | ch1   -0.17 (max dev 0.06)  ch2   +1.59 (max dev 0.13)  ch3   +2.53 (max dev 0.15)
[meter] 2.4000 GHz  windows 11577  with tone 9430  worst SNR 9.2 dB | ch1   +0.64 (max dev 0.06)  ch2   +0.79 (max dev 0.08)  ch3   +1.18 (max dev 0.08)
[meter] 5.2000 GHz  windows 11577  with tone 2023  worst SNR 8.6 dB | ch1   -1.89 (max dev 0.16)  ch2   +0.20 (max dev 0.52)  ch3   +0.70 (max dev 0.50)
[meter] 5.8000 GHz  windows 11577  with tone 128  worst SNR 9.1 dB | ch1   -0.17 (max dev 0.06)  ch2   +1.59 (max dev 0.13)  ch3   +2.53 (max dev 0.15)
[meter] 2.4000 GHz  windows 11577  with tone 9430  worst SNR 9.2 dB | ch1   +0.64 (max dev 0.06)  ch2   +0.79 (max dev 0.08)  ch3   +1.18 (max dev 0.08)
[meter] 5.2000 GHz  windows 11577  with tone 2023  worst SNR 8.6 dB | ch1   -1.89 (max dev 0.16)  ch2   +0.20 (max dev 0.52)  ch3   +0.70 (max dev 0.50)
[meter] 5.8000 GHz  windows 11577  with tone 128  worst SNR 9.1 dB | ch1   -0.17 (max dev 0.06)  ch2   +1.59 (max dev 0.13)  ch3   +2.53 (max dev 0.15)
[meter] 2.4000 GHz  windows 11578  with tone 9430  worst SNR 9.2 dB | ch1   +0.64 (max dev 0.06)  ch2   +0.79 (max dev 0.08)  ch3   +1.18 (max dev 0.08)
[meter] 5.2000 GHz  windows 11577  with tone 2023  worst SNR 8.6 dB | ch1   -1.89 (max dev 0.16)  ch2   +0.20 (max dev 0.52)  ch3   +0.70 (max dev 0.50)
[meter] 5.8000 GHz  windows 11577  with tone 128  worst SNR 9.1 dB | ch1   -0.17 (max dev 0.06)  ch2   +1.59 (max dev 0.13)  ch3   +2.53 (max dev 0.15)
[meter] 2.4000 GHz  windows 11660  with tone 9430  worst SNR 9.2 dB | ch1   +0.64 (max dev 0.06)  ch2   +0.79 (max dev 0.08)  ch3   +1.18 (max dev 0.08)
[meter] 5.2000 GHz  windows 11660  with tone 2106  worst SNR 8.6 dB | ch1   -1.88 (max dev 0.15)  ch2   +0.19 (max dev 0.21)  ch3   +0.70 (max dev 0.18)
[meter] 5.8000 GHz  windows 11660  with tone 128  worst SNR 9.1 dB | ch1   -0.17 (max dev 0.06)  ch2   +1.59 (max dev 0.13)  ch3   +2.53 (max dev 0.15)
[meter] 2.4000 GHz  windows 11661  with tone 9430  worst SNR 9.2 dB | ch1   +0.64 (max dev 0.06)  ch2   +0.79 (max dev 0.08)  ch3   +1.18 (max dev 0.08)
[meter] 5.2000 GHz  windows 11660  with tone 2106  worst SNR 8.6 dB | ch1   -1.88 (max dev 0.15)  ch2   +0.19 (max dev 0.21)  ch3   +0.70 (max dev 0.18)
[meter] 5.8000 GHz  windows 11660  with tone 128  worst SNR 9.1 dB | ch1   -0.17 (max dev 0.06)  ch2   +1.59 (max dev 0.13)  ch3   +2.53 (max dev 0.15)
[meter] 2.4000 GHz  windows 11661  with tone 9430  worst SNR 9.2 dB | ch1   +0.64 (max dev 0.06)  ch2   +0.79 (max dev 0.08)  ch3   +1.18 (max dev 0.08)
[meter] 5.2000 GHz  windows 11661  with tone 2107  worst SNR 8.6 dB | ch1   -1.88 (max dev 0.15)  ch2   +0.19 (max dev 0.21)  ch3   +0.70 (max dev 0.18)
[meter] 5.8000 GHz  windows 11660  with tone 128  worst SNR 9.1 dB | ch1   -0.17 (max dev 0.06)  ch2   +1.59 (max dev 0.13)  ch3   +2.53 (max dev 0.15)
[meter] 2.4000 GHz  windows 11744  with tone 9430  worst SNR 9.2 dB | ch1   +0.64 (max dev 0.06)  ch2   +0.79 (max dev 0.08)  ch3   +1.18 (max dev 0.08)
[meter] 2.4000 GHz  windows 11744  with tone 9430  worst SNR 9.2 dB | ch1   +0.64 (max dev 0.06)  ch2   +0.79 (max dev 0.08)  ch3   +1.18 (max dev 0.08)
[meter] 5.2000 GHz  windows 11744  with tone 2190  worst SNR 8.6 dB | ch1   -1.88 (max dev 0.09)  ch2   +0.17 (max dev 0.23)  ch3   +0.68 (max dev 0.21)
[meter] 5.2000 GHz  windows 11744  with tone 2190  worst SNR 8.6 dB | ch1   -1.88 (max dev 0.09)  ch2   +0.17 (max dev 0.23)  ch3   +0.68 (max dev 0.21)
[meter] 5.8000 GHz  windows 11743  with tone 128  worst SNR 9.1 dB | ch1   -0.17 (max dev 0.06)  ch2   +1.59 (max dev 0.13)  ch3   +2.53 (max dev 0.15)
[meter] 5.8000 GHz  windows 11743  with tone 128  worst SNR 9.1 dB | ch1   -0.17 (max dev 0.06)  ch2   +1.59 (max dev 0.13)  ch3   +2.53 (max dev 0.15)
[meter] 2.4000 GHz  windows 11744  with tone 9430  worst SNR 9.2 dB | ch1   +0.64 (max dev 0.06)  ch2   +0.79 (max dev 0.08)  ch3   +1.18 (max dev 0.08)
[meter] 5.2000 GHz  windows 11744  with tone 2190  worst SNR 8.6 dB | ch1   -1.88 (max dev 0.09)  ch2   +0.17 (max dev 0.23)  ch3   +0.68 (max dev 0.21)
[meter] 5.8000 GHz  windows 11744  with tone 128  worst SNR 9.1 dB | ch1   -0.17 (max dev 0.06)  ch2   +1.59 (max dev 0.13)  ch3   +2.53 (max dev 0.15)
[meter] 2.4000 GHz  windows 11828  with tone 9430  worst SNR 9.2 dB | ch1   +0.64 (max dev 0.06)  ch2   +0.79 (max dev 0.08)  ch3   +1.18 (max dev 0.08)
[meter] 2.4000 GHz  windows 11828  with tone 9430  worst SNR 9.2 dB | ch1   +0.64 (max dev 0.06)  ch2   +0.79 (max dev 0.08)  ch3   +1.18 (max dev 0.08)
[meter] 5.2000 GHz  windows 11827  with tone 2273  worst SNR 8.6 dB | ch1   -1.90 (max dev 0.08)  ch2   +0.40 (max dev 0.52)  ch3   +0.94 (max dev 0.56)
[meter] 5.2000 GHz  windows 11827  with tone 2273  worst SNR 8.6 dB | ch1   -1.90 (max dev 0.08)  ch2   +0.40 (max dev 0.52)  ch3   +0.94 (max dev 0.56)
[meter] 5.8000 GHz  windows 11827  with tone 128  worst SNR 9.1 dB | ch1   -0.17 (max dev 0.06)  ch2   +1.59 (max dev 0.13)  ch3   +2.53 (max dev 0.15)
[meter] 5.8000 GHz  windows 11827  with tone 128  worst SNR 9.1 dB | ch1   -0.17 (max dev 0.06)  ch2   +1.59 (max dev 0.13)  ch3   +2.53 (max dev 0.15)
[meter] 2.4000 GHz  windows 11828  with tone 9430  worst SNR 9.2 dB | ch1   +0.64 (max dev 0.06)  ch2   +0.79 (max dev 0.08)  ch3   +1.18 (max dev 0.08)
[meter] 5.2000 GHz  windows 11827  with tone 2273  worst SNR 8.6 dB | ch1   -1.90 (max dev 0.08)  ch2   +0.40 (max dev 0.52)  ch3   +0.94 (max dev 0.56)
[meter] 5.8000 GHz  windows 11827  with tone 128  worst SNR 9.1 dB | ch1   -0.17 (max dev 0.06)  ch2   +1.59 (max dev 0.13)  ch3   +2.53 (max dev 0.15)
[meter] 2.4000 GHz  windows 11911  with tone 9430  worst SNR 9.2 dB | ch1   +0.64 (max dev 0.06)  ch2   +0.79 (max dev 0.08)  ch3   +1.18 (max dev 0.08)
[meter] 2.4000 GHz  windows 11911  with tone 9430  worst SNR 9.2 dB | ch1   +0.64 (max dev 0.06)  ch2   +0.79 (max dev 0.08)  ch3   +1.18 (max dev 0.08)
[meter] 5.2000 GHz  windows 11911  with tone 2357  worst SNR 8.6 dB | ch1   -1.92 (max dev 0.08)  ch2   +0.65 (max dev 0.71)  ch3   +1.20 (max dev 0.72)
[meter] 5.2000 GHz  windows 11911  with tone 2357  worst SNR 8.6 dB | ch1   -1.92 (max dev 0.08)  ch2   +0.65 (max dev 0.71)  ch3   +1.20 (max dev 0.72)
[meter] 5.8000 GHz  windows 11910  with tone 128  worst SNR 9.1 dB | ch1   -0.17 (max dev 0.06)  ch2   +1.59 (max dev 0.13)  ch3   +2.53 (max dev 0.15)
[meter] 5.8000 GHz  windows 11910  with tone 128  worst SNR 9.1 dB | ch1   -0.17 (max dev 0.06)  ch2   +1.59 (max dev 0.13)  ch3   +2.53 (max dev 0.15)
[meter] 2.4000 GHz  windows 11911  with tone 9430  worst SNR 9.2 dB | ch1   +0.64 (max dev 0.06)  ch2   +0.79 (max dev 0.08)  ch3   +1.18 (max dev 0.08)
[meter] 5.2000 GHz  windows 11911  with tone 2357  worst SNR 8.6 dB | ch1   -1.92 (max dev 0.08)  ch2   +0.65 (max dev 0.71)  ch3   +1.20 (max dev 0.72)
[meter] 5.8000 GHz  windows 11910  with tone 128  worst SNR 9.1 dB | ch1   -0.17 (max dev 0.06)  ch2   +1.59 (max dev 0.13)  ch3   +2.53 (max dev 0.15)
[meter] 2.4000 GHz  windows 11994  with tone 9430  worst SNR 9.2 dB | ch1   +0.64 (max dev 0.06)  ch2   +0.79 (max dev 0.08)  ch3   +1.18 (max dev 0.08)[meter] 2.4000 GHz  windows 11994  with tone 9430  worst SNR 9.2 dB | ch1   +0.64 (max dev 0.06)  ch2   +0.79 (max dev 0.08)  ch3   +1.18 (max dev 0.08)

[meter] 5.2000 GHz  windows 11994  with tone 2440  worst SNR 8.6 dB | ch1   -1.93 (max dev 0.09)  ch2   +0.62 (max dev 0.45)  ch3   +1.14 (max dev 0.43)
[meter] 5.2000 GHz  windows 11994  with tone 2440  worst SNR 8.6 dB | ch1   -1.93 (max dev 0.09)  ch2   +0.62 (max dev 0.45)  ch3   +1.14 (max dev 0.43)
[meter] 5.8000 GHz  windows 11994  with tone 128  worst SNR 9.1 dB | ch1   -0.17 (max dev 0.06)  ch2   +1.59 (max dev 0.13)  ch3   +2.53 (max dev 0.15)
[meter] 5.8000 GHz  windows 11994  with tone 128  worst SNR 9.1 dB | ch1   -0.17 (max dev 0.06)  ch2   +1.59 (max dev 0.13)  ch3   +2.53 (max dev 0.15)
[meter] 2.4000 GHz  windows 11995  with tone 9430  worst SNR 9.2 dB | ch1   +0.64 (max dev 0.06)  ch2   +0.79 (max dev 0.08)  ch3   +1.18 (max dev 0.08)
[meter] 5.2000 GHz  windows 11994  with tone 2440  worst SNR 8.6 dB | ch1   -1.93 (max dev 0.09)  ch2   +0.62 (max dev 0.45)  ch3   +1.14 (max dev 0.43)
[meter] 5.8000 GHz  windows 11994  with tone 128  worst SNR 9.1 dB | ch1   -0.17 (max dev 0.06)  ch2   +1.59 (max dev 0.13)  ch3   +2.53 (max dev 0.15)
[meter] 2.4000 GHz  windows 12078  with tone 9430  worst SNR 9.2 dB | ch1   +0.64 (max dev 0.06)  ch2   +0.79 (max dev 0.08)  ch3   +1.18 (max dev 0.08)
[meter] 2.4000 GHz  windows 12078  with tone 9430  worst SNR 9.2 dB | ch1   +0.64 (max dev 0.06)  ch2   +0.79 (max dev 0.08)  ch3   +1.18 (max dev 0.08)
[meter] 5.2000 GHz  windows 12077  with tone 2523  worst SNR 8.6 dB | ch1   -1.92 (max dev 0.10)  ch2   +0.46 (max dev 0.35)  ch3   +0.96 (max dev 0.42)
[meter] 5.2000 GHz  windows 12077  with tone 2523  worst SNR 8.6 dB | ch1   -1.92 (max dev 0.10)  ch2   +0.46 (max dev 0.35)  ch3   +0.96 (max dev 0.42)
[meter] 2.4000 GHz  windows 12078  with tone 9430  worst SNR 9.2 dB | ch1   +0.64 (max dev 0.06)  ch2   +0.79 (max dev 0.08)  ch3   +1.18 (max dev 0.08)
[meter] 5.8000 GHz  windows 12077  with tone 128  worst SNR 9.1 dB | ch1   -0.17 (max dev 0.06)  ch2   +1.59 (max dev 0.13)  ch3   +2.53 (max dev 0.15)
[meter] 5.8000 GHz  windows 12077  with tone 128  worst SNR 9.1 dB | ch1   -0.17 (max dev 0.06)  ch2   +1.59 (max dev 0.13)  ch3   +2.53 (max dev 0.15)
[meter] 5.2000 GHz  windows 12078  with tone 2524  worst SNR 8.6 dB | ch1   -1.92 (max dev 0.10)  ch2   +0.46 (max dev 0.35)  ch3   +0.96 (max dev 0.43)
[meter] 5.8000 GHz  windows 12077  with tone 128  worst SNR 9.1 dB | ch1   -0.17 (max dev 0.06)  ch2   +1.59 (max dev 0.13)  ch3   +2.53 (max dev 0.15)
[meter] 2.4000 GHz  windows 12161  with tone 9430  worst SNR 9.2 dB | ch1   +0.64 (max dev 0.06)  ch2   +0.79 (max dev 0.08)  ch3   +1.18 (max dev 0.08)
[meter] 2.4000 GHz  windows 12161  with tone 9430  worst SNR 9.2 dB | ch1   +0.64 (max dev 0.06)  ch2   +0.79 (max dev 0.08)  ch3   +1.18 (max dev 0.08)
[meter] 5.2000 GHz  windows 12161  with tone 2607  worst SNR 8.6 dB | ch1   -1.89 (max dev 0.08)  ch2   +0.39 (max dev 0.29)  ch3   +0.87 (max dev 0.20)
[meter] 5.2000 GHz  windows 12161  with tone 2607  worst SNR 8.6 dB | ch1   -1.89 (max dev 0.08)  ch2   +0.39 (max dev 0.29)  ch3   +0.87 (max dev 0.20)
[meter] 5.8000 GHz  windows 12161  with tone 128  worst SNR 9.1 dB | ch1   -0.17 (max dev 0.06)  ch2   +1.59 (max dev 0.13)  ch3   +2.53 (max dev 0.15)
[meter] 5.8000 GHz  windows 12161  with tone 128  worst SNR 9.1 dB | ch1   -0.17 (max dev 0.06)  ch2   +1.59 (max dev 0.13)  ch3   +2.53 (max dev 0.15)
[meter] 2.4000 GHz  windows 12161  with tone 9430  worst SNR 9.2 dB | ch1   +0.64 (max dev 0.06)  ch2   +0.79 (max dev 0.08)  ch3   +1.18 (max dev 0.08)
[meter] 5.2000 GHz  windows 12161  with tone 2607  worst SNR 8.6 dB | ch1   -1.89 (max dev 0.08)  ch2   +0.39 (max dev 0.29)  ch3   +0.87 (max dev 0.20)
[meter] 5.8000 GHz  windows 12161  with tone 128  worst SNR 9.1 dB | ch1   -0.17 (max dev 0.06)  ch2   +1.59 (max dev 0.13)  ch3   +2.53 (max dev 0.15)
[meter] 2.4000 GHz  windows 12245  with tone 9430  worst SNR 9.2 dB | ch1   +0.64 (max dev 0.06)  ch2   +0.79 (max dev 0.08)  ch3   +1.18 (max dev 0.08)
[meter] 5.2000 GHz  windows 12244  with tone 2690  worst SNR 8.6 dB | ch1   -1.82 (max dev 0.23)  ch2   +0.68 (max dev 0.69)  ch3   +1.17 (max dev 0.70)
[meter] 5.8000 GHz  windows 12244  with tone 128  worst SNR 9.1 dB | ch1   -0.17 (max dev 0.06)  ch2   +1.59 (max dev 0.13)  ch3   +2.53 (max dev 0.15)
[meter] 2.4000 GHz  windows 12245  with tone 9430  worst SNR 9.2 dB | ch1   +0.64 (max dev 0.06)  ch2   +0.79 (max dev 0.08)  ch3   +1.18 (max dev 0.08)
[meter] 5.2000 GHz  windows 12244  with tone 2690  worst SNR 8.6 dB | ch1   -1.82 (max dev 0.23)  ch2   +0.68 (max dev 0.69)  ch3   +1.17 (max dev 0.70)
[meter] 5.8000 GHz  windows 12244  with tone 128  worst SNR 9.1 dB | ch1   -0.17 (max dev 0.06)  ch2   +1.59 (max dev 0.13)  ch3   +2.53 (max dev 0.15)
[meter] 2.4000 GHz  windows 12245  with tone 9430  worst SNR 9.2 dB | ch1   +0.64 (max dev 0.06)  ch2   +0.79 (max dev 0.08)  ch3   +1.18 (max dev 0.08)
[meter] 5.2000 GHz  windows 12244  with tone 2690  worst SNR 8.6 dB | ch1   -1.82 (max dev 0.23)  ch2   +0.68 (max dev 0.69)  ch3   +1.17 (max dev 0.70)
[meter] 5.8000 GHz  windows 12244  with tone 128  worst SNR 9.1 dB | ch1   -0.17 (max dev 0.06)  ch2   +1.59 (max dev 0.13)  ch3   +2.53 (max dev 0.15)
[meter] 2.4000 GHz  windows 12328  with tone 9430  worst SNR 9.2 dB | ch1   +0.64 (max dev 0.06)  ch2   +0.79 (max dev 0.08)  ch3   +1.18 (max dev 0.08)
[meter] 2.4000 GHz  windows 12328  with tone 9430  worst SNR 9.2 dB | ch1   +0.64 (max dev 0.06)  ch2   +0.79 (max dev 0.08)  ch3   +1.18 (max dev 0.08)
[meter] 5.2000 GHz  windows 12328  with tone 2774  worst SNR 8.6 dB | ch1   -1.73 (max dev 0.21)  ch2   +0.94 (max dev 0.65)  ch3   +1.45 (max dev 0.62)
[meter] 5.8000 GHz  windows 12327  with tone 128  worst SNR 9.1 dB | ch1   -0.17 (max dev 0.06)  ch2   +1.59 (max dev 0.13)  ch3   +2.53 (max dev 0.15)
[meter] 5.2000 GHz  windows 12328  with tone 2774  worst SNR 8.6 dB | ch1   -1.73 (max dev 0.21)  ch2   +0.94 (max dev 0.65)  ch3   +1.45 (max dev 0.62)
[meter] 5.8000 GHz  windows 12327  with tone 128  worst SNR 9.1 dB | ch1   -0.17 (max dev 0.06)  ch2   +1.59 (max dev 0.13)  ch3   +2.53 (max dev 0.15)
[meter] 2.4000 GHz  windows 12328  with tone 9430  worst SNR 9.2 dB | ch1   +0.64 (max dev 0.06)  ch2   +0.79 (max dev 0.08)  ch3   +1.18 (max dev 0.08)
[meter] 5.2000 GHz  windows 12328  with tone 2774  worst SNR 8.6 dB | ch1   -1.73 (max dev 0.21)  ch2   +0.94 (max dev 0.65)  ch3   +1.45 (max dev 0.62)
[meter] 5.8000 GHz  windows 12327  with tone 128  worst SNR 9.1 dB | ch1   -0.17 (max dev 0.06)  ch2   +1.59 (max dev 0.13)  ch3   +2.53 (max dev 0.15)
[meter] 2.4000 GHz  windows 12411  with tone 9430  worst SNR 9.2 dB | ch1   +0.64 (max dev 0.06)  ch2   +0.79 (max dev 0.08)  ch3   +1.18 (max dev 0.08)[meter] 2.4000 GHz  windows 12411  with tone 9430  worst SNR 9.2 dB | ch1   +0.64 (max dev 0.06)  ch2   +0.79 (max dev 0.08)  ch3   +1.18 (max dev 0.08)

[meter] 5.2000 GHz  windows 12411  with tone 2857  worst SNR 8.6 dB | ch1   -1.68 (max dev 0.09)  ch2   +1.10 (max dev 0.15)  ch3   +1.60 (max dev 0.16)
[meter] 5.2000 GHz  windows 12411  with tone 2857  worst SNR 8.6 dB | ch1   -1.68 (max dev 0.09)  ch2   +1.10 (max dev 0.15)  ch3   +1.60 (max dev 0.16)
[meter] 5.8000 GHz  windows 12411  with tone 128  worst SNR 9.1 dB | ch1   -0.17 (max dev 0.06)  ch2   +1.59 (max dev 0.13)  ch3   +2.53 (max dev 0.15)
[meter] 5.8000 GHz  windows 12411  with tone 128  worst SNR 9.1 dB | ch1   -0.17 (max dev 0.06)  ch2   +1.59 (max dev 0.13)  ch3   +2.53 (max dev 0.15)
[meter] 2.4000 GHz  windows 12411  with tone 9430  worst SNR 9.2 dB | ch1   +0.64 (max dev 0.06)  ch2   +0.79 (max dev 0.08)  ch3   +1.18 (max dev 0.08)
[meter] 5.2000 GHz  windows 12411  with tone 2857  worst SNR 8.6 dB | ch1   -1.68 (max dev 0.09)  ch2   +1.10 (max dev 0.15)  ch3   +1.60 (max dev 0.16)
[meter] 5.8000 GHz  windows 12411  with tone 128  worst SNR 9.1 dB | ch1   -0.17 (max dev 0.06)  ch2   +1.59 (max dev 0.13)  ch3   +2.53 (max dev 0.15)
[meter] 2.4000 GHz  windows 12495  with tone 9430  worst SNR 9.2 dB | ch1   +0.64 (max dev 0.06)  ch2   +0.79 (max dev 0.08)  ch3   +1.18 (max dev 0.08)
[meter] 2.4000 GHz  windows 12495  with tone 9430  worst SNR 9.2 dB | ch1   +0.64 (max dev 0.06)  ch2   +0.79 (max dev 0.08)  ch3   +1.18 (max dev 0.08)
[meter] 5.2000 GHz  windows 12495  with tone 2941  worst SNR 8.6 dB | ch1   -1.74 (max dev 0.28)  ch2   +1.01 (max dev 0.57)  ch3   +1.53 (max dev 0.50)
[meter] 5.2000 GHz  windows 12495  with tone 2941  worst SNR 8.6 dB | ch1   -1.74 (max dev 0.28)  ch2   +1.01 (max dev 0.57)  ch3   +1.53 (max dev 0.50)
[meter] 2.4000 GHz  windows 12495  with tone 9430  worst SNR 9.2 dB | ch1   +0.64 (max dev 0.06)  ch2   +0.79 (max dev 0.08)  ch3   +1.18 (max dev 0.08)
[meter] 5.8000 GHz  windows 12494  with tone 128  worst SNR 9.1 dB | ch1   -0.17 (max dev 0.06)  ch2   +1.59 (max dev 0.13)  ch3   +2.53 (max dev 0.15)
[meter] 5.8000 GHz  windows 12494  with tone 128  worst SNR 9.1 dB | ch1   -0.17 (max dev 0.06)  ch2   +1.59 (max dev 0.13)  ch3   +2.53 (max dev 0.15)
[meter] 5.2000 GHz  windows 12495  with tone 2941  worst SNR 8.6 dB | ch1   -1.74 (max dev 0.28)  ch2   +1.01 (max dev 0.57)  ch3   +1.53 (max dev 0.50)
[meter] 5.8000 GHz  windows 12494  with tone 128  worst SNR 9.1 dB | ch1   -0.17 (max dev 0.06)  ch2   +1.59 (max dev 0.13)  ch3   +2.53 (max dev 0.15)
[meter] 2.4000 GHz  windows 12578  with tone 9430  worst SNR 9.2 dB | ch1   +0.64 (max dev 0.06)  ch2   +0.79 (max dev 0.08)  ch3   +1.18 (max dev 0.08)
[meter] 2.4000 GHz  windows 12578  with tone 9430  worst SNR 9.2 dB | ch1   +0.64 (max dev 0.06)  ch2   +0.79 (max dev 0.08)  ch3   +1.18 (max dev 0.08)
[meter] 2.4000 GHz  windows 12578  with tone 9430  worst SNR 9.2 dB | ch1   +0.64 (max dev 0.06)  ch2   +0.79 (max dev 0.08)  ch3   +1.18 (max dev 0.08)
[meter] 5.2000 GHz  windows 12578  with tone 3024  worst SNR 8.6 dB | ch1   -1.81 (max dev 0.21)  ch2   +0.92 (max dev 0.48)  ch3   +1.48 (max dev 0.45)
[meter] 5.8000 GHz  windows 12577  with tone 128  worst SNR 9.1 dB | ch1   -0.17 (max dev 0.06)  ch2   +1.59 (max dev 0.13)  ch3   +2.53 (max dev 0.15)
[meter] 5.2000 GHz  windows 12578  with tone 3024  worst SNR 8.6 dB | ch1   -1.81 (max dev 0.21)  ch2   +0.92 (max dev 0.48)  ch3   +1.48 (max dev 0.45)
[meter] 5.2000 GHz  windows 12578  with tone 3024  worst SNR 8.6 dB | ch1   -1.81 (max dev 0.21)  ch2   +0.92 (max dev 0.48)  ch3   +1.48 (max dev 0.45)
[meter] 5.8000 GHz  windows 12577  with tone 128  worst SNR 9.1 dB | ch1   -0.17 (max dev 0.06)  ch2   +1.59 (max dev 0.13)  ch3   +2.53 (max dev 0.15)
[meter] 5.8000 GHz  windows 12577  with tone 128  worst SNR 9.1 dB | ch1   -0.17 (max dev 0.06)  ch2   +1.59 (max dev 0.13)  ch3   +2.53 (max dev 0.15)
[meter] 2.4000 GHz  windows 12661  with tone 9430  worst SNR 9.2 dB | ch1   +0.64 (max dev 0.06)  ch2   +0.79 (max dev 0.08)  ch3   +1.18 (max dev 0.08)
[meter] 2.4000 GHz  windows 12661  with tone 9430  worst SNR 9.2 dB | ch1   +0.64 (max dev 0.06)  ch2   +0.79 (max dev 0.08)  ch3   +1.18 (max dev 0.08)
[meter] 2.4000 GHz  windows 12661  with tone 9430  worst SNR 9.2 dB | ch1   +0.64 (max dev 0.06)  ch2   +0.79 (max dev 0.08)  ch3   +1.18 (max dev 0.08)
[meter] 5.2000 GHz  windows 12661  with tone 3107  worst SNR 8.6 dB | ch1   -1.86 (max dev 0.07)  ch2   +0.87 (max dev 0.18)  ch3   +1.47 (max dev 0.16)
[meter] 5.2000 GHz  windows 12661  with tone 3107  worst SNR 8.6 dB | ch1   -1.86 (max dev 0.07)  ch2   +0.87 (max dev 0.18)  ch3   +1.47 (max dev 0.16)
[meter] 5.2000 GHz  windows 12661  with tone 3107  worst SNR 8.6 dB | ch1   -1.86 (max dev 0.07)  ch2   +0.87 (max dev 0.18)  ch3   +1.47 (max dev 0.16)
[meter] 5.8000 GHz  windows 12661  with tone 128  worst SNR 9.1 dB | ch1   -0.17 (max dev 0.06)  ch2   +1.59 (max dev 0.13)  ch3   +2.53 (max dev 0.15)
[meter] 5.8000 GHz  windows 12661  with tone 128  worst SNR 9.1 dB | ch1   -0.17 (max dev 0.06)  ch2   +1.59 (max dev 0.13)  ch3   +2.53 (max dev 0.15)
[meter] 5.8000 GHz  windows 12661  with tone 128  worst SNR 9.1 dB | ch1   -0.17 (max dev 0.06)  ch2   +1.59 (max dev 0.13)  ch3   +2.53 (max dev 0.15)
[meter] 2.4000 GHz  windows 12745  with tone 9430  worst SNR 9.2 dB | ch1   +0.64 (max dev 0.06)  ch2   +0.79 (max dev 0.08)  ch3   +1.18 (max dev 0.08)
[meter] 2.4000 GHz  windows 12745  with tone 9430  worst SNR 9.2 dB | ch1   +0.64 (max dev 0.06)  ch2   +0.79 (max dev 0.08)  ch3   +1.18 (max dev 0.08)
[meter] 2.4000 GHz  windows 12745  with tone 9430  worst SNR 9.2 dB | ch1   +0.64 (max dev 0.06)  ch2   +0.79 (max dev 0.08)  ch3   +1.18 (max dev 0.08)
[meter] 5.2000 GHz  windows 12744  with tone 3190  worst SNR 8.6 dB | ch1   -1.85 (max dev 0.06)  ch2   +0.85 (max dev 0.15)  ch3   +1.44 (max dev 0.13)
[meter] 5.2000 GHz  windows 12744  with tone 3190  worst SNR 8.6 dB | ch1   -1.85 (max dev 0.06)  ch2   +0.85 (max dev 0.15)  ch3   +1.44 (max dev 0.13)
[meter] 5.8000 GHz  windows 12744  with tone 128  worst SNR 9.1 dB | ch1   -0.17 (max dev 0.06)  ch2   +1.59 (max dev 0.13)  ch3   +2.53 (max dev 0.15)
[meter] 5.2000 GHz  windows 12744  with tone 3190  worst SNR 8.6 dB | ch1   -1.85 (max dev 0.06)  ch2   +0.85 (max dev 0.15)  ch3   +1.44 (max dev 0.13)
[meter] 5.8000 GHz  windows 12744  with tone 128  worst SNR 9.1 dB | ch1   -0.17 (max dev 0.06)  ch2   +1.59 (max dev 0.13)  ch3   +2.53 (max dev 0.15)
[meter] 5.8000 GHz  windows 12744  with tone 128  worst SNR 9.1 dB | ch1   -0.17 (max dev 0.06)  ch2   +1.59 (max dev 0.13)  ch3   +2.53 (max dev 0.15)
[meter] 2.4000 GHz  windows 12828  with tone 9430  worst SNR 9.2 dB | ch1   +0.64 (max dev 0.06)  ch2   +0.79 (max dev 0.08)  ch3   +1.18 (max dev 0.08)[meter] 2.4000 GHz  windows 12828  with tone 9430  worst SNR 9.2 dB | ch1   +0.64 (max dev 0.06)  ch2   +0.79 (max dev 0.08)  ch3   +1.18 (max dev 0.08)

[meter] 5.2000 GHz  windows 12828  with tone 3274  worst SNR 8.6 dB | ch1   -1.84 (max dev 0.06)  ch2   +0.87 (max dev 0.13)  ch3   +1.45 (max dev 0.13)
[meter] 5.2000 GHz  windows 12828  with tone 3274  worst SNR 8.6 dB | ch1   -1.84 (max dev 0.06)  ch2   +0.87 (max dev 0.13)  ch3   +1.45 (max dev 0.13)
[meter] 5.8000 GHz  windows 12828  with tone 128  worst SNR 9.1 dB | ch1   -0.17 (max dev 0.06)  ch2   +1.59 (max dev 0.13)  ch3   +2.53 (max dev 0.15)
[meter] 5.8000 GHz  windows 12828  with tone 128  worst SNR 9.1 dB | ch1   -0.17 (max dev 0.06)  ch2   +1.59 (max dev 0.13)  ch3   +2.53 (max dev 0.15)
[meter] 2.4000 GHz  windows 12829  with tone 9430  worst SNR 9.2 dB | ch1   +0.64 (max dev 0.06)  ch2   +0.79 (max dev 0.08)  ch3   +1.18 (max dev 0.08)
[meter] 5.2000 GHz  windows 12828  with tone 3274  worst SNR 8.6 dB | ch1   -1.84 (max dev 0.06)  ch2   +0.87 (max dev 0.13)  ch3   +1.45 (max dev 0.13)
[meter] 5.8000 GHz  windows 12828  with tone 128  worst SNR 9.1 dB | ch1   -0.17 (max dev 0.06)  ch2   +1.59 (max dev 0.13)  ch3   +2.53 (max dev 0.15)
[meter] 2.4000 GHz  windows 12912  with tone 9430  worst SNR 9.2 dB | ch1   +0.64 (max dev 0.06)  ch2   +0.79 (max dev 0.08)  ch3   +1.18 (max dev 0.08)
[meter] 2.4000 GHz  windows 12912  with tone 9430  worst SNR 9.2 dB | ch1   +0.64 (max dev 0.06)  ch2   +0.79 (max dev 0.08)  ch3   +1.18 (max dev 0.08)
[meter] 5.2000 GHz  windows 12912  with tone 3358  worst SNR 8.6 dB | ch1   -1.85 (max dev 0.06)  ch2   +0.91 (max dev 0.16)  ch3   +1.49 (max dev 0.15)
[meter] 5.2000 GHz  windows 12912  with tone 3358  worst SNR 8.6 dB | ch1   -1.85 (max dev 0.06)  ch2   +0.91 (max dev 0.16)  ch3   +1.49 (max dev 0.15)
[meter] 5.8000 GHz  windows 12911  with tone 128  worst SNR 9.1 dB | ch1   -0.17 (max dev 0.06)  ch2   +1.59 (max dev 0.13)  ch3   +2.53 (max dev 0.15)
[meter] 5.8000 GHz  windows 12911  with tone 128  worst SNR 9.1 dB | ch1   -0.17 (max dev 0.06)  ch2   +1.59 (max dev 0.13)  ch3   +2.53 (max dev 0.15)
[meter] 2.4000 GHz  windows 12912  with tone 9430  worst SNR 9.2 dB | ch1   +0.64 (max dev 0.06)  ch2   +0.79 (max dev 0.08)  ch3   +1.18 (max dev 0.08)
[meter] 5.2000 GHz  windows 12912  with tone 3358  worst SNR 8.6 dB | ch1   -1.85 (max dev 0.06)  ch2   +0.91 (max dev 0.16)  ch3   +1.49 (max dev 0.15)
[meter] 5.8000 GHz  windows 12911  with tone 128  worst SNR 9.1 dB | ch1   -0.17 (max dev 0.06)  ch2   +1.59 (max dev 0.13)  ch3   +2.53 (max dev 0.15)
[meter] 2.4000 GHz  windows 12995  with tone 9430  worst SNR 9.2 dB | ch1   +0.64 (max dev 0.06)  ch2   +0.79 (max dev 0.08)  ch3   +1.18 (max dev 0.08)
[meter] 5.2000 GHz  windows 12995  with tone 3441  worst SNR 8.6 dB | ch1   -1.88 (max dev 0.24)  ch2   +0.83 (max dev 0.66)  ch3   +1.40 (max dev 0.67)
[meter] 2.4000 GHz  windows 12995  with tone 9430  worst SNR 9.2 dB | ch1   +0.64 (max dev 0.06)  ch2   +0.79 (max dev 0.08)  ch3   +1.18 (max dev 0.08)
[meter] 5.8000 GHz  windows 12995  with tone 128  worst SNR 9.1 dB | ch1   -0.17 (max dev 0.06)  ch2   +1.59 (max dev 0.13)  ch3   +2.53 (max dev 0.15)
[meter] 5.2000 GHz  windows 12995  with tone 3441  worst SNR 8.6 dB | ch1   -1.88 (max dev 0.24)  ch2   +0.83 (max dev 0.66)  ch3   +1.40 (max dev 0.67)
[meter] 5.8000 GHz  windows 12995  with tone 128  worst SNR 9.1 dB | ch1   -0.17 (max dev 0.06)  ch2   +1.59 (max dev 0.13)  ch3   +2.53 (max dev 0.15)
[meter] 2.4000 GHz  windows 12995  with tone 9430  worst SNR 9.2 dB | ch1   +0.64 (max dev 0.06)  ch2   +0.79 (max dev 0.08)  ch3   +1.18 (max dev 0.08)
[meter] 5.2000 GHz  windows 12995  with tone 3441  worst SNR 8.6 dB | ch1   -1.88 (max dev 0.24)  ch2   +0.83 (max dev 0.66)  ch3   +1.40 (max dev 0.67)
[meter] 5.8000 GHz  windows 12995  with tone 128  worst SNR 9.1 dB | ch1   -0.17 (max dev 0.06)  ch2   +1.59 (max dev 0.13)  ch3   +2.53 (max dev 0.15)
[meter] 2.4000 GHz  windows 13078  with tone 9430  worst SNR 9.2 dB | ch1   +0.64 (max dev 0.06)  ch2   +0.79 (max dev 0.08)  ch3   +1.18 (max dev 0.08)
[meter] 5.2000 GHz  windows 13078  with tone 3524  worst SNR 8.6 dB | ch1   -1.97 (max dev 0.31)  ch2   +0.49 (max dev 0.90)  ch3   +1.05 (max dev 1.02)
[meter] 5.8000 GHz  windows 13078  with tone 128  worst SNR 9.1 dB | ch1   -0.17 (max dev 0.06)  ch2   +1.59 (max dev 0.13)  ch3   +2.53 (max dev 0.15)
[meter] 2.4000 GHz  windows 13079  with tone 9430  worst SNR 9.2 dB | ch1   +0.64 (max dev 0.06)  ch2   +0.79 (max dev 0.08)  ch3   +1.18 (max dev 0.08)
[meter] 5.2000 GHz  windows 13078  with tone 3524  worst SNR 8.6 dB | ch1   -1.97 (max dev 0.31)  ch2   +0.49 (max dev 0.90)  ch3   +1.05 (max dev 1.02)
[meter] 2.4000 GHz  windows 13079  with tone 9430  worst SNR 9.2 dB | ch1   +0.64 (max dev 0.06)  ch2   +0.79 (max dev 0.08)  ch3   +1.18 (max dev 0.08)
[meter] 5.8000 GHz  windows 13078  with tone 128  worst SNR 9.1 dB | ch1   -0.17 (max dev 0.06)  ch2   +1.59 (max dev 0.13)  ch3   +2.53 (max dev 0.15)
[meter] 5.2000 GHz  windows 13078  with tone 3524  worst SNR 8.6 dB | ch1   -1.97 (max dev 0.31)  ch2   +0.49 (max dev 0.90)  ch3   +1.05 (max dev 1.02)
[meter] 5.8000 GHz  windows 13078  with tone 128  worst SNR 9.1 dB | ch1   -0.17 (max dev 0.06)  ch2   +1.59 (max dev 0.13)  ch3   +2.53 (max dev 0.15)
[meter] 2.4000 GHz  windows 13162  with tone 9430  worst SNR 9.2 dB | ch1   +0.64 (max dev 0.06)  ch2   +0.79 (max dev 0.08)  ch3   +1.18 (max dev 0.08)
[meter] 5.2000 GHz  windows 13162  with tone 3608  worst SNR 8.6 dB | ch1   -2.00 (max dev 0.28)  ch2   +0.25 (max dev 0.66)  ch3   +0.84 (max dev 0.81)
[meter] 5.8000 GHz  windows 13161  with tone 128  worst SNR 9.1 dB | ch1   -0.17 (max dev 0.06)  ch2   +1.59 (max dev 0.13)  ch3   +2.53 (max dev 0.15)
[meter] 2.4000 GHz  windows 13162  with tone 9430  worst SNR 9.2 dB | ch1   +0.64 (max dev 0.06)  ch2   +0.79 (max dev 0.08)  ch3   +1.18 (max dev 0.08)
[meter] 2.4000 GHz  windows 13162  with tone 9430  worst SNR 9.2 dB | ch1   +0.64 (max dev 0.06)  ch2   +0.79 (max dev 0.08)  ch3   +1.18 (max dev 0.08)
[meter] 5.2000 GHz  windows 13162  with tone 3608  worst SNR 8.6 dB | ch1   -2.00 (max dev 0.28)  ch2   +0.25 (max dev 0.66)  ch3   +0.84 (max dev 0.81)
[meter] 5.2000 GHz  windows 13162  with tone 3608  worst SNR 8.6 dB | ch1   -2.00 (max dev 0.28)  ch2   +0.25 (max dev 0.66)  ch3   +0.84 (max dev 0.81)
[meter] 5.8000 GHz  windows 13161  with tone 128  worst SNR 9.1 dB | ch1   -0.17 (max dev 0.06)  ch2   +1.59 (max dev 0.13)  ch3   +2.53 (max dev 0.15)
[meter] 5.8000 GHz  windows 13161  with tone 128  worst SNR 9.1 dB | ch1   -0.17 (max dev 0.06)  ch2   +1.59 (max dev 0.13)  ch3   +2.53 (max dev 0.15)
[meter] 2.4000 GHz  windows 13245  with tone 9430  worst SNR 9.2 dB | ch1   +0.64 (max dev 0.06)  ch2   +0.79 (max dev 0.08)  ch3   +1.18 (max dev 0.08)
[meter] 5.2000 GHz  windows 13245  with tone 3691  worst SNR 8.6 dB | ch1   -1.95 (max dev 0.33)  ch2   +0.28 (max dev 0.69)  ch3   +0.92 (max dev 0.89)
[meter] 5.8000 GHz  windows 13245  with tone 128  worst SNR 9.1 dB | ch1   -0.17 (max dev 0.06)  ch2   +1.59 (max dev 0.13)  ch3   +2.53 (max dev 0.15)
[meter] 2.4000 GHz  windows 13245  with tone 9430  worst SNR 9.2 dB | ch1   +0.64 (max dev 0.06)  ch2   +0.79 (max dev 0.08)  ch3   +1.18 (max dev 0.08)
[meter] 2.4000 GHz  windows 13245  with tone 9430  worst SNR 9.2 dB | ch1   +0.64 (max dev 0.06)  ch2   +0.79 (max dev 0.08)  ch3   +1.18 (max dev 0.08)
[meter] 5.2000 GHz  windows 13245  with tone 3691  worst SNR 8.6 dB | ch1   -1.95 (max dev 0.33)  ch2   +0.28 (max dev 0.69)  ch3   +0.92 (max dev 0.89)
[meter] 5.2000 GHz  windows 13245  with tone 3691  worst SNR 8.6 dB | ch1   -1.95 (max dev 0.33)  ch2   +0.28 (max dev 0.69)  ch3   +0.92 (max dev 0.89)
[meter] 5.8000 GHz  windows 13245  with tone 128  worst SNR 9.1 dB | ch1   -0.17 (max dev 0.06)  ch2   +1.59 (max dev 0.13)  ch3   +2.53 (max dev 0.15)
[meter] 5.8000 GHz  windows 13245  with tone 128  worst SNR 9.1 dB | ch1   -0.17 (max dev 0.06)  ch2   +1.59 (max dev 0.13)  ch3   +2.53 (max dev 0.15)
[meter] 2.4000 GHz  windows 13329  with tone 9430  worst SNR 9.2 dB | ch1   +0.64 (max dev 0.06)  ch2   +0.79 (max dev 0.08)  ch3   +1.18 (max dev 0.08)
[meter] 5.2000 GHz  windows 13328  with tone 3774  worst SNR 8.6 dB | ch1   -1.93 (max dev 0.13)  ch2   +0.32 (max dev 0.19)  ch3   +0.99 (max dev 0.10)
[meter] 5.8000 GHz  windows 13328  with tone 128  worst SNR 9.1 dB | ch1   -0.17 (max dev 0.06)  ch2   +1.59 (max dev 0.13)  ch3   +2.53 (max dev 0.15)
[meter] 2.4000 GHz  windows 13329  with tone 9430  worst SNR 9.2 dB | ch1   +0.64 (max dev 0.06)  ch2   +0.79 (max dev 0.08)  ch3   +1.18 (max dev 0.08)
[meter] 2.4000 GHz  windows 13329  with tone 9430  worst SNR 9.2 dB | ch1   +0.64 (max dev 0.06)  ch2   +0.79 (max dev 0.08)  ch3   +1.18 (max dev 0.08)
[meter] 5.2000 GHz  windows 13328  with tone 3774  worst SNR 8.6 dB | ch1   -1.93 (max dev 0.13)  ch2   +0.32 (max dev 0.19)  ch3   +0.99 (max dev 0.10)
[meter] 5.2000 GHz  windows 13328  with tone 3774  worst SNR 8.6 dB | ch1   -1.93 (max dev 0.13)  ch2   +0.32 (max dev 0.19)  ch3   +0.99 (max dev 0.10)
[meter] 5.8000 GHz  windows 13328  with tone 128  worst SNR 9.1 dB | ch1   -0.17 (max dev 0.06)  ch2   +1.59 (max dev 0.13)  ch3   +2.53 (max dev 0.15)
[meter] 5.8000 GHz  windows 13328  with tone 128  worst SNR 9.1 dB | ch1   -0.17 (max dev 0.06)  ch2   +1.59 (max dev 0.13)  ch3   +2.53 (max dev 0.15)
[meter] 2.4000 GHz  windows 13412  with tone 9430  worst SNR 9.2 dB | ch1   +0.64 (max dev 0.06)  ch2   +0.79 (max dev 0.08)  ch3   +1.18 (max dev 0.08)
[meter] 5.2000 GHz  windows 13411  with tone 3857  worst SNR 8.6 dB | ch1   -1.95 (max dev 0.14)  ch2   +0.34 (max dev 0.16)  ch3   +0.99 (max dev 0.18)
[meter] 5.8000 GHz  windows 13411  with tone 128  worst SNR 9.1 dB | ch1   -0.17 (max dev 0.06)  ch2   +1.59 (max dev 0.13)  ch3   +2.53 (max dev 0.15)
[meter] 2.4000 GHz  windows 13412  with tone 9430  worst SNR 9.2 dB | ch1   +0.64 (max dev 0.06)  ch2   +0.79 (max dev 0.08)  ch3   +1.18 (max dev 0.08)
[meter] 2.4000 GHz  windows 13412  with tone 9430  worst SNR 9.2 dB | ch1   +0.64 (max dev 0.06)  ch2   +0.79 (max dev 0.08)  ch3   +1.18 (max dev 0.08)
[meter] 5.2000 GHz  windows 13412  with tone 3858  worst SNR 8.6 dB | ch1   -1.95 (max dev 0.14)  ch2   +0.34 (max dev 0.16)  ch3   +0.99 (max dev 0.18)
[meter] 5.8000 GHz  windows 13411  with tone 128  worst SNR 9.1 dB | ch1   -0.17 (max dev 0.06)  ch2   +1.59 (max dev 0.13)  ch3   +2.53 (max dev 0.15)
[meter] 5.2000 GHz  windows 13412  with tone 3858  worst SNR 8.6 dB | ch1   -1.95 (max dev 0.14)  ch2   +0.34 (max dev 0.16)  ch3   +0.99 (max dev 0.18)
[meter] 5.8000 GHz  windows 13411  with tone 128  worst SNR 9.1 dB | ch1   -0.17 (max dev 0.06)  ch2   +1.59 (max dev 0.13)  ch3   +2.53 (max dev 0.15)
[meter] 2.4000 GHz  windows 13495  with tone 9430  worst SNR 9.2 dB | ch1   +0.64 (max dev 0.06)  ch2   +0.79 (max dev 0.08)  ch3   +1.18 (max dev 0.08)
[meter] 5.2000 GHz  windows 13495  with tone 3941  worst SNR 8.6 dB | ch1   -1.98 (max dev 0.18)  ch2   +0.36 (max dev 0.17)  ch3   +1.01 (max dev 0.20)
[meter] 5.8000 GHz  windows 13495  with tone 128  worst SNR 9.1 dB | ch1   -0.17 (max dev 0.06)  ch2   +1.59 (max dev 0.13)  ch3   +2.53 (max dev 0.15)
[meter] 2.4000 GHz  windows 13496  with tone 9430  worst SNR 9.2 dB | ch1   +0.64 (max dev 0.06)  ch2   +0.79 (max dev 0.08)  ch3   +1.18 (max dev 0.08)
[meter] 5.2000 GHz  windows 13495  with tone 3941  worst SNR 8.6 dB | ch1   -1.98 (max dev 0.18)  ch2   +0.36 (max dev 0.17)  ch3   +1.01 (max dev 0.20)
[meter] 5.8000 GHz  windows 13495  with tone 128  worst SNR 9.1 dB | ch1   -0.17 (max dev 0.06)  ch2   +1.59 (max dev 0.13)  ch3   +2.53 (max dev 0.15)
[meter] 2.4000 GHz  windows 13496  with tone 9430  worst SNR 9.2 dB | ch1   +0.64 (max dev 0.06)  ch2   +0.79 (max dev 0.08)  ch3   +1.18 (max dev 0.08)
[meter] 5.2000 GHz  windows 13495  with tone 3941  worst SNR 8.6 dB | ch1   -1.98 (max dev 0.18)  ch2   +0.36 (max dev 0.17)  ch3   +1.01 (max dev 0.20)
[meter] 5.8000 GHz  windows 13495  with tone 128  worst SNR 9.1 dB | ch1   -0.17 (max dev 0.06)  ch2   +1.59 (max dev 0.13)  ch3   +2.53 (max dev 0.15)
[meter] 2.4000 GHz  windows 13579  with tone 9430  worst SNR 9.2 dB | ch1   +0.64 (max dev 0.06)  ch2   +0.79 (max dev 0.08)  ch3   +1.18 (max dev 0.08)
[meter] 5.2000 GHz  windows 13578  with tone 4024  worst SNR 8.6 dB | ch1   -2.00 (max dev 0.07)  ch2   +0.40 (max dev 0.21)  ch3   +1.01 (max dev 0.15)
[meter] 5.8000 GHz  windows 13578  with tone 128  worst SNR 9.1 dB | ch1   -0.17 (max dev 0.06)  ch2   +1.59 (max dev 0.13)  ch3   +2.53 (max dev 0.15)
[meter] 2.4000 GHz  windows 13579  with tone 9430  worst SNR 9.2 dB | ch1   +0.64 (max dev 0.06)  ch2   +0.79 (max dev 0.08)  ch3   +1.18 (max dev 0.08)
[meter] 5.2000 GHz  windows 13579  with tone 4025  worst SNR 8.6 dB | ch1   -2.00 (max dev 0.07)  ch2   +0.40 (max dev 0.21)  ch3   +1.01 (max dev 0.15)
[meter] 5.8000 GHz  windows 13578  with tone 128  worst SNR 9.1 dB | ch1   -0.17 (max dev 0.06)  ch2   +1.59 (max dev 0.13)  ch3   +2.53 (max dev 0.15)
[meter] 2.4000 GHz  windows 13579  with tone 9430  worst SNR 9.2 dB | ch1   +0.64 (max dev 0.06)  ch2   +0.79 (max dev 0.08)  ch3   +1.18 (max dev 0.08)
[meter] 5.2000 GHz  windows 13579  with tone 4025  worst SNR 8.6 dB | ch1   -2.00 (max dev 0.07)  ch2   +0.40 (max dev 0.21)  ch3   +1.01 (max dev 0.15)
[meter] 5.8000 GHz  windows 13578  with tone 128  worst SNR 9.1 dB | ch1   -0.17 (max dev 0.06)  ch2   +1.59 (max dev 0.13)  ch3   +2.53 (max dev 0.15)
[meter] 2.4000 GHz  windows 13662  with tone 9430  worst SNR 9.2 dB | ch1   +0.64 (max dev 0.06)  ch2   +0.79 (max dev 0.08)  ch3   +1.18 (max dev 0.08)
[meter] 5.2000 GHz  windows 13662  with tone 4108  worst SNR 8.6 dB | ch1   -2.00 (max dev 0.06)  ch2   +0.40 (max dev 0.19)  ch3   +1.01 (max dev 0.15)
[meter] 5.8000 GHz  windows 13662  with tone 128  worst SNR 9.1 dB | ch1   -0.17 (max dev 0.06)  ch2   +1.59 (max dev 0.13)  ch3   +2.53 (max dev 0.15)
[meter] 2.4000 GHz  windows 13662  with tone 9430  worst SNR 9.2 dB | ch1   +0.64 (max dev 0.06)  ch2   +0.79 (max dev 0.08)  ch3   +1.18 (max dev 0.08)
[meter] 5.2000 GHz  windows 13662  with tone 4108  worst SNR 8.6 dB | ch1   -2.00 (max dev 0.06)  ch2   +0.40 (max dev 0.19)  ch3   +1.01 (max dev 0.15)
[meter] 5.8000 GHz  windows 13662  with tone 128  worst SNR 9.1 dB | ch1   -0.17 (max dev 0.06)  ch2   +1.59 (max dev 0.13)  ch3   +2.53 (max dev 0.15)
[meter] 2.4000 GHz  windows 13662  with tone 9430  worst SNR 9.2 dB | ch1   +0.64 (max dev 0.06)  ch2   +0.79 (max dev 0.08)  ch3   +1.18 (max dev 0.08)
[meter] 5.2000 GHz  windows 13662  with tone 4108  worst SNR 8.6 dB | ch1   -2.00 (max dev 0.06)  ch2   +0.40 (max dev 0.19)  ch3   +1.01 (max dev 0.15)
[meter] 5.8000 GHz  windows 13662  with tone 128  worst SNR 9.1 dB | ch1   -0.17 (max dev 0.06)  ch2   +1.59 (max dev 0.13)  ch3   +2.53 (max dev 0.15)
[meter] 2.4000 GHz  windows 13746  with tone 9430  worst SNR 9.2 dB | ch1   +0.64 (max dev 0.06)  ch2   +0.79 (max dev 0.08)  ch3   +1.18 (max dev 0.08)
[meter] 2.4000 GHz  windows 13746  with tone 9430  worst SNR 9.2 dB | ch1   +0.64 (max dev 0.06)  ch2   +0.79 (max dev 0.08)  ch3   +1.18 (max dev 0.08)
[meter] 5.2000 GHz  windows 13744  with tone 4190  worst SNR 8.6 dB | ch1   -1.99 (max dev 0.07)  ch2   +0.41 (max dev 0.20)  ch3   +1.02 (max dev 0.10)
[meter] 5.8000 GHz  windows 13745  with tone 128  worst SNR 9.1 dB | ch1   -0.17 (max dev 0.06)  ch2   +1.59 (max dev 0.13)  ch3   +2.53 (max dev 0.15)
[meter] 5.2000 GHz  windows 13744  with tone 4190  worst SNR 8.6 dB | ch1   -1.99 (max dev 0.07)  ch2   +0.41 (max dev 0.20)  ch3   +1.02 (max dev 0.10)
[meter] 5.8000 GHz  windows 13745  with tone 128  worst SNR 9.1 dB | ch1   -0.17 (max dev 0.06)  ch2   +1.59 (max dev 0.13)  ch3   +2.53 (max dev 0.15)
[meter] 2.4000 GHz  windows 13746  with tone 9430  worst SNR 9.2 dB | ch1   +0.64 (max dev 0.06)  ch2   +0.79 (max dev 0.08)  ch3   +1.18 (max dev 0.08)
[meter] 5.2000 GHz  windows 13744  with tone 4190  worst SNR 8.6 dB | ch1   -1.99 (max dev 0.07)  ch2   +0.41 (max dev 0.20)  ch3   +1.02 (max dev 0.10)
[meter] 5.8000 GHz  windows 13745  with tone 128  worst SNR 9.1 dB | ch1   -0.17 (max dev 0.06)  ch2   +1.59 (max dev 0.13)  ch3   +2.53 (max dev 0.15)
[meter] 2.4000 GHz  windows 13829  with tone 9430  worst SNR 9.2 dB | ch1   +0.64 (max dev 0.06)  ch2   +0.79 (max dev 0.08)  ch3   +1.18 (max dev 0.08)
[meter] 2.4000 GHz  windows 13829  with tone 9430  worst SNR 9.2 dB | ch1   +0.64 (max dev 0.06)  ch2   +0.79 (max dev 0.08)  ch3   +1.18 (max dev 0.08)
[meter] 5.2000 GHz  windows 13828  with tone 4274  worst SNR 8.6 dB | ch1   -1.99 (max dev 0.06)  ch2   +0.40 (max dev 0.11)  ch3   +1.02 (max dev 0.10)[meter] 5.2000 GHz  windows 13828  with tone 4274  worst SNR 8.6 dB | ch1   -1.99 (max dev 0.06)  ch2   +0.40 (max dev 0.11)  ch3   +1.02 (max dev 0.10)

[meter] 5.8000 GHz  windows 13828  with tone 128  worst SNR 9.1 dB | ch1   -0.17 (max dev 0.06)  ch2   +1.59 (max dev 0.13)  ch3   +2.53 (max dev 0.15)
[meter] 5.8000 GHz  windows 13828  with tone 128  worst SNR 9.1 dB | ch1   -0.17 (max dev 0.06)  ch2   +1.59 (max dev 0.13)  ch3   +2.53 (max dev 0.15)
[meter] 2.4000 GHz  windows 13829  with tone 9430  worst SNR 9.2 dB | ch1   +0.64 (max dev 0.06)  ch2   +0.79 (max dev 0.08)  ch3   +1.18 (max dev 0.08)
[meter] 5.2000 GHz  windows 13828  with tone 4274  worst SNR 8.6 dB | ch1   -1.99 (max dev 0.06)  ch2   +0.40 (max dev 0.11)  ch3   +1.02 (max dev 0.10)
[meter] 5.8000 GHz  windows 13828  with tone 128  worst SNR 9.1 dB | ch1   -0.17 (max dev 0.06)  ch2   +1.59 (max dev 0.13)  ch3   +2.53 (max dev 0.15)
[meter] 2.4000 GHz  windows 13912  with tone 9430  worst SNR 9.2 dB | ch1   +0.64 (max dev 0.06)  ch2   +0.79 (max dev 0.08)  ch3   +1.18 (max dev 0.08)
[meter] 2.4000 GHz  windows 13912  with tone 9430  worst SNR 9.2 dB | ch1   +0.64 (max dev 0.06)  ch2   +0.79 (max dev 0.08)  ch3   +1.18 (max dev 0.08)
[meter] 5.2000 GHz  windows 13911  with tone 4357  worst SNR 8.6 dB | ch1   -1.99 (max dev 0.08)  ch2   +0.38 (max dev 0.15)  ch3   +1.01 (max dev 0.12)
[meter] 5.8000 GHz  windows 13911  with tone 128  worst SNR 9.1 dB | ch1   -0.17 (max dev 0.06)  ch2   +1.59 (max dev 0.13)  ch3   +2.53 (max dev 0.15)
[meter] 5.2000 GHz  windows 13911  with tone 4357  worst SNR 8.6 dB | ch1   -1.99 (max dev 0.08)  ch2   +0.38 (max dev 0.15)  ch3   +1.01 (max dev 0.12)
[meter] 5.8000 GHz  windows 13911  with tone 128  worst SNR 9.1 dB | ch1   -0.17 (max dev 0.06)  ch2   +1.59 (max dev 0.13)  ch3   +2.53 (max dev 0.15)
[meter] 2.4000 GHz  windows 13912  with tone 9430  worst SNR 9.2 dB | ch1   +0.64 (max dev 0.06)  ch2   +0.79 (max dev 0.08)  ch3   +1.18 (max dev 0.08)
[meter] 5.2000 GHz  windows 13911  with tone 4357  worst SNR 8.6 dB | ch1   -1.99 (max dev 0.08)  ch2   +0.38 (max dev 0.15)  ch3   +1.01 (max dev 0.12)
[meter] 5.8000 GHz  windows 13912  with tone 128  worst SNR 9.1 dB | ch1   -0.17 (max dev 0.06)  ch2   +1.59 (max dev 0.13)  ch3   +2.53 (max dev 0.15)
[meter] 2.4000 GHz  windows 13996  with tone 9430  worst SNR 9.2 dB | ch1   +0.64 (max dev 0.06)  ch2   +0.79 (max dev 0.08)  ch3   +1.18 (max dev 0.08)[meter] 2.4000 GHz  windows 13996  with tone 9430  worst SNR 9.2 dB | ch1   +0.64 (max dev 0.06)  ch2   +0.79 (max dev 0.08)  ch3   +1.18 (max dev 0.08)

[meter] 5.2000 GHz  windows 13994  with tone 4440  worst SNR 8.6 dB | ch1   -2.00 (max dev 0.09)  ch2   +0.38 (max dev 0.15)  ch3   +0.98 (max dev 0.18)
[meter] 5.2000 GHz  windows 13994  with tone 4440  worst SNR 8.6 dB | ch1   -2.00 (max dev 0.09)  ch2   +0.38 (max dev 0.15)  ch3   +0.98 (max dev 0.18)
[meter] 5.8000 GHz  windows 13995  with tone 128  worst SNR 9.1 dB | ch1   -0.17 (max dev 0.06)  ch2   +1.59 (max dev 0.13)  ch3   +2.53 (max dev 0.15)
[meter] 5.8000 GHz  windows 13995  with tone 128  worst SNR 9.1 dB | ch1   -0.17 (max dev 0.06)  ch2   +1.59 (max dev 0.13)  ch3   +2.53 (max dev 0.15)
[meter] 2.4000 GHz  windows 13996  with tone 9430  worst SNR 9.2 dB | ch1   +0.64 (max dev 0.06)  ch2   +0.79 (max dev 0.08)  ch3   +1.18 (max dev 0.08)
[meter] 5.2000 GHz  windows 13994  with tone 4440  worst SNR 8.6 dB | ch1   -2.00 (max dev 0.09)  ch2   +0.38 (max dev 0.15)  ch3   +0.98 (max dev 0.18)
[meter] 5.8000 GHz  windows 13995  with tone 128  worst SNR 9.1 dB | ch1   -0.17 (max dev 0.06)  ch2   +1.59 (max dev 0.13)  ch3   +2.53 (max dev 0.15)
[meter] 2.4000 GHz  windows 14079  with tone 9430  worst SNR 9.2 dB | ch1   +0.64 (max dev 0.06)  ch2   +0.79 (max dev 0.08)  ch3   +1.18 (max dev 0.08)
[meter] 2.4000 GHz  windows 14079  with tone 9430  worst SNR 9.2 dB | ch1   +0.64 (max dev 0.06)  ch2   +0.79 (max dev 0.08)  ch3   +1.18 (max dev 0.08)
[meter] 2.4000 GHz  windows 14079  with tone 9430  worst SNR 9.2 dB | ch1   +0.64 (max dev 0.06)  ch2   +0.79 (max dev 0.08)  ch3   +1.18 (max dev 0.08)
[meter] 5.2000 GHz  windows 14078  with tone 4524  worst SNR 8.6 dB | ch1   -2.03 (max dev 0.12)  ch2   +0.37 (max dev 0.15)  ch3   +0.94 (max dev 0.16)
[meter] 5.2000 GHz  windows 14078  with tone 4524  worst SNR 8.6 dB | ch1   -2.03 (max dev 0.12)  ch2   +0.37 (max dev 0.15)  ch3   +0.94 (max dev 0.16)
[meter] 5.2000 GHz  windows 14078  with tone 4524  worst SNR 8.6 dB | ch1   -2.03 (max dev 0.12)  ch2   +0.37 (max dev 0.15)  ch3   +0.94 (max dev 0.16)
[meter] 5.8000 GHz  windows 14079  with tone 128  worst SNR 9.1 dB | ch1   -0.17 (max dev 0.06)  ch2   +1.59 (max dev 0.13)  ch3   +2.53 (max dev 0.15)
[meter] 5.8000 GHz  windows 14079  with tone 128  worst SNR 9.1 dB | ch1   -0.17 (max dev 0.06)  ch2   +1.59 (max dev 0.13)  ch3   +2.53 (max dev 0.15)
[meter] 5.8000 GHz  windows 14079  with tone 128  worst SNR 9.1 dB | ch1   -0.17 (max dev 0.06)  ch2   +1.59 (max dev 0.13)  ch3   +2.53 (max dev 0.15)
[meter] 2.4000 GHz  windows 14163  with tone 9430  worst SNR 9.2 dB | ch1   +0.64 (max dev 0.06)  ch2   +0.79 (max dev 0.08)  ch3   +1.18 (max dev 0.08)
[meter] 2.4000 GHz  windows 14163  with tone 9430  worst SNR 9.2 dB | ch1   +0.64 (max dev 0.06)  ch2   +0.79 (max dev 0.08)  ch3   +1.18 (max dev 0.08)[meter] 2.4000 GHz  windows 14163  with tone 9430  worst SNR 9.2 dB | ch1   +0.64 (max dev 0.06)  ch2   +0.79 (max dev 0.08)  ch3   +1.18 (max dev 0.08)

[meter] 5.2000 GHz  windows 14161  with tone 4607  worst SNR 8.6 dB | ch1   -2.05 (max dev 0.10)  ch2   +0.34 (max dev 0.20)  ch3   +0.89 (max dev 0.15)
[meter] 5.2000 GHz  windows 14161  with tone 4607  worst SNR 8.6 dB | ch1   -2.05 (max dev 0.10)  ch2   +0.34 (max dev 0.20)  ch3   +0.89 (max dev 0.15)
[meter] 5.2000 GHz  windows 14161  with tone 4607  worst SNR 8.6 dB | ch1   -2.05 (max dev 0.10)  ch2   +0.34 (max dev 0.20)  ch3   +0.89 (max dev 0.15)
[meter] 5.8000 GHz  windows 14162  with tone 128  worst SNR 9.1 dB | ch1   -0.17 (max dev 0.06)  ch2   +1.59 (max dev 0.13)  ch3   +2.53 (max dev 0.15)
[meter] 5.8000 GHz  windows 14162  with tone 128  worst SNR 9.1 dB | ch1   -0.17 (max dev 0.06)  ch2   +1.59 (max dev 0.13)  ch3   +2.53 (max dev 0.15)
[meter] 5.8000 GHz  windows 14162  with tone 128  worst SNR 9.1 dB | ch1   -0.17 (max dev 0.06)  ch2   +1.59 (max dev 0.13)  ch3   +2.53 (max dev 0.15)
[meter] 2.4000 GHz  windows 14246  with tone 9430  worst SNR 9.2 dB | ch1   +0.64 (max dev 0.06)  ch2   +0.79 (max dev 0.08)  ch3   +1.18 (max dev 0.08)
[meter] 2.4000 GHz  windows 14246  with tone 9430  worst SNR 9.2 dB | ch1   +0.64 (max dev 0.06)  ch2   +0.79 (max dev 0.08)  ch3   +1.18 (max dev 0.08)
[meter] 5.2000 GHz  windows 14244  with tone 4690  worst SNR 8.6 dB | ch1   -2.06 (max dev 0.10)  ch2   +0.33 (max dev 0.33)  ch3   +0.87 (max dev 0.29)
[meter] 5.8000 GHz  windows 14245  with tone 128  worst SNR 9.1 dB | ch1   -0.17 (max dev 0.06)  ch2   +1.59 (max dev 0.13)  ch3   +2.53 (max dev 0.15)
[meter] 2.4000 GHz  windows 14246  with tone 9430  worst SNR 9.2 dB | ch1   +0.64 (max dev 0.06)  ch2   +0.79 (max dev 0.08)  ch3   +1.18 (max dev 0.08)
[meter] 5.2000 GHz  windows 14244  with tone 4690  worst SNR 8.6 dB | ch1   -2.06 (max dev 0.10)  ch2   +0.33 (max dev 0.33)  ch3   +0.87 (max dev 0.29)
[meter] 5.8000 GHz  windows 14245  with tone 128  worst SNR 9.1 dB | ch1   -0.17 (max dev 0.06)  ch2   +1.59 (max dev 0.13)  ch3   +2.53 (max dev 0.15)
[meter] 5.2000 GHz  windows 14244  with tone 4690  worst SNR 8.6 dB | ch1   -2.06 (max dev 0.10)  ch2   +0.33 (max dev 0.33)  ch3   +0.87 (max dev 0.29)
[meter] 5.8000 GHz  windows 14245  with tone 128  worst SNR 9.1 dB | ch1   -0.17 (max dev 0.06)  ch2   +1.59 (max dev 0.13)  ch3   +2.53 (max dev 0.15)
[meter] 2.4000 GHz  windows 14330  with tone 9430  worst SNR 9.2 dB | ch1   +0.64 (max dev 0.06)  ch2   +0.79 (max dev 0.08)  ch3   +1.18 (max dev 0.08)
[meter] 2.4000 GHz  windows 14330  with tone 9430  worst SNR 9.2 dB | ch1   +0.64 (max dev 0.06)  ch2   +0.79 (max dev 0.08)  ch3   +1.18 (max dev 0.08)
[meter] 2.4000 GHz  windows 14330  with tone 9430  worst SNR 9.2 dB | ch1   +0.64 (max dev 0.06)  ch2   +0.79 (max dev 0.08)  ch3   +1.18 (max dev 0.08)
[meter] 5.2000 GHz  windows 14327  with tone 4773  worst SNR 8.6 dB | ch1   -2.07 (max dev 0.10)  ch2   +0.39 (max dev 0.38)  ch3   +0.94 (max dev 0.31)
[meter] 5.8000 GHz  windows 14329  with tone 128  worst SNR 9.1 dB | ch1   -0.17 (max dev 0.06)  ch2   +1.59 (max dev 0.13)  ch3   +2.53 (max dev 0.15)
[meter] 5.2000 GHz  windows 14327  with tone 4773  worst SNR 8.6 dB | ch1   -2.07 (max dev 0.10)  ch2   +0.39 (max dev 0.38)  ch3   +0.94 (max dev 0.31)
[meter] 5.2000 GHz  windows 14327  with tone 4773  worst SNR 8.6 dB | ch1   -2.07 (max dev 0.10)  ch2   +0.39 (max dev 0.38)  ch3   +0.94 (max dev 0.31)
[meter] 5.8000 GHz  windows 14329  with tone 128  worst SNR 9.1 dB | ch1   -0.17 (max dev 0.06)  ch2   +1.59 (max dev 0.13)  ch3   +2.53 (max dev 0.15)
[meter] 5.8000 GHz  windows 14329  with tone 128  worst SNR 9.1 dB | ch1   -0.17 (max dev 0.06)  ch2   +1.59 (max dev 0.13)  ch3   +2.53 (max dev 0.15)
[meter] 2.4000 GHz  windows 14413  with tone 9430  worst SNR 9.2 dB | ch1   +0.64 (max dev 0.06)  ch2   +0.79 (max dev 0.08)  ch3   +1.18 (max dev 0.08)
[meter] 2.4000 GHz  windows 14413  with tone 9430  worst SNR 9.2 dB | ch1   +0.64 (max dev 0.06)  ch2   +0.79 (max dev 0.08)  ch3   +1.18 (max dev 0.08)
[meter] 5.2000 GHz  windows 14410  with tone 4856  worst SNR 8.6 dB | ch1   -2.08 (max dev 0.10)  ch2   +0.41 (max dev 0.23)  ch3   +0.96 (max dev 0.33)
[meter] 5.2000 GHz  windows 14410  with tone 4856  worst SNR 8.6 dB | ch1   -2.08 (max dev 0.10)  ch2   +0.41 (max dev 0.23)  ch3   +0.96 (max dev 0.33)
[meter] 2.4000 GHz  windows 14413  with tone 9430  worst SNR 9.2 dB | ch1   +0.64 (max dev 0.06)  ch2   +0.79 (max dev 0.08)  ch3   +1.18 (max dev 0.08)
[meter] 5.8000 GHz  windows 14412  with tone 128  worst SNR 9.1 dB | ch1   -0.17 (max dev 0.06)  ch2   +1.59 (max dev 0.13)  ch3   +2.53 (max dev 0.15)
[meter] 5.8000 GHz  windows 14412  with tone 128  worst SNR 9.1 dB | ch1   -0.17 (max dev 0.06)  ch2   +1.59 (max dev 0.13)  ch3   +2.53 (max dev 0.15)
[meter] 5.2000 GHz  windows 14411  with tone 4857  worst SNR 8.6 dB | ch1   -2.08 (max dev 0.10)  ch2   +0.41 (max dev 0.23)  ch3   +0.96 (max dev 0.33)
[meter] 5.8000 GHz  windows 14412  with tone 128  worst SNR 9.1 dB | ch1   -0.17 (max dev 0.06)  ch2   +1.59 (max dev 0.13)  ch3   +2.53 (max dev 0.15)
[meter] 2.4000 GHz  windows 14496  with tone 9430  worst SNR 9.2 dB | ch1   +0.64 (max dev 0.06)  ch2   +0.79 (max dev 0.08)  ch3   +1.18 (max dev 0.08)[meter] 2.4000 GHz  windows 14496  with tone 9430  worst SNR 9.2 dB | ch1   +0.64 (max dev 0.06)  ch2   +0.79 (max dev 0.08)  ch3   +1.18 (max dev 0.08)

[meter] 5.2000 GHz  windows 14494  with tone 4940  worst SNR 8.6 dB | ch1   -2.08 (max dev 0.11)  ch2   +0.39 (max dev 0.34)  ch3   +0.96 (max dev 0.34)
[meter] 5.2000 GHz  windows 14494  with tone 4940  worst SNR 8.6 dB | ch1   -2.08 (max dev 0.11)  ch2   +0.39 (max dev 0.34)  ch3   +0.96 (max dev 0.34)
[meter] 5.8000 GHz  windows 14495  with tone 128  worst SNR 9.1 dB | ch1   -0.17 (max dev 0.06)  ch2   +1.59 (max dev 0.13)  ch3   +2.53 (max dev 0.15)
[meter] 5.8000 GHz  windows 14495  with tone 128  worst SNR 9.1 dB | ch1   -0.17 (max dev 0.06)  ch2   +1.59 (max dev 0.13)  ch3   +2.53 (max dev 0.15)
[meter] 2.4000 GHz  windows 14496  with tone 9430  worst SNR 9.2 dB | ch1   +0.64 (max dev 0.06)  ch2   +0.79 (max dev 0.08)  ch3   +1.18 (max dev 0.08)
[meter] 5.2000 GHz  windows 14494  with tone 4940  worst SNR 8.6 dB | ch1   -2.08 (max dev 0.11)  ch2   +0.39 (max dev 0.34)  ch3   +0.96 (max dev 0.34)
[meter] 5.8000 GHz  windows 14496  with tone 128  worst SNR 9.1 dB | ch1   -0.17 (max dev 0.06)  ch2   +1.59 (max dev 0.13)  ch3   +2.53 (max dev 0.15)
[meter] 2.4000 GHz  windows 14580  with tone 9430  worst SNR 9.2 dB | ch1   +0.64 (max dev 0.06)  ch2   +0.79 (max dev 0.08)  ch3   +1.18 (max dev 0.08)
[meter] 5.2000 GHz  windows 14577  with tone 5023  worst SNR 8.6 dB | ch1   -2.04 (max dev 0.14)  ch2   +0.29 (max dev 0.24)  ch3   +0.86 (max dev 0.27)
[meter] 5.8000 GHz  windows 14579  with tone 128  worst SNR 9.1 dB | ch1   -0.17 (max dev 0.06)  ch2   +1.59 (max dev 0.13)  ch3   +2.53 (max dev 0.15)
[meter] 2.4000 GHz  windows 14580  with tone 9430  worst SNR 9.2 dB | ch1   +0.64 (max dev 0.06)  ch2   +0.79 (max dev 0.08)  ch3   +1.18 (max dev 0.08)
[meter] 5.2000 GHz  windows 14577  with tone 5023  worst SNR 8.6 dB | ch1   -2.04 (max dev 0.14)  ch2   +0.29 (max dev 0.24)  ch3   +0.86 (max dev 0.27)
[meter] 5.8000 GHz  windows 14579  with tone 128  worst SNR 9.1 dB | ch1   -0.17 (max dev 0.06)  ch2   +1.59 (max dev 0.13)  ch3   +2.53 (max dev 0.15)
[meter] 2.4000 GHz  windows 14580  with tone 9430  worst SNR 9.2 dB | ch1   +0.64 (max dev 0.06)  ch2   +0.79 (max dev 0.08)  ch3   +1.18 (max dev 0.08)
[meter] 5.2000 GHz  windows 14578  with tone 5024  worst SNR 8.6 dB | ch1   -2.04 (max dev 0.14)  ch2   +0.29 (max dev 0.24)  ch3   +0.86 (max dev 0.27)
[meter] 5.8000 GHz  windows 14579  with tone 128  worst SNR 9.1 dB | ch1   -0.17 (max dev 0.06)  ch2   +1.59 (max dev 0.13)  ch3   +2.53 (max dev 0.15)
[meter] 2.4000 GHz  windows 14663  with tone 9430  worst SNR 9.2 dB | ch1   +0.64 (max dev 0.06)  ch2   +0.79 (max dev 0.08)  ch3   +1.18 (max dev 0.08)
[meter] 2.4000 GHz  windows 14663  with tone 9430  worst SNR 9.2 dB | ch1   +0.64 (max dev 0.06)  ch2   +0.79 (max dev 0.08)  ch3   +1.18 (max dev 0.08)
[meter] 5.2000 GHz  windows 14661  with tone 5107  worst SNR 8.6 dB | ch1   -2.02 (max dev 0.12)  ch2   +0.22 (max dev 0.18)  ch3   +0.80 (max dev 0.21)
[meter] 5.2000 GHz  windows 14661  with tone 5107  worst SNR 8.6 dB | ch1   -2.02 (max dev 0.12)  ch2   +0.22 (max dev 0.18)  ch3   +0.80 (max dev 0.21)
[meter] 5.8000 GHz  windows 14662  with tone 128  worst SNR 9.1 dB | ch1   -0.17 (max dev 0.06)  ch2   +1.59 (max dev 0.13)  ch3   +2.53 (max dev 0.15)
[meter] 5.8000 GHz  windows 14662  with tone 128  worst SNR 9.1 dB | ch1   -0.17 (max dev 0.06)  ch2   +1.59 (max dev 0.13)  ch3   +2.53 (max dev 0.15)
[meter] 2.4000 GHz  windows 14663  with tone 9430  worst SNR 9.2 dB | ch1   +0.64 (max dev 0.06)  ch2   +0.79 (max dev 0.08)  ch3   +1.18 (max dev 0.08)
[meter] 5.2000 GHz  windows 14661  with tone 5107  worst SNR 8.6 dB | ch1   -2.02 (max dev 0.12)  ch2   +0.22 (max dev 0.18)  ch3   +0.80 (max dev 0.21)
[meter] 5.8000 GHz  windows 14663  with tone 128  worst SNR 9.1 dB | ch1   -0.17 (max dev 0.06)  ch2   +1.59 (max dev 0.13)  ch3   +2.53 (max dev 0.15)
[meter] 2.4000 GHz  windows 14747  with tone 9430  worst SNR 9.2 dB | ch1   +0.64 (max dev 0.06)  ch2   +0.79 (max dev 0.08)  ch3   +1.18 (max dev 0.08)
[meter] 2.4000 GHz  windows 14747  with tone 9430  worst SNR 9.2 dB | ch1   +0.64 (max dev 0.06)  ch2   +0.79 (max dev 0.08)  ch3   +1.18 (max dev 0.08)
[meter] 5.2000 GHz  windows 14744  with tone 5190  worst SNR 8.6 dB | ch1   -2.04 (max dev 0.25)  ch2   +0.22 (max dev 0.17)  ch3   +0.80 (max dev 0.18)
[meter] 5.2000 GHz  windows 14744  with tone 5190  worst SNR 8.6 dB | ch1   -2.04 (max dev 0.25)  ch2   +0.22 (max dev 0.17)  ch3   +0.80 (max dev 0.18)
[meter] 5.8000 GHz  windows 14746  with tone 128  worst SNR 9.1 dB | ch1   -0.17 (max dev 0.06)  ch2   +1.59 (max dev 0.13)  ch3   +2.53 (max dev 0.15)
[meter] 5.8000 GHz  windows 14746  with tone 128  worst SNR 9.1 dB | ch1   -0.17 (max dev 0.06)  ch2   +1.59 (max dev 0.13)  ch3   +2.53 (max dev 0.15)
[meter] 2.4000 GHz  windows 14747  with tone 9430  worst SNR 9.2 dB | ch1   +0.64 (max dev 0.06)  ch2   +0.79 (max dev 0.08)  ch3   +1.18 (max dev 0.08)
[meter] 5.2000 GHz  windows 14745  with tone 5191  worst SNR 8.6 dB | ch1   -2.04 (max dev 0.25)  ch2   +0.22 (max dev 0.17)  ch3   +0.80 (max dev 0.18)
[meter] 5.8000 GHz  windows 14746  with tone 128  worst SNR 9.1 dB | ch1   -0.17 (max dev 0.06)  ch2   +1.59 (max dev 0.13)  ch3   +2.53 (max dev 0.15)
[meter] 2.4000 GHz  windows 14830  with tone 9430  worst SNR 9.2 dB | ch1   +0.64 (max dev 0.06)  ch2   +0.79 (max dev 0.08)  ch3   +1.18 (max dev 0.08)
[meter] 2.4000 GHz  windows 14830  with tone 9430  worst SNR 9.2 dB | ch1   +0.64 (max dev 0.06)  ch2   +0.79 (max dev 0.08)  ch3   +1.18 (max dev 0.08)
[meter] 5.2000 GHz  windows 14828  with tone 5274  worst SNR 8.6 dB | ch1   -2.10 (max dev 0.18)  ch2   +0.22 (max dev 0.17)  ch3   +0.76 (max dev 0.14)
[meter] 5.2000 GHz  windows 14828  with tone 5274  worst SNR 8.6 dB | ch1   -2.10 (max dev 0.18)  ch2   +0.22 (max dev 0.17)  ch3   +0.76 (max dev 0.14)
[meter] 5.8000 GHz  windows 14829  with tone 128  worst SNR 9.1 dB | ch1   -0.17 (max dev 0.06)  ch2   +1.59 (max dev 0.13)  ch3   +2.53 (max dev 0.15)
[meter] 5.8000 GHz  windows 14829  with tone 128  worst SNR 9.1 dB | ch1   -0.17 (max dev 0.06)  ch2   +1.59 (max dev 0.13)  ch3   +2.53 (max dev 0.15)
[meter] 2.4000 GHz  windows 14831  with tone 9430  worst SNR 9.2 dB | ch1   +0.64 (max dev 0.06)  ch2   +0.79 (max dev 0.08)  ch3   +1.18 (max dev 0.08)
[meter] 5.2000 GHz  windows 14828  with tone 5274  worst SNR 8.6 dB | ch1   -2.10 (max dev 0.18)  ch2   +0.22 (max dev 0.17)  ch3   +0.76 (max dev 0.14)
[meter] 5.8000 GHz  windows 14830  with tone 128  worst SNR 9.1 dB | ch1   -0.17 (max dev 0.06)  ch2   +1.59 (max dev 0.13)  ch3   +2.53 (max dev 0.15)
[meter] 2.4000 GHz  windows 14913  with tone 9430  worst SNR 9.2 dB | ch1   +0.64 (max dev 0.06)  ch2   +0.79 (max dev 0.08)  ch3   +1.18 (max dev 0.08)
[meter] 2.4000 GHz  windows 14913  with tone 9430  worst SNR 9.2 dB | ch1   +0.64 (max dev 0.06)  ch2   +0.79 (max dev 0.08)  ch3   +1.18 (max dev 0.08)
[meter] 5.2000 GHz  windows 14911  with tone 5357  worst SNR 8.6 dB | ch1   -2.12 (max dev 0.17)  ch2   +0.22 (max dev 0.17)  ch3   +0.73 (max dev 0.12)
[meter] 5.2000 GHz  windows 14911  with tone 5357  worst SNR 8.6 dB | ch1   -2.12 (max dev 0.17)  ch2   +0.22 (max dev 0.17)  ch3   +0.73 (max dev 0.12)
[meter] 5.8000 GHz  windows 14912  with tone 128  worst SNR 9.1 dB | ch1   -0.17 (max dev 0.06)  ch2   +1.59 (max dev 0.13)  ch3   +2.53 (max dev 0.15)
[meter] 5.8000 GHz  windows 14912  with tone 128  worst SNR 9.1 dB | ch1   -0.17 (max dev 0.06)  ch2   +1.59 (max dev 0.13)  ch3   +2.53 (max dev 0.15)
[meter] 2.4000 GHz  windows 14914  with tone 9430  worst SNR 9.2 dB | ch1   +0.64 (max dev 0.06)  ch2   +0.79 (max dev 0.08)  ch3   +1.18 (max dev 0.08)
[meter] 5.2000 GHz  windows 14912  with tone 5358  worst SNR 8.6 dB | ch1   -2.12 (max dev 0.17)  ch2   +0.22 (max dev 0.17)  ch3   +0.73 (max dev 0.12)
[meter] 5.8000 GHz  windows 14913  with tone 128  worst SNR 9.1 dB | ch1   -0.17 (max dev 0.06)  ch2   +1.59 (max dev 0.13)  ch3   +2.53 (max dev 0.15)
[meter] 2.4000 GHz  windows 14996  with tone 9430  worst SNR 9.2 dB | ch1   +0.64 (max dev 0.06)  ch2   +0.79 (max dev 0.08)  ch3   +1.18 (max dev 0.08)
[meter] 2.4000 GHz  windows 14996  with tone 9430  worst SNR 9.2 dB | ch1   +0.64 (max dev 0.06)  ch2   +0.79 (max dev 0.08)  ch3   +1.18 (max dev 0.08)
[meter] 5.2000 GHz  windows 14994  with tone 5440  worst SNR 8.6 dB | ch1   -2.10 (max dev 0.07)  ch2   +0.21 (max dev 0.13)  ch3   +0.70 (max dev 0.11)
[meter] 5.8000 GHz  windows 14996  with tone 128  worst SNR 9.1 dB | ch1   -0.17 (max dev 0.06)  ch2   +1.59 (max dev 0.13)  ch3   +2.53 (max dev 0.15)
[meter] 5.2000 GHz  windows 14994  with tone 5440  worst SNR 8.6 dB | ch1   -2.10 (max dev 0.07)  ch2   +0.21 (max dev 0.13)  ch3   +0.70 (max dev 0.11)
[meter] 5.8000 GHz  windows 14996  with tone 128  worst SNR 9.1 dB | ch1   -0.17 (max dev 0.06)  ch2   +1.59 (max dev 0.13)  ch3   +2.53 (max dev 0.15)
[meter] 2.4000 GHz  windows 14997  with tone 9430  worst SNR 9.2 dB | ch1   +0.64 (max dev 0.06)  ch2   +0.79 (max dev 0.08)  ch3   +1.18 (max dev 0.08)
[meter] 5.2000 GHz  windows 14994  with tone 5440  worst SNR 8.6 dB | ch1   -2.10 (max dev 0.07)  ch2   +0.21 (max dev 0.13)  ch3   +0.70 (max dev 0.11)
[meter] 5.8000 GHz  windows 14996  with tone 128  worst SNR 9.1 dB | ch1   -0.17 (max dev 0.06)  ch2   +1.59 (max dev 0.13)  ch3   +2.53 (max dev 0.15)
[meter] 2.4000 GHz  windows 15080  with tone 9430  worst SNR 9.2 dB | ch1   +0.64 (max dev 0.06)  ch2   +0.79 (max dev 0.08)  ch3   +1.18 (max dev 0.08)[meter] 2.4000 GHz  windows 15080  with tone 9430  worst SNR 9.2 dB | ch1   +0.64 (max dev 0.06)  ch2   +0.79 (max dev 0.08)  ch3   +1.18 (max dev 0.08)

[meter] 5.2000 GHz  windows 15078  with tone 5524  worst SNR 8.6 dB | ch1   -2.11 (max dev 0.07)  ch2   +0.19 (max dev 0.09)  ch3   +0.69 (max dev 0.09)
[meter] 5.2000 GHz  windows 15078  with tone 5524  worst SNR 8.6 dB | ch1   -2.11 (max dev 0.07)  ch2   +0.19 (max dev 0.09)  ch3   +0.69 (max dev 0.09)
[meter] 5.8000 GHz  windows 15079  with tone 128  worst SNR 9.1 dB | ch1   -0.17 (max dev 0.06)  ch2   +1.59 (max dev 0.13)  ch3   +2.53 (max dev 0.15)
[meter] 5.8000 GHz  windows 15079  with tone 128  worst SNR 9.1 dB | ch1   -0.17 (max dev 0.06)  ch2   +1.59 (max dev 0.13)  ch3   +2.53 (max dev 0.15)
[meter] 2.4000 GHz  windows 15081  with tone 9430  worst SNR 9.2 dB | ch1   +0.64 (max dev 0.06)  ch2   +0.79 (max dev 0.08)  ch3   +1.18 (max dev 0.08)
[meter] 5.2000 GHz  windows 15078  with tone 5524  worst SNR 8.6 dB | ch1   -2.11 (max dev 0.07)  ch2   +0.19 (max dev 0.09)  ch3   +0.69 (max dev 0.09)
[meter] 5.8000 GHz  windows 15080  with tone 128  worst SNR 9.1 dB | ch1   -0.17 (max dev 0.06)  ch2   +1.59 (max dev 0.13)  ch3   +2.53 (max dev 0.15)
[meter] 2.4000 GHz  windows 15164  with tone 9430  worst SNR 9.2 dB | ch1   +0.64 (max dev 0.06)  ch2   +0.79 (max dev 0.08)  ch3   +1.18 (max dev 0.08)[meter] 2.4000 GHz  windows 15164  with tone 9430  worst SNR 9.2 dB | ch1   +0.64 (max dev 0.06)  ch2   +0.79 (max dev 0.08)  ch3   +1.18 (max dev 0.08)

[meter] 5.2000 GHz  windows 15161  with tone 5607  worst SNR 8.6 dB | ch1   -2.11 (max dev 0.07)  ch2   +0.20 (max dev 0.11)  ch3   +0.69 (max dev 0.09)
[meter] 5.2000 GHz  windows 15161  with tone 5607  worst SNR 8.6 dB | ch1   -2.11 (max dev 0.07)  ch2   +0.20 (max dev 0.11)  ch3   +0.69 (max dev 0.09)
[meter] 5.8000 GHz  windows 15163  with tone 128  worst SNR 9.1 dB | ch1   -0.17 (max dev 0.06)  ch2   +1.59 (max dev 0.13)  ch3   +2.53 (max dev 0.15)
[meter] 5.8000 GHz  windows 15163  with tone 128  worst SNR 9.1 dB | ch1   -0.17 (max dev 0.06)  ch2   +1.59 (max dev 0.13)  ch3   +2.53 (max dev 0.15)
[meter] 2.4000 GHz  windows 15164  with tone 9430  worst SNR 9.2 dB | ch1   +0.64 (max dev 0.06)  ch2   +0.79 (max dev 0.08)  ch3   +1.18 (max dev 0.08)
[meter] 5.2000 GHz  windows 15162  with tone 5608  worst SNR 8.6 dB | ch1   -2.11 (max dev 0.07)  ch2   +0.20 (max dev 0.11)  ch3   +0.69 (max dev 0.09)
[meter] 5.8000 GHz  windows 15163  with tone 128  worst SNR 9.1 dB | ch1   -0.17 (max dev 0.06)  ch2   +1.59 (max dev 0.13)  ch3   +2.53 (max dev 0.15)
[meter] 2.4000 GHz  windows 15247  with tone 9430  worst SNR 9.2 dB | ch1   +0.64 (max dev 0.06)  ch2   +0.79 (max dev 0.08)  ch3   +1.18 (max dev 0.08)[meter] 2.4000 GHz  windows 15247  with tone 9430  worst SNR 9.2 dB | ch1   +0.64 (max dev 0.06)  ch2   +0.79 (max dev 0.08)  ch3   +1.18 (max dev 0.08)

[meter] 5.2000 GHz  windows 15245  with tone 5691  worst SNR 8.6 dB | ch1   -2.12 (max dev 0.09)  ch2   +0.23 (max dev 0.12)  ch3   +0.71 (max dev 0.13)
[meter] 5.2000 GHz  windows 15245  with tone 5691  worst SNR 8.6 dB | ch1   -2.12 (max dev 0.09)  ch2   +0.23 (max dev 0.12)  ch3   +0.71 (max dev 0.13)
[meter] 5.8000 GHz  windows 15246  with tone 128  worst SNR 9.1 dB | ch1   -0.17 (max dev 0.06)  ch2   +1.59 (max dev 0.13)  ch3   +2.53 (max dev 0.15)
[meter] 5.8000 GHz  windows 15246  with tone 128  worst SNR 9.1 dB | ch1   -0.17 (max dev 0.06)  ch2   +1.59 (max dev 0.13)  ch3   +2.53 (max dev 0.15)
[meter] 2.4000 GHz  windows 15247  with tone 9430  worst SNR 9.2 dB | ch1   +0.64 (max dev 0.06)  ch2   +0.79 (max dev 0.08)  ch3   +1.18 (max dev 0.08)
[meter] 5.2000 GHz  windows 15245  with tone 5691  worst SNR 8.6 dB | ch1   -2.12 (max dev 0.09)  ch2   +0.23 (max dev 0.12)  ch3   +0.71 (max dev 0.13)
[meter] 5.8000 GHz  windows 15247  with tone 128  worst SNR 9.1 dB | ch1   -0.17 (max dev 0.06)  ch2   +1.59 (max dev 0.13)  ch3   +2.53 (max dev 0.15)
[meter] 2.4000 GHz  windows 15330  with tone 9430  worst SNR 9.2 dB | ch1   +0.64 (max dev 0.06)  ch2   +0.79 (max dev 0.08)  ch3   +1.18 (max dev 0.08)[meter] 2.4000 GHz  windows 15330  with tone 9430  worst SNR 9.2 dB | ch1   +0.64 (max dev 0.06)  ch2   +0.79 (max dev 0.08)  ch3   +1.18 (max dev 0.08)

[meter] 5.2000 GHz  windows 15328  with tone 5774  worst SNR 8.6 dB | ch1   -2.14 (max dev 0.08)  ch2   +0.21 (max dev 0.19)  ch3   +0.68 (max dev 0.16)[meter] 5.2000 GHz  windows 15328  with tone 5774  worst SNR 8.6 dB | ch1   -2.14 (max dev 0.08)  ch2   +0.21 (max dev 0.19)  ch3   +0.68 (max dev 0.16)

[meter] 5.8000 GHz  windows 15330  with tone 128  worst SNR 9.1 dB | ch1   -0.17 (max dev 0.06)  ch2   +1.59 (max dev 0.13)  ch3   +2.53 (max dev 0.15)
[meter] 5.8000 GHz  windows 15330  with tone 128  worst SNR 9.1 dB | ch1   -0.17 (max dev 0.06)  ch2   +1.59 (max dev 0.13)  ch3   +2.53 (max dev 0.15)
[meter] 2.4000 GHz  windows 15331  with tone 9430  worst SNR 9.2 dB | ch1   +0.64 (max dev 0.06)  ch2   +0.79 (max dev 0.08)  ch3   +1.18 (max dev 0.08)
[meter] 5.2000 GHz  windows 15328  with tone 5774  worst SNR 8.6 dB | ch1   -2.14 (max dev 0.08)  ch2   +0.21 (max dev 0.19)  ch3   +0.68 (max dev 0.16)
[meter] 5.8000 GHz  windows 15330  with tone 128  worst SNR 9.1 dB | ch1   -0.17 (max dev 0.06)  ch2   +1.59 (max dev 0.13)  ch3   +2.53 (max dev 0.15)
[meter] 2.4000 GHz  windows 15414  with tone 9430  worst SNR 9.2 dB | ch1   +0.64 (max dev 0.06)  ch2   +0.79 (max dev 0.08)  ch3   +1.18 (max dev 0.08)
[meter] 5.2000 GHz  windows 15411  with tone 5857  worst SNR 8.6 dB | ch1   -2.16 (max dev 0.10)  ch2   +0.17 (max dev 0.16)  ch3   +0.62 (max dev 0.15)
[meter] 5.8000 GHz  windows 15413  with tone 128  worst SNR 9.1 dB | ch1   -0.17 (max dev 0.06)  ch2   +1.59 (max dev 0.13)  ch3   +2.53 (max dev 0.15)
[meter] 2.4000 GHz  windows 15414  with tone 9430  worst SNR 9.2 dB | ch1   +0.64 (max dev 0.06)  ch2   +0.79 (max dev 0.08)  ch3   +1.18 (max dev 0.08)
[meter] 5.2000 GHz  windows 15411  with tone 5857  worst SNR 8.6 dB | ch1   -2.16 (max dev 0.10)  ch2   +0.17 (max dev 0.16)  ch3   +0.62 (max dev 0.15)
[meter] 5.8000 GHz  windows 15413  with tone 128  worst SNR 9.1 dB | ch1   -0.17 (max dev 0.06)  ch2   +1.59 (max dev 0.13)  ch3   +2.53 (max dev 0.15)
[meter] 2.4000 GHz  windows 15414  with tone 9430  worst SNR 9.2 dB | ch1   +0.64 (max dev 0.06)  ch2   +0.79 (max dev 0.08)  ch3   +1.18 (max dev 0.08)
[meter] 5.2000 GHz  windows 15412  with tone 5858  worst SNR 8.6 dB | ch1   -2.16 (max dev 0.10)  ch2   +0.17 (max dev 0.15)  ch3   +0.62 (max dev 0.14)
[meter] 5.8000 GHz  windows 15414  with tone 128  worst SNR 9.1 dB | ch1   -0.17 (max dev 0.06)  ch2   +1.59 (max dev 0.13)  ch3   +2.53 (max dev 0.15)
[meter] 2.4000 GHz  windows 15497  with tone 9430  worst SNR 9.2 dB | ch1   +0.64 (max dev 0.06)  ch2   +0.79 (max dev 0.08)  ch3   +1.18 (max dev 0.08)
[meter] 2.4000 GHz  windows 15497  with tone 9430  worst SNR 9.2 dB | ch1   +0.64 (max dev 0.06)  ch2   +0.79 (max dev 0.08)  ch3   +1.18 (max dev 0.08)
[meter] 5.2000 GHz  windows 15495  with tone 5941  worst SNR 8.6 dB | ch1   -2.15 (max dev 0.08)  ch2   +0.13 (max dev 0.21)  ch3   +0.60 (max dev 0.11)
[meter] 5.8000 GHz  windows 15496  with tone 128  worst SNR 9.1 dB | ch1   -0.17 (max dev 0.06)  ch2   +1.59 (max dev 0.13)  ch3   +2.53 (max dev 0.15)
[meter] 5.2000 GHz  windows 15495  with tone 5941  worst SNR 8.6 dB | ch1   -2.15 (max dev 0.08)  ch2   +0.13 (max dev 0.21)  ch3   +0.60 (max dev 0.11)
[meter] 5.8000 GHz  windows 15496  with tone 128  worst SNR 9.1 dB | ch1   -0.17 (max dev 0.06)  ch2   +1.59 (max dev 0.13)  ch3   +2.53 (max dev 0.15)
[meter] 2.4000 GHz  windows 15497  with tone 9430  worst SNR 9.2 dB | ch1   +0.64 (max dev 0.06)  ch2   +0.79 (max dev 0.08)  ch3   +1.18 (max dev 0.08)
[meter] 5.2000 GHz  windows 15495  with tone 5941  worst SNR 8.6 dB | ch1   -2.15 (max dev 0.08)  ch2   +0.13 (max dev 0.21)  ch3   +0.60 (max dev 0.11)
[meter] 5.8000 GHz  windows 15497  with tone 128  worst SNR 9.1 dB | ch1   -0.17 (max dev 0.06)  ch2   +1.59 (max dev 0.13)  ch3   +2.53 (max dev 0.15)
[meter] 2.4000 GHz  windows 15580  with tone 9430  worst SNR 9.2 dB | ch1   +0.64 (max dev 0.06)  ch2   +0.79 (max dev 0.08)  ch3   +1.18 (max dev 0.08)
[meter] 2.4000 GHz  windows 15580  with tone 9430  worst SNR 9.2 dB | ch1   +0.64 (max dev 0.06)  ch2   +0.79 (max dev 0.08)  ch3   +1.18 (max dev 0.08)
[meter] 5.2000 GHz  windows 15578  with tone 6024  worst SNR 8.6 dB | ch1   -2.15 (max dev 0.08)  ch2   +0.12 (max dev 0.21)  ch3   +0.64 (max dev 0.12)
[meter] 5.2000 GHz  windows 15578  with tone 6024  worst SNR 8.6 dB | ch1   -2.15 (max dev 0.08)  ch2   +0.12 (max dev 0.21)  ch3   +0.64 (max dev 0.12)
[meter] 5.8000 GHz  windows 15580  with tone 128  worst SNR 9.1 dB | ch1   -0.17 (max dev 0.06)  ch2   +1.59 (max dev 0.13)  ch3   +2.53 (max dev 0.15)
[meter] 5.8000 GHz  windows 15580  with tone 128  worst SNR 9.1 dB | ch1   -0.17 (max dev 0.06)  ch2   +1.59 (max dev 0.13)  ch3   +2.53 (max dev 0.15)
[meter] 2.4000 GHz  windows 15580  with tone 9430  worst SNR 9.2 dB | ch1   +0.64 (max dev 0.06)  ch2   +0.79 (max dev 0.08)  ch3   +1.18 (max dev 0.08)
[meter] 5.2000 GHz  windows 15579  with tone 6025  worst SNR 8.6 dB | ch1   -2.15 (max dev 0.08)  ch2   +0.13 (max dev 0.21)  ch3   +0.64 (max dev 0.12)
[meter] 5.8000 GHz  windows 15580  with tone 128  worst SNR 9.1 dB | ch1   -0.17 (max dev 0.06)  ch2   +1.59 (max dev 0.13)  ch3   +2.53 (max dev 0.15)
[meter] 2.4000 GHz  windows 15663  with tone 9430  worst SNR 9.2 dB | ch1   +0.64 (max dev 0.06)  ch2   +0.79 (max dev 0.08)  ch3   +1.18 (max dev 0.08)
[meter] 2.4000 GHz  windows 15663  with tone 9430  worst SNR 9.2 dB | ch1   +0.64 (max dev 0.06)  ch2   +0.79 (max dev 0.08)  ch3   +1.18 (max dev 0.08)
[meter] 5.2000 GHz  windows 15662  with tone 6108  worst SNR 8.6 dB | ch1   -2.14 (max dev 0.07)  ch2   +0.16 (max dev 0.16)  ch3   +0.69 (max dev 0.15)
[meter] 5.2000 GHz  windows 15662  with tone 6108  worst SNR 8.6 dB | ch1   -2.14 (max dev 0.07)  ch2   +0.16 (max dev 0.16)  ch3   +0.69 (max dev 0.15)
[meter] 5.8000 GHz  windows 15663  with tone 128  worst SNR 9.1 dB | ch1   -0.17 (max dev 0.06)  ch2   +1.59 (max dev 0.13)  ch3   +2.53 (max dev 0.15)
[meter] 5.8000 GHz  windows 15663  with tone 128  worst SNR 9.1 dB | ch1   -0.17 (max dev 0.06)  ch2   +1.59 (max dev 0.13)  ch3   +2.53 (max dev 0.15)
[meter] 2.4000 GHz  windows 15663  with tone 9430  worst SNR 9.2 dB | ch1   +0.64 (max dev 0.06)  ch2   +0.79 (max dev 0.08)  ch3   +1.18 (max dev 0.08)
[meter] 5.2000 GHz  windows 15662  with tone 6108  worst SNR 8.6 dB | ch1   -2.14 (max dev 0.07)  ch2   +0.16 (max dev 0.16)  ch3   +0.69 (max dev 0.15)
[meter] 5.8000 GHz  windows 15664  with tone 128  worst SNR 9.1 dB | ch1   -0.17 (max dev 0.06)  ch2   +1.59 (max dev 0.13)  ch3   +2.53 (max dev 0.15)
[meter] 2.4000 GHz  windows 15746  with tone 9430  worst SNR 9.2 dB | ch1   +0.64 (max dev 0.06)  ch2   +0.79 (max dev 0.08)  ch3   +1.18 (max dev 0.08)[meter] 2.4000 GHz  windows 15746  with tone 9430  worst SNR 9.2 dB | ch1   +0.64 (max dev 0.06)  ch2   +0.79 (max dev 0.08)  ch3   +1.18 (max dev 0.08)

[meter] 5.2000 GHz  windows 15745  with tone 6191  worst SNR 8.6 dB | ch1   -2.11 (max dev 0.11)  ch2   +0.12 (max dev 0.26)  ch3   +0.66 (max dev 0.20)
[meter] 5.2000 GHz  windows 15745  with tone 6191  worst SNR 8.6 dB | ch1   -2.11 (max dev 0.11)  ch2   +0.12 (max dev 0.26)  ch3   +0.66 (max dev 0.20)
[meter] 5.8000 GHz  windows 15747  with tone 128  worst SNR 9.1 dB | ch1   -0.17 (max dev 0.06)  ch2   +1.59 (max dev 0.13)  ch3   +2.53 (max dev 0.15)
[meter] 5.8000 GHz  windows 15747  with tone 128  worst SNR 9.1 dB | ch1   -0.17 (max dev 0.06)  ch2   +1.59 (max dev 0.13)  ch3   +2.53 (max dev 0.15)
[meter] 2.4000 GHz  windows 15747  with tone 9430  worst SNR 9.2 dB | ch1   +0.64 (max dev 0.06)  ch2   +0.79 (max dev 0.08)  ch3   +1.18 (max dev 0.08)
[meter] 5.2000 GHz  windows 15745  with tone 6191  worst SNR 8.6 dB | ch1   -2.11 (max dev 0.11)  ch2   +0.12 (max dev 0.26)  ch3   +0.66 (max dev 0.20)
[meter] 5.8000 GHz  windows 15747  with tone 128  worst SNR 9.1 dB | ch1   -0.17 (max dev 0.06)  ch2   +1.59 (max dev 0.13)  ch3   +2.53 (max dev 0.15)
[meter] 2.4000 GHz  windows 15830  with tone 9430  worst SNR 9.2 dB | ch1   +0.64 (max dev 0.06)  ch2   +0.79 (max dev 0.08)  ch3   +1.18 (max dev 0.08)
[meter] 2.4000 GHz  windows 15830  with tone 9430  worst SNR 9.2 dB | ch1   +0.64 (max dev 0.06)  ch2   +0.79 (max dev 0.08)  ch3   +1.18 (max dev 0.08)
[meter] 5.2000 GHz  windows 15828  with tone 6274  worst SNR 8.6 dB | ch1   -2.09 (max dev 0.09)  ch2   +0.05 (max dev 0.23)  ch3   +0.61 (max dev 0.15)
[meter] 5.2000 GHz  windows 15828  with tone 6274  worst SNR 8.6 dB | ch1   -2.09 (max dev 0.09)  ch2   +0.05 (max dev 0.23)  ch3   +0.61 (max dev 0.15)
[meter] 5.8000 GHz  windows 15830  with tone 128  worst SNR 9.1 dB | ch1   -0.17 (max dev 0.06)  ch2   +1.59 (max dev 0.13)  ch3   +2.53 (max dev 0.15)
[meter] 5.8000 GHz  windows 15830  with tone 128  worst SNR 9.1 dB | ch1   -0.17 (max dev 0.06)  ch2   +1.59 (max dev 0.13)  ch3   +2.53 (max dev 0.15)
[meter] 2.4000 GHz  windows 15830  with tone 9430  worst SNR 9.2 dB | ch1   +0.64 (max dev 0.06)  ch2   +0.79 (max dev 0.08)  ch3   +1.18 (max dev 0.08)
[meter] 5.2000 GHz  windows 15829  with tone 6275  worst SNR 8.6 dB | ch1   -2.09 (max dev 0.09)  ch2   +0.05 (max dev 0.23)  ch3   +0.61 (max dev 0.15)
[meter] 5.8000 GHz  windows 15830  with tone 128  worst SNR 9.1 dB | ch1   -0.17 (max dev 0.06)  ch2   +1.59 (max dev 0.13)  ch3   +2.53 (max dev 0.15)
[meter] 2.4000 GHz  windows 15913  with tone 9430  worst SNR 9.2 dB | ch1   +0.64 (max dev 0.06)  ch2   +0.79 (max dev 0.08)  ch3   +1.18 (max dev 0.08)
[meter] 5.2000 GHz  windows 15912  with tone 6358  worst SNR 8.6 dB | ch1   -2.08 (max dev 0.05)  ch2   +0.02 (max dev 0.10)  ch3   +0.60 (max dev 0.14)
[meter] 5.8000 GHz  windows 15913  with tone 128  worst SNR 9.1 dB | ch1   -0.17 (max dev 0.06)  ch2   +1.59 (max dev 0.13)  ch3   +2.53 (max dev 0.15)
[meter] 2.4000 GHz  windows 15913  with tone 9430  worst SNR 9.2 dB | ch1   +0.64 (max dev 0.06)  ch2   +0.79 (max dev 0.08)  ch3   +1.18 (max dev 0.08)
[meter] 5.2000 GHz  windows 15912  with tone 6358  worst SNR 8.6 dB | ch1   -2.08 (max dev 0.05)  ch2   +0.02 (max dev 0.10)  ch3   +0.60 (max dev 0.14)
[meter] 5.8000 GHz  windows 15914  with tone 128  worst SNR 9.1 dB | ch1   -0.17 (max dev 0.06)  ch2   +1.59 (max dev 0.13)  ch3   +2.53 (max dev 0.15)
[meter] 2.4000 GHz  windows 15913  with tone 9430  worst SNR 9.2 dB | ch1   +0.64 (max dev 0.06)  ch2   +0.79 (max dev 0.08)  ch3   +1.18 (max dev 0.08)
[meter] 5.2000 GHz  windows 15912  with tone 6358  worst SNR 8.6 dB | ch1   -2.08 (max dev 0.05)  ch2   +0.02 (max dev 0.10)  ch3   +0.60 (max dev 0.14)
[meter] 5.8000 GHz  windows 15914  with tone 128  worst SNR 9.1 dB | ch1   -0.17 (max dev 0.06)  ch2   +1.59 (max dev 0.13)  ch3   +2.53 (max dev 0.15)
[meter] 2.4000 GHz  windows 15996  with tone 9430  worst SNR 9.2 dB | ch1   +0.64 (max dev 0.06)  ch2   +0.79 (max dev 0.08)  ch3   +1.18 (max dev 0.08)
[meter] 5.2000 GHz  windows 15995  with tone 6441  worst SNR 8.6 dB | ch1   -2.08 (max dev 0.04)  ch2   +0.04 (max dev 0.07)  ch3   +0.63 (max dev 0.08)
[meter] 5.8000 GHz  windows 15997  with tone 128  worst SNR 9.1 dB | ch1   -0.17 (max dev 0.06)  ch2   +1.59 (max dev 0.13)  ch3   +2.53 (max dev 0.15)
[meter] 2.4000 GHz  windows 15996  with tone 9430  worst SNR 9.2 dB | ch1   +0.64 (max dev 0.06)  ch2   +0.79 (max dev 0.08)  ch3   +1.18 (max dev 0.08)
[meter] 5.2000 GHz  windows 15995  with tone 6441  worst SNR 8.6 dB | ch1   -2.08 (max dev 0.04)  ch2   +0.04 (max dev 0.07)  ch3   +0.63 (max dev 0.08)
[meter] 5.8000 GHz  windows 15997  with tone 128  worst SNR 9.1 dB | ch1   -0.17 (max dev 0.06)  ch2   +1.59 (max dev 0.13)  ch3   +2.53 (max dev 0.15)
[meter] 2.4000 GHz  windows 15997  with tone 9430  worst SNR 9.2 dB | ch1   +0.64 (max dev 0.06)  ch2   +0.79 (max dev 0.08)  ch3   +1.18 (max dev 0.08)
[meter] 5.2000 GHz  windows 15995  with tone 6441  worst SNR 8.6 dB | ch1   -2.08 (max dev 0.04)  ch2   +0.04 (max dev 0.07)  ch3   +0.63 (max dev 0.08)
[meter] 5.8000 GHz  windows 15997  with tone 128  worst SNR 9.1 dB | ch1   -0.17 (max dev 0.06)  ch2   +1.59 (max dev 0.13)  ch3   +2.53 (max dev 0.15)
[meter] 2.4000 GHz  windows 16079  with tone 9430  worst SNR 9.2 dB | ch1   +0.64 (max dev 0.06)  ch2   +0.79 (max dev 0.08)  ch3   +1.18 (max dev 0.08)
[meter] 2.4000 GHz  windows 16079  with tone 9430  worst SNR 9.2 dB | ch1   +0.64 (max dev 0.06)  ch2   +0.79 (max dev 0.08)  ch3   +1.18 (max dev 0.08)
[meter] 5.2000 GHz  windows 16078  with tone 6524  worst SNR 8.6 dB | ch1   -2.09 (max dev 0.06)  ch2   +0.06 (max dev 0.14)  ch3   +0.67 (max dev 0.21)
[meter] 5.2000 GHz  windows 16078  with tone 6524  worst SNR 8.6 dB | ch1   -2.09 (max dev 0.06)  ch2   +0.06 (max dev 0.14)  ch3   +0.67 (max dev 0.21)
[meter] 5.8000 GHz  windows 16080  with tone 128  worst SNR 9.1 dB | ch1   -0.17 (max dev 0.06)  ch2   +1.59 (max dev 0.13)  ch3   +2.53 (max dev 0.15)
[meter] 5.8000 GHz  windows 16080  with tone 128  worst SNR 9.1 dB | ch1   -0.17 (max dev 0.06)  ch2   +1.59 (max dev 0.13)  ch3   +2.53 (max dev 0.15)
[meter] 2.4000 GHz  windows 16079  with tone 9430  worst SNR 9.2 dB | ch1   +0.64 (max dev 0.06)  ch2   +0.79 (max dev 0.08)  ch3   +1.18 (max dev 0.08)
[meter] 5.2000 GHz  windows 16078  with tone 6524  worst SNR 8.6 dB | ch1   -2.09 (max dev 0.06)  ch2   +0.06 (max dev 0.14)  ch3   +0.67 (max dev 0.21)
[meter] 5.8000 GHz  windows 16080  with tone 128  worst SNR 9.1 dB | ch1   -0.17 (max dev 0.06)  ch2   +1.59 (max dev 0.13)  ch3   +2.53 (max dev 0.15)
[meter] 2.4000 GHz  windows 16162  with tone 9430  worst SNR 9.2 dB | ch1   +0.64 (max dev 0.06)  ch2   +0.79 (max dev 0.08)  ch3   +1.18 (max dev 0.08)
[meter] 2.4000 GHz  windows 16162  with tone 9430  worst SNR 9.2 dB | ch1   +0.64 (max dev 0.06)  ch2   +0.79 (max dev 0.08)  ch3   +1.18 (max dev 0.08)
[meter] 5.2000 GHz  windows 16162  with tone 6608  worst SNR 8.6 dB | ch1   -2.08 (max dev 0.08)  ch2   +0.19 (max dev 0.44)  ch3   +0.79 (max dev 0.53)
[meter] 5.8000 GHz  windows 16164  with tone 128  worst SNR 9.1 dB | ch1   -0.17 (max dev 0.06)  ch2   +1.59 (max dev 0.13)  ch3   +2.53 (max dev 0.15)
[meter] 5.2000 GHz  windows 16162  with tone 6608  worst SNR 8.6 dB | ch1   -2.08 (max dev 0.08)  ch2   +0.19 (max dev 0.44)  ch3   +0.79 (max dev 0.53)
[meter] 5.8000 GHz  windows 16164  with tone 128  worst SNR 9.1 dB | ch1   -0.17 (max dev 0.06)  ch2   +1.59 (max dev 0.13)  ch3   +2.53 (max dev 0.15)
[meter] 2.4000 GHz  windows 16163  with tone 9430  worst SNR 9.2 dB | ch1   +0.64 (max dev 0.06)  ch2   +0.79 (max dev 0.08)  ch3   +1.18 (max dev 0.08)
[meter] 5.2000 GHz  windows 16162  with tone 6608  worst SNR 8.6 dB | ch1   -2.08 (max dev 0.08)  ch2   +0.19 (max dev 0.44)  ch3   +0.79 (max dev 0.53)
[meter] 5.8000 GHz  windows 16164  with tone 128  worst SNR 9.1 dB | ch1   -0.17 (max dev 0.06)  ch2   +1.59 (max dev 0.13)  ch3   +2.53 (max dev 0.15)
[meter] 2.4000 GHz  windows 16245  with tone 9430  worst SNR 9.2 dB | ch1   +0.64 (max dev 0.06)  ch2   +0.79 (max dev 0.08)  ch3   +1.18 (max dev 0.08)
[meter] 5.2000 GHz  windows 16245  with tone 6691  worst SNR 8.6 dB | ch1   -2.06 (max dev 0.08)  ch2   +0.37 (max dev 0.38)  ch3   +1.00 (max dev 0.41)
[meter] 5.8000 GHz  windows 16247  with tone 128  worst SNR 9.1 dB | ch1   -0.17 (max dev 0.06)  ch2   +1.59 (max dev 0.13)  ch3   +2.53 (max dev 0.15)
[meter] 2.4000 GHz  windows 16246  with tone 9430  worst SNR 9.2 dB | ch1   +0.64 (max dev 0.06)  ch2   +0.79 (max dev 0.08)  ch3   +1.18 (max dev 0.08)
[meter] 5.2000 GHz  windows 16245  with tone 6691  worst SNR 8.6 dB | ch1   -2.06 (max dev 0.08)  ch2   +0.37 (max dev 0.38)  ch3   +1.00 (max dev 0.41)
[meter] 5.8000 GHz  windows 16247  with tone 128  worst SNR 9.1 dB | ch1   -0.17 (max dev 0.06)  ch2   +1.59 (max dev 0.13)  ch3   +2.53 (max dev 0.15)
[meter] 2.4000 GHz  windows 16246  with tone 9430  worst SNR 9.2 dB | ch1   +0.64 (max dev 0.06)  ch2   +0.79 (max dev 0.08)  ch3   +1.18 (max dev 0.08)
[meter] 5.2000 GHz  windows 16246  with tone 6692  worst SNR 8.6 dB | ch1   -2.06 (max dev 0.08)  ch2   +0.37 (max dev 0.38)  ch3   +1.00 (max dev 0.41)
[meter] 5.8000 GHz  windows 16247  with tone 128  worst SNR 9.1 dB | ch1   -0.17 (max dev 0.06)  ch2   +1.59 (max dev 0.13)  ch3   +2.53 (max dev 0.15)
[meter] 2.4000 GHz  windows 16329  with tone 9430  worst SNR 9.2 dB | ch1   +0.64 (max dev 0.06)  ch2   +0.79 (max dev 0.08)  ch3   +1.18 (max dev 0.08)
[meter] 5.2000 GHz  windows 16329  with tone 6775  worst SNR 8.6 dB | ch1   -2.05 (max dev 0.10)  ch2   +0.38 (max dev 0.34)  ch3   +1.03 (max dev 0.36)
[meter] 5.8000 GHz  windows 16330  with tone 128  worst SNR 9.1 dB | ch1   -0.17 (max dev 0.06)  ch2   +1.59 (max dev 0.13)  ch3   +2.53 (max dev 0.15)
[meter] 2.4000 GHz  windows 16329  with tone 9430  worst SNR 9.2 dB | ch1   +0.64 (max dev 0.06)  ch2   +0.79 (max dev 0.08)  ch3   +1.18 (max dev 0.08)
[meter] 5.2000 GHz  windows 16329  with tone 6775  worst SNR 8.6 dB | ch1   -2.05 (max dev 0.10)  ch2   +0.38 (max dev 0.34)  ch3   +1.03 (max dev 0.36)
[meter] 5.8000 GHz  windows 16330  with tone 128  worst SNR 9.1 dB | ch1   -0.17 (max dev 0.06)  ch2   +1.59 (max dev 0.13)  ch3   +2.53 (max dev 0.15)
[meter] 2.4000 GHz  windows 16329  with tone 9430  worst SNR 9.2 dB | ch1   +0.64 (max dev 0.06)  ch2   +0.79 (max dev 0.08)  ch3   +1.18 (max dev 0.08)
[meter] 5.2000 GHz  windows 16329  with tone 6775  worst SNR 8.6 dB | ch1   -2.05 (max dev 0.10)  ch2   +0.38 (max dev 0.34)  ch3   +1.03 (max dev 0.36)
[meter] 5.8000 GHz  windows 16331  with tone 128  worst SNR 9.1 dB | ch1   -0.17 (max dev 0.06)  ch2   +1.59 (max dev 0.13)  ch3   +2.53 (max dev 0.15)
[meter] 2.4000 GHz  windows 16412  with tone 9430  worst SNR 9.2 dB | ch1   +0.64 (max dev 0.06)  ch2   +0.79 (max dev 0.08)  ch3   +1.18 (max dev 0.08)
[meter] 5.2000 GHz  windows 16412  with tone 6858  worst SNR 8.6 dB | ch1   -2.06 (max dev 0.14)  ch2   +0.29 (max dev 0.40)  ch3   +0.89 (max dev 0.47)
[meter] 5.8000 GHz  windows 16414  with tone 128  worst SNR 9.1 dB | ch1   -0.17 (max dev 0.06)  ch2   +1.59 (max dev 0.13)  ch3   +2.53 (max dev 0.15)
[meter] 2.4000 GHz  windows 16412  with tone 9430  worst SNR 9.2 dB | ch1   +0.64 (max dev 0.06)  ch2   +0.79 (max dev 0.08)  ch3   +1.18 (max dev 0.08)
[meter] 5.2000 GHz  windows 16412  with tone 6858  worst SNR 8.6 dB | ch1   -2.06 (max dev 0.14)  ch2   +0.29 (max dev 0.40)  ch3   +0.89 (max dev 0.47)
[meter] 5.8000 GHz  windows 16414  with tone 128  worst SNR 9.1 dB | ch1   -0.17 (max dev 0.06)  ch2   +1.59 (max dev 0.13)  ch3   +2.53 (max dev 0.15)
[meter] 2.4000 GHz  windows 16413  with tone 9430  worst SNR 9.2 dB | ch1   +0.64 (max dev 0.06)  ch2   +0.79 (max dev 0.08)  ch3   +1.18 (max dev 0.08)
[meter] 5.2000 GHz  windows 16412  with tone 6858  worst SNR 8.6 dB | ch1   -2.06 (max dev 0.14)  ch2   +0.29 (max dev 0.40)  ch3   +0.89 (max dev 0.47)
[meter] 5.8000 GHz  windows 16414  with tone 128  worst SNR 9.1 dB | ch1   -0.17 (max dev 0.06)  ch2   +1.59 (max dev 0.13)  ch3   +2.53 (max dev 0.15)
[meter] 2.4000 GHz  windows 16496  with tone 9430  worst SNR 9.2 dB | ch1   +0.64 (max dev 0.06)  ch2   +0.79 (max dev 0.08)  ch3   +1.18 (max dev 0.08)
[meter] 5.2000 GHz  windows 16495  with tone 6941  worst SNR 8.6 dB | ch1   -2.06 (max dev 0.16)  ch2   +0.31 (max dev 0.31)  ch3   +0.89 (max dev 0.27)
[meter] 5.8000 GHz  windows 16497  with tone 128  worst SNR 9.1 dB | ch1   -0.17 (max dev 0.06)  ch2   +1.59 (max dev 0.13)  ch3   +2.53 (max dev 0.15)
[meter] 2.4000 GHz  windows 16496  with tone 9430  worst SNR 9.2 dB | ch1   +0.64 (max dev 0.06)  ch2   +0.79 (max dev 0.08)  ch3   +1.18 (max dev 0.08)
[meter] 5.2000 GHz  windows 16495  with tone 6941  worst SNR 8.6 dB | ch1   -2.06 (max dev 0.16)  ch2   +0.31 (max dev 0.31)  ch3   +0.89 (max dev 0.27)
[meter] 5.8000 GHz  windows 16497  with tone 128  worst SNR 9.1 dB | ch1   -0.17 (max dev 0.06)  ch2   +1.59 (max dev 0.13)  ch3   +2.53 (max dev 0.15)
[meter] 2.4000 GHz  windows 16496  with tone 9430  worst SNR 9.2 dB | ch1   +0.64 (max dev 0.06)  ch2   +0.79 (max dev 0.08)  ch3   +1.18 (max dev 0.08)
[meter] 5.2000 GHz  windows 16496  with tone 6942  worst SNR 8.6 dB | ch1   -2.06 (max dev 0.16)  ch2   +0.31 (max dev 0.32)  ch3   +0.89 (max dev 0.27)
[meter] 5.8000 GHz  windows 16497  with tone 128  worst SNR 9.1 dB | ch1   -0.17 (max dev 0.06)  ch2   +1.59 (max dev 0.13)  ch3   +2.53 (max dev 0.15)
[meter] 2.4000 GHz  windows 16579  with tone 9430  worst SNR 9.2 dB | ch1   +0.64 (max dev 0.06)  ch2   +0.79 (max dev 0.08)  ch3   +1.18 (max dev 0.08)
[meter] 5.2000 GHz  windows 16579  with tone 7025  worst SNR 8.6 dB | ch1   -2.06 (max dev 0.16)  ch2   +0.33 (max dev 0.33)  ch3   +0.89 (max dev 0.27)
[meter] 5.8000 GHz  windows 16580  with tone 128  worst SNR 9.1 dB | ch1   -0.17 (max dev 0.06)  ch2   +1.59 (max dev 0.13)  ch3   +2.53 (max dev 0.15)
[meter] 2.4000 GHz  windows 16579  with tone 9430  worst SNR 9.2 dB | ch1   +0.64 (max dev 0.06)  ch2   +0.79 (max dev 0.08)  ch3   +1.18 (max dev 0.08)
[meter] 5.2000 GHz  windows 16579  with tone 7025  worst SNR 8.6 dB | ch1   -2.06 (max dev 0.16)  ch2   +0.33 (max dev 0.33)  ch3   +0.89 (max dev 0.27)
[meter] 5.8000 GHz  windows 16581  with tone 128  worst SNR 9.1 dB | ch1   -0.17 (max dev 0.06)  ch2   +1.59 (max dev 0.13)  ch3   +2.53 (max dev 0.15)
[meter] 2.4000 GHz  windows 16579  with tone 9430  worst SNR 9.2 dB | ch1   +0.64 (max dev 0.06)  ch2   +0.79 (max dev 0.08)  ch3   +1.18 (max dev 0.08)
[meter] 5.2000 GHz  windows 16579  with tone 7025  worst SNR 8.6 dB | ch1   -2.06 (max dev 0.16)  ch2   +0.33 (max dev 0.33)  ch3   +0.89 (max dev 0.27)
[meter] 5.8000 GHz  windows 16581  with tone 128  worst SNR 9.1 dB | ch1   -0.17 (max dev 0.06)  ch2   +1.59 (max dev 0.13)  ch3   +2.53 (max dev 0.15)
[meter] 2.4000 GHz  windows 16662  with tone 9430  worst SNR 9.2 dB | ch1   +0.64 (max dev 0.06)  ch2   +0.79 (max dev 0.08)  ch3   +1.18 (max dev 0.08)
[meter] 5.2000 GHz  windows 16662  with tone 7108  worst SNR 8.6 dB | ch1   -2.06 (max dev 0.14)  ch2   +0.32 (max dev 0.33)  ch3   +0.89 (max dev 0.27)
[meter] 5.8000 GHz  windows 16664  with tone 128  worst SNR 9.1 dB | ch1   -0.17 (max dev 0.06)  ch2   +1.59 (max dev 0.13)  ch3   +2.53 (max dev 0.15)
[meter] 2.4000 GHz  windows 16663  with tone 9430  worst SNR 9.2 dB | ch1   +0.64 (max dev 0.06)  ch2   +0.79 (max dev 0.08)  ch3   +1.18 (max dev 0.08)
[meter] 5.2000 GHz  windows 16662  with tone 7108  worst SNR 8.6 dB | ch1   -2.06 (max dev 0.14)  ch2   +0.32 (max dev 0.33)  ch3   +0.89 (max dev 0.27)
[meter] 5.8000 GHz  windows 16664  with tone 128  worst SNR 9.1 dB | ch1   -0.17 (max dev 0.06)  ch2   +1.59 (max dev 0.13)  ch3   +2.53 (max dev 0.15)
[meter] 2.4000 GHz  windows 16663  with tone 9430  worst SNR 9.2 dB | ch1   +0.64 (max dev 0.06)  ch2   +0.79 (max dev 0.08)  ch3   +1.18 (max dev 0.08)
[meter] 5.2000 GHz  windows 16662  with tone 7108  worst SNR 8.6 dB | ch1   -2.06 (max dev 0.14)  ch2   +0.32 (max dev 0.33)  ch3   +0.89 (max dev 0.27)
[meter] 5.8000 GHz  windows 16664  with tone 128  worst SNR 9.1 dB | ch1   -0.17 (max dev 0.06)  ch2   +1.59 (max dev 0.13)  ch3   +2.53 (max dev 0.15)
[meter] 2.4000 GHz  windows 16746  with tone 9430  worst SNR 9.2 dB | ch1   +0.64 (max dev 0.06)  ch2   +0.79 (max dev 0.08)  ch3   +1.18 (max dev 0.08)
[meter] 5.2000 GHz  windows 16745  with tone 7191  worst SNR 8.6 dB | ch1   -2.05 (max dev 0.19)  ch2   +0.33 (max dev 0.20)  ch3   +0.90 (max dev 0.21)
[meter] 5.8000 GHz  windows 16747  with tone 128  worst SNR 9.1 dB | ch1   -0.17 (max dev 0.06)  ch2   +1.59 (max dev 0.13)  ch3   +2.53 (max dev 0.15)
[meter] 2.4000 GHz  windows 16746  with tone 9430  worst SNR 9.2 dB | ch1   +0.64 (max dev 0.06)  ch2   +0.79 (max dev 0.08)  ch3   +1.18 (max dev 0.08)
[meter] 5.2000 GHz  windows 16746  with tone 7192  worst SNR 8.6 dB | ch1   -2.05 (max dev 0.19)  ch2   +0.33 (max dev 0.20)  ch3   +0.90 (max dev 0.23)
[meter] 5.8000 GHz  windows 16747  with tone 128  worst SNR 9.1 dB | ch1   -0.17 (max dev 0.06)  ch2   +1.59 (max dev 0.13)  ch3   +2.53 (max dev 0.15)
[meter] 2.4000 GHz  windows 16746  with tone 9430  worst SNR 9.2 dB | ch1   +0.64 (max dev 0.06)  ch2   +0.79 (max dev 0.08)  ch3   +1.18 (max dev 0.08)
[meter] 5.2000 GHz  windows 16746  with tone 7192  worst SNR 8.6 dB | ch1   -2.05 (max dev 0.19)  ch2   +0.33 (max dev 0.20)  ch3   +0.90 (max dev 0.23)
[meter] 5.8000 GHz  windows 16747  with tone 128  worst SNR 9.1 dB | ch1   -0.17 (max dev 0.06)  ch2   +1.59 (max dev 0.13)  ch3   +2.53 (max dev 0.15)
[meter] 2.4000 GHz  windows 16829  with tone 9430  worst SNR 9.2 dB | ch1   +0.64 (max dev 0.06)  ch2   +0.79 (max dev 0.08)  ch3   +1.18 (max dev 0.08)
[meter] 5.2000 GHz  windows 16829  with tone 7275  worst SNR 8.6 dB | ch1   -2.00 (max dev 0.20)  ch2   +0.40 (max dev 0.30)  ch3   +1.01 (max dev 0.22)
[meter] 5.8000 GHz  windows 16830  with tone 128  worst SNR 9.1 dB | ch1   -0.17 (max dev 0.06)  ch2   +1.59 (max dev 0.13)  ch3   +2.53 (max dev 0.15)
[meter] 2.4000 GHz  windows 16829  with tone 9430  worst SNR 9.2 dB | ch1   +0.64 (max dev 0.06)  ch2   +0.79 (max dev 0.08)  ch3   +1.18 (max dev 0.08)
[meter] 5.2000 GHz  windows 16829  with tone 7275  worst SNR 8.6 dB | ch1   -2.00 (max dev 0.20)  ch2   +0.40 (max dev 0.30)  ch3   +1.01 (max dev 0.22)
[meter] 5.8000 GHz  windows 16831  with tone 128  worst SNR 9.1 dB | ch1   -0.17 (max dev 0.06)  ch2   +1.59 (max dev 0.13)  ch3   +2.53 (max dev 0.15)
[meter] 2.4000 GHz  windows 16830  with tone 9430  worst SNR 9.2 dB | ch1   +0.64 (max dev 0.06)  ch2   +0.79 (max dev 0.08)  ch3   +1.18 (max dev 0.08)
[meter] 5.2000 GHz  windows 16829  with tone 7275  worst SNR 8.6 dB | ch1   -2.00 (max dev 0.20)  ch2   +0.40 (max dev 0.30)  ch3   +1.01 (max dev 0.22)
[meter] 5.8000 GHz  windows 16831  with tone 128  worst SNR 9.1 dB | ch1   -0.17 (max dev 0.06)  ch2   +1.59 (max dev 0.13)  ch3   +2.53 (max dev 0.15)
[meter] 2.4000 GHz  windows 16913  with tone 9430  worst SNR 9.2 dB | ch1   +0.64 (max dev 0.06)  ch2   +0.79 (max dev 0.08)  ch3   +1.18 (max dev 0.08)
[meter] 5.2000 GHz  windows 16912  with tone 7358  worst SNR 8.6 dB | ch1   -1.94 (max dev 0.13)  ch2   +0.48 (max dev 0.21)  ch3   +1.07 (max dev 0.25)
[meter] 5.8000 GHz  windows 16914  with tone 128  worst SNR 9.1 dB | ch1   -0.17 (max dev 0.06)  ch2   +1.59 (max dev 0.13)  ch3   +2.53 (max dev 0.15)
[meter] 2.4000 GHz  windows 16913  with tone 9430  worst SNR 9.2 dB | ch1   +0.64 (max dev 0.06)  ch2   +0.79 (max dev 0.08)  ch3   +1.18 (max dev 0.08)
[meter] 5.2000 GHz  windows 16912  with tone 7358  worst SNR 8.6 dB | ch1   -1.94 (max dev 0.13)  ch2   +0.48 (max dev 0.21)  ch3   +1.07 (max dev 0.25)
[meter] 5.8000 GHz  windows 16914  with tone 128  worst SNR 9.1 dB | ch1   -0.17 (max dev 0.06)  ch2   +1.59 (max dev 0.13)  ch3   +2.53 (max dev 0.15)
[meter] 2.4000 GHz  windows 16913  with tone 9430  worst SNR 9.2 dB | ch1   +0.64 (max dev 0.06)  ch2   +0.79 (max dev 0.08)  ch3   +1.18 (max dev 0.08)
[meter] 5.2000 GHz  windows 16913  with tone 7359  worst SNR 8.6 dB | ch1   -1.94 (max dev 0.13)  ch2   +0.48 (max dev 0.21)  ch3   +1.07 (max dev 0.25)
[meter] 5.8000 GHz  windows 16914  with tone 128  worst SNR 9.1 dB | ch1   -0.17 (max dev 0.06)  ch2   +1.59 (max dev 0.13)  ch3   +2.53 (max dev 0.15)
[meter] 2.4000 GHz  windows 16996  with tone 9430  worst SNR 9.2 dB | ch1   +0.64 (max dev 0.06)  ch2   +0.79 (max dev 0.08)  ch3   +1.18 (max dev 0.08)
[meter] 5.2000 GHz  windows 16996  with tone 7442  worst SNR 8.6 dB | ch1   -1.92 (max dev 0.11)  ch2   +0.54 (max dev 0.23)  ch3   +1.11 (max dev 0.16)
[meter] 5.8000 GHz  windows 16997  with tone 128  worst SNR 9.1 dB | ch1   -0.17 (max dev 0.06)  ch2   +1.59 (max dev 0.13)  ch3   +2.53 (max dev 0.15)
[meter] 2.4000 GHz  windows 16996  with tone 9430  worst SNR 9.2 dB | ch1   +0.64 (max dev 0.06)  ch2   +0.79 (max dev 0.08)  ch3   +1.18 (max dev 0.08)
[meter] 5.2000 GHz  windows 16996  with tone 7442  worst SNR 8.6 dB | ch1   -1.92 (max dev 0.11)  ch2   +0.54 (max dev 0.23)  ch3   +1.11 (max dev 0.16)
[meter] 5.8000 GHz  windows 16997  with tone 128  worst SNR 9.1 dB | ch1   -0.17 (max dev 0.06)  ch2   +1.59 (max dev 0.13)  ch3   +2.53 (max dev 0.15)
[meter] 2.4000 GHz  windows 16996  with tone 9430  worst SNR 9.2 dB | ch1   +0.64 (max dev 0.06)  ch2   +0.79 (max dev 0.08)  ch3   +1.18 (max dev 0.08)
[meter] 5.2000 GHz  windows 16996  with tone 7442  worst SNR 8.6 dB | ch1   -1.92 (max dev 0.11)  ch2   +0.54 (max dev 0.23)  ch3   +1.11 (max dev 0.16)
[meter] 5.8000 GHz  windows 16998  with tone 128  worst SNR 9.1 dB | ch1   -0.17 (max dev 0.06)  ch2   +1.59 (max dev 0.13)  ch3   +2.53 (max dev 0.15)
[meter] 2.4000 GHz  windows 17079  with tone 9430  worst SNR 9.2 dB | ch1   +0.64 (max dev 0.06)  ch2   +0.79 (max dev 0.08)  ch3   +1.18 (max dev 0.08)
[meter] 5.2000 GHz  windows 17079  with tone 7525  worst SNR 8.6 dB | ch1   -1.93 (max dev 0.08)  ch2   +0.54 (max dev 0.19)  ch3   +1.12 (max dev 0.13)
[meter] 5.8000 GHz  windows 17081  with tone 128  worst SNR 9.1 dB | ch1   -0.17 (max dev 0.06)  ch2   +1.59 (max dev 0.13)  ch3   +2.53 (max dev 0.15)
[meter] 2.4000 GHz  windows 17079  with tone 9430  worst SNR 9.2 dB | ch1   +0.64 (max dev 0.06)  ch2   +0.79 (max dev 0.08)  ch3   +1.18 (max dev 0.08)
[meter] 5.2000 GHz  windows 17079  with tone 7525  worst SNR 8.6 dB | ch1   -1.93 (max dev 0.08)  ch2   +0.54 (max dev 0.19)  ch3   +1.12 (max dev 0.13)
[meter] 5.8000 GHz  windows 17081  with tone 128  worst SNR 9.1 dB | ch1   -0.17 (max dev 0.06)  ch2   +1.59 (max dev 0.13)  ch3   +2.53 (max dev 0.15)
[meter] 2.4000 GHz  windows 17080  with tone 9430  worst SNR 9.2 dB | ch1   +0.64 (max dev 0.06)  ch2   +0.79 (max dev 0.08)  ch3   +1.18 (max dev 0.08)
[meter] 5.2000 GHz  windows 17079  with tone 7525  worst SNR 8.6 dB | ch1   -1.93 (max dev 0.08)  ch2   +0.54 (max dev 0.19)  ch3   +1.12 (max dev 0.13)
[meter] 5.8000 GHz  windows 17081  with tone 128  worst SNR 9.1 dB | ch1   -0.17 (max dev 0.06)  ch2   +1.59 (max dev 0.13)  ch3   +2.53 (max dev 0.15)
[meter] 2.4000 GHz  windows 17163  with tone 9430  worst SNR 9.2 dB | ch1   +0.64 (max dev 0.06)  ch2   +0.79 (max dev 0.08)  ch3   +1.18 (max dev 0.08)
[meter] 5.2000 GHz  windows 17162  with tone 7608  worst SNR 8.6 dB | ch1   -1.93 (max dev 0.28)  ch2   +0.46 (max dev 1.35)  ch3   +1.04 (max dev 1.64)
[meter] 5.8000 GHz  windows 17164  with tone 128  worst SNR 9.1 dB | ch1   -0.17 (max dev 0.06)  ch2   +1.59 (max dev 0.13)  ch3   +2.53 (max dev 0.15)
[meter] 2.4000 GHz  windows 17163  with tone 9430  worst SNR 9.2 dB | ch1   +0.64 (max dev 0.06)  ch2   +0.79 (max dev 0.08)  ch3   +1.18 (max dev 0.08)
[meter] 5.2000 GHz  windows 17162  with tone 7608  worst SNR 8.6 dB | ch1   -1.93 (max dev 0.28)  ch2   +0.46 (max dev 1.35)  ch3   +1.04 (max dev 1.64)
[meter] 5.8000 GHz  windows 17164  with tone 128  worst SNR 9.1 dB | ch1   -0.17 (max dev 0.06)  ch2   +1.59 (max dev 0.13)  ch3   +2.53 (max dev 0.15)
[meter] 2.4000 GHz  windows 17163  with tone 9430  worst SNR 9.2 dB | ch1   +0.64 (max dev 0.06)  ch2   +0.79 (max dev 0.08)  ch3   +1.18 (max dev 0.08)
[meter] 5.2000 GHz  windows 17163  with tone 7609  worst SNR 8.6 dB | ch1   -1.93 (max dev 0.27)  ch2   +0.45 (max dev 1.34)  ch3   +1.03 (max dev 1.64)
[meter] 5.8000 GHz  windows 17164  with tone 128  worst SNR 9.1 dB | ch1   -0.17 (max dev 0.06)  ch2   +1.59 (max dev 0.13)  ch3   +2.53 (max dev 0.15)
[meter] 2.4000 GHz  windows 17245  with tone 9430  worst SNR 9.2 dB | ch1   +0.64 (max dev 0.06)  ch2   +0.79 (max dev 0.08)  ch3   +1.18 (max dev 0.08)
[meter] 5.2000 GHz  windows 17246  with tone 7692  worst SNR 8.6 dB | ch1   -1.97 (max dev 0.24)  ch2   -0.03 (max dev 1.06)  ch3   +0.46 (max dev 1.17)
[meter] 5.8000 GHz  windows 17247  with tone 128  worst SNR 9.1 dB | ch1   -0.17 (max dev 0.06)  ch2   +1.59 (max dev 0.13)  ch3   +2.53 (max dev 0.15)
[meter] 2.4000 GHz  windows 17245  with tone 9430  worst SNR 9.2 dB | ch1   +0.64 (max dev 0.06)  ch2   +0.79 (max dev 0.08)  ch3   +1.18 (max dev 0.08)
[meter] 5.2000 GHz  windows 17246  with tone 7692  worst SNR 8.6 dB | ch1   -1.97 (max dev 0.24)  ch2   -0.03 (max dev 1.06)  ch3   +0.46 (max dev 1.17)
[meter] 5.8000 GHz  windows 17247  with tone 128  worst SNR 9.1 dB | ch1   -0.17 (max dev 0.06)  ch2   +1.59 (max dev 0.13)  ch3   +2.53 (max dev 0.15)
[meter] 2.4000 GHz  windows 17245  with tone 9430  worst SNR 9.2 dB | ch1   +0.64 (max dev 0.06)  ch2   +0.79 (max dev 0.08)  ch3   +1.18 (max dev 0.08)
[meter] 5.2000 GHz  windows 17246  with tone 7692  worst SNR 8.6 dB | ch1   -1.97 (max dev 0.24)  ch2   -0.03 (max dev 1.06)  ch3   +0.46 (max dev 1.17)
[meter] 5.8000 GHz  windows 17248  with tone 128  worst SNR 9.1 dB | ch1   -0.17 (max dev 0.06)  ch2   +1.59 (max dev 0.13)  ch3   +2.53 (max dev 0.15)
[meter] 2.4000 GHz  windows 17328  with tone 9430  worst SNR 9.2 dB | ch1   +0.64 (max dev 0.06)  ch2   +0.79 (max dev 0.08)  ch3   +1.18 (max dev 0.08)
[meter] 5.2000 GHz  windows 17329  with tone 7775  worst SNR 8.6 dB | ch1   -2.00 (max dev 0.25)  ch2   -0.45 (max dev 0.88)  ch3   -0.05 (max dev 1.09)
[meter] 5.8000 GHz  windows 17331  with tone 128  worst SNR 9.1 dB | ch1   -0.17 (max dev 0.06)  ch2   +1.59 (max dev 0.13)  ch3   +2.53 (max dev 0.15)
[meter] 2.4000 GHz  windows 17329  with tone 9430  worst SNR 9.2 dB | ch1   +0.64 (max dev 0.06)  ch2   +0.79 (max dev 0.08)  ch3   +1.18 (max dev 0.08)
[meter] 5.2000 GHz  windows 17329  with tone 7775  worst SNR 8.6 dB | ch1   -2.00 (max dev 0.25)  ch2   -0.45 (max dev 0.88)  ch3   -0.05 (max dev 1.09)
[meter] 5.8000 GHz  windows 17331  with tone 128  worst SNR 9.1 dB | ch1   -0.17 (max dev 0.06)  ch2   +1.59 (max dev 0.13)  ch3   +2.53 (max dev 0.15)
[meter] 2.4000 GHz  windows 17329  with tone 9430  worst SNR 9.2 dB | ch1   +0.64 (max dev 0.06)  ch2   +0.79 (max dev 0.08)  ch3   +1.18 (max dev 0.08)
[meter] 5.2000 GHz  windows 17329  with tone 7775  worst SNR 8.6 dB | ch1   -2.00 (max dev 0.25)  ch2   -0.45 (max dev 0.88)  ch3   -0.05 (max dev 1.09)
[meter] 5.8000 GHz  windows 17331  with tone 128  worst SNR 9.1 dB | ch1   -0.17 (max dev 0.06)  ch2   +1.59 (max dev 0.13)  ch3   +2.53 (max dev 0.15)
[meter] 2.4000 GHz  windows 17412  with tone 9430  worst SNR 9.2 dB | ch1   +0.64 (max dev 0.06)  ch2   +0.79 (max dev 0.08)  ch3   +1.18 (max dev 0.08)
[meter] 5.2000 GHz  windows 17412  with tone 7858  worst SNR 8.6 dB | ch1   -1.99 (max dev 0.10)  ch2   -0.56 (max dev 0.17)  ch3   -0.20 (max dev 0.14)
[meter] 5.8000 GHz  windows 17414  with tone 128  worst SNR 9.1 dB | ch1   -0.17 (max dev 0.06)  ch2   +1.59 (max dev 0.13)  ch3   +2.53 (max dev 0.15)
[meter] 2.4000 GHz  windows 17412  with tone 9430  worst SNR 9.2 dB | ch1   +0.64 (max dev 0.06)  ch2   +0.79 (max dev 0.08)  ch3   +1.18 (max dev 0.08)
[meter] 5.2000 GHz  windows 17413  with tone 7859  worst SNR 8.6 dB | ch1   -1.99 (max dev 0.10)  ch2   -0.56 (max dev 0.17)  ch3   -0.20 (max dev 0.14)
[meter] 5.8000 GHz  windows 17414  with tone 128  worst SNR 9.1 dB | ch1   -0.17 (max dev 0.06)  ch2   +1.59 (max dev 0.13)  ch3   +2.53 (max dev 0.15)
[meter] 2.4000 GHz  windows 17412  with tone 9430  worst SNR 9.2 dB | ch1   +0.64 (max dev 0.06)  ch2   +0.79 (max dev 0.08)  ch3   +1.18 (max dev 0.08)
[meter] 5.2000 GHz  windows 17413  with tone 7859  worst SNR 8.6 dB | ch1   -1.99 (max dev 0.10)  ch2   -0.56 (max dev 0.17)  ch3   -0.20 (max dev 0.14)
[meter] 5.8000 GHz  windows 17414  with tone 128  worst SNR 9.1 dB | ch1   -0.17 (max dev 0.06)  ch2   +1.59 (max dev 0.13)  ch3   +2.53 (max dev 0.15)
[meter] 2.4000 GHz  windows 17495  with tone 9430  worst SNR 9.2 dB | ch1   +0.64 (max dev 0.06)  ch2   +0.79 (max dev 0.08)  ch3   +1.18 (max dev 0.08)
[meter] 5.2000 GHz  windows 17496  with tone 7942  worst SNR 8.6 dB | ch1   -1.99 (max dev 0.09)  ch2   -0.57 (max dev 0.16)  ch3   -0.22 (max dev 0.14)
[meter] 5.8000 GHz  windows 17497  with tone 128  worst SNR 9.1 dB | ch1   -0.17 (max dev 0.06)  ch2   +1.59 (max dev 0.13)  ch3   +2.53 (max dev 0.15)
[meter] 2.4000 GHz  windows 17495  with tone 9430  worst SNR 9.2 dB | ch1   +0.64 (max dev 0.06)  ch2   +0.79 (max dev 0.08)  ch3   +1.18 (max dev 0.08)
[meter] 5.2000 GHz  windows 17496  with tone 7942  worst SNR 8.6 dB | ch1   -1.99 (max dev 0.09)  ch2   -0.57 (max dev 0.16)  ch3   -0.22 (max dev 0.14)
[meter] 5.8000 GHz  windows 17498  with tone 128  worst SNR 9.1 dB | ch1   -0.17 (max dev 0.06)  ch2   +1.59 (max dev 0.13)  ch3   +2.53 (max dev 0.15)
[meter] 2.4000 GHz  windows 17495  with tone 9430  worst SNR 9.2 dB | ch1   +0.64 (max dev 0.06)  ch2   +0.79 (max dev 0.08)  ch3   +1.18 (max dev 0.08)
[meter] 5.2000 GHz  windows 17496  with tone 7942  worst SNR 8.6 dB | ch1   -1.99 (max dev 0.09)  ch2   -0.57 (max dev 0.16)  ch3   -0.22 (max dev 0.14)
[meter] 5.8000 GHz  windows 17498  with tone 128  worst SNR 9.1 dB | ch1   -0.17 (max dev 0.06)  ch2   +1.59 (max dev 0.13)  ch3   +2.53 (max dev 0.15)
[meter] 2.4000 GHz  windows 17578  with tone 9430  worst SNR 9.2 dB | ch1   +0.64 (max dev 0.06)  ch2   +0.79 (max dev 0.08)  ch3   +1.18 (max dev 0.08)
[meter] 5.2000 GHz  windows 17579  with tone 8025  worst SNR 8.6 dB | ch1   -1.99 (max dev 0.07)  ch2   -0.59 (max dev 0.13)  ch3   -0.23 (max dev 0.12)
[meter] 5.8000 GHz  windows 17581  with tone 128  worst SNR 9.1 dB | ch1   -0.17 (max dev 0.06)  ch2   +1.59 (max dev 0.13)  ch3   +2.53 (max dev 0.15)
[meter] 2.4000 GHz  windows 17579  with tone 9430  worst SNR 9.2 dB | ch1   +0.64 (max dev 0.06)  ch2   +0.79 (max dev 0.08)  ch3   +1.18 (max dev 0.08)
[meter] 5.2000 GHz  windows 17579  with tone 8025  worst SNR 8.6 dB | ch1   -1.99 (max dev 0.07)  ch2   -0.59 (max dev 0.13)  ch3   -0.23 (max dev 0.12)
[meter] 5.8000 GHz  windows 17581  with tone 128  worst SNR 9.1 dB | ch1   -0.17 (max dev 0.06)  ch2   +1.59 (max dev 0.13)  ch3   +2.53 (max dev 0.15)
[meter] 2.4000 GHz  windows 17579  with tone 9430  worst SNR 9.2 dB | ch1   +0.64 (max dev 0.06)  ch2   +0.79 (max dev 0.08)  ch3   +1.18 (max dev 0.08)
[meter] 5.2000 GHz  windows 17580  with tone 8026  worst SNR 8.6 dB | ch1   -1.99 (max dev 0.07)  ch2   -0.59 (max dev 0.13)  ch3   -0.23 (max dev 0.12)
[meter] 5.8000 GHz  windows 17581  with tone 128  worst SNR 9.1 dB | ch1   -0.17 (max dev 0.06)  ch2   +1.59 (max dev 0.13)  ch3   +2.53 (max dev 0.15)
[meter] 2.4000 GHz  windows 17662  with tone 9430  worst SNR 9.2 dB | ch1   +0.64 (max dev 0.06)  ch2   +0.79 (max dev 0.08)  ch3   +1.18 (max dev 0.08)
[meter] 5.2000 GHz  windows 17663  with tone 8109  worst SNR 8.6 dB | ch1   -1.94 (max dev 0.11)  ch2   -0.42 (max dev 0.43)  ch3   -0.02 (max dev 0.47)
[meter] 5.8000 GHz  windows 17664  with tone 128  worst SNR 9.1 dB | ch1   -0.17 (max dev 0.06)  ch2   +1.59 (max dev 0.13)  ch3   +2.53 (max dev 0.15)
[meter] 2.4000 GHz  windows 17662  with tone 9430  worst SNR 9.2 dB | ch1   +0.64 (max dev 0.06)  ch2   +0.79 (max dev 0.08)  ch3   +1.18 (max dev 0.08)
[meter] 5.2000 GHz  windows 17663  with tone 8109  worst SNR 8.6 dB | ch1   -1.94 (max dev 0.11)  ch2   -0.42 (max dev 0.43)  ch3   -0.02 (max dev 0.47)
[meter] 5.8000 GHz  windows 17664  with tone 128  worst SNR 9.1 dB | ch1   -0.17 (max dev 0.06)  ch2   +1.59 (max dev 0.13)  ch3   +2.53 (max dev 0.15)
[meter] 2.4000 GHz  windows 17662  with tone 9430  worst SNR 9.2 dB | ch1   +0.64 (max dev 0.06)  ch2   +0.79 (max dev 0.08)  ch3   +1.18 (max dev 0.08)
[meter] 5.2000 GHz  windows 17663  with tone 8109  worst SNR 8.6 dB | ch1   -1.94 (max dev 0.11)  ch2   -0.42 (max dev 0.43)  ch3   -0.02 (max dev 0.47)
[meter] 5.8000 GHz  windows 17665  with tone 128  worst SNR 9.1 dB | ch1   -0.17 (max dev 0.06)  ch2   +1.59 (max dev 0.13)  ch3   +2.53 (max dev 0.15)
[meter] 2.4000 GHz  windows 17745  with tone 9430  worst SNR 9.2 dB | ch1   +0.64 (max dev 0.06)  ch2   +0.79 (max dev 0.08)  ch3   +1.18 (max dev 0.08)
[meter] 5.2000 GHz  windows 17746  with tone 8192  worst SNR 8.6 dB | ch1   -1.88 (max dev 0.16)  ch2   -0.22 (max dev 0.40)  ch3   +0.20 (max dev 0.45)
[meter] 5.8000 GHz  windows 17748  with tone 128  worst SNR 9.1 dB | ch1   -0.17 (max dev 0.06)  ch2   +1.59 (max dev 0.13)  ch3   +2.53 (max dev 0.15)
[meter] 2.4000 GHz  windows 17745  with tone 9430  worst SNR 9.2 dB | ch1   +0.64 (max dev 0.06)  ch2   +0.79 (max dev 0.08)  ch3   +1.18 (max dev 0.08)
[meter] 5.2000 GHz  windows 17746  with tone 8192  worst SNR 8.6 dB | ch1   -1.88 (max dev 0.16)  ch2   -0.22 (max dev 0.40)  ch3   +0.20 (max dev 0.45)
[meter] 5.8000 GHz  windows 17748  with tone 128  worst SNR 9.1 dB | ch1   -0.17 (max dev 0.06)  ch2   +1.59 (max dev 0.13)  ch3   +2.53 (max dev 0.15)
[meter] 2.4000 GHz  windows 17746  with tone 9430  worst SNR 9.2 dB | ch1   +0.64 (max dev 0.06)  ch2   +0.79 (max dev 0.08)  ch3   +1.18 (max dev 0.08)
[meter] 5.2000 GHz  windows 17746  with tone 8192  worst SNR 8.6 dB | ch1   -1.88 (max dev 0.16)  ch2   -0.22 (max dev 0.40)  ch3   +0.20 (max dev 0.45)
[meter] 5.8000 GHz  windows 17748  with tone 128  worst SNR 9.1 dB | ch1   -0.17 (max dev 0.06)  ch2   +1.59 (max dev 0.13)  ch3   +2.53 (max dev 0.15)
[meter] 2.4000 GHz  windows 17829  with tone 9430  worst SNR 9.2 dB | ch1   +0.64 (max dev 0.06)  ch2   +0.79 (max dev 0.08)  ch3   +1.18 (max dev 0.08)
[meter] 5.2000 GHz  windows 17829  with tone 8275  worst SNR 8.6 dB | ch1   -1.83 (max dev 0.21)  ch2   -0.07 (max dev 0.19)  ch3   +0.38 (max dev 0.23)
[meter] 5.8000 GHz  windows 17831  with tone 128  worst SNR 9.1 dB | ch1   -0.17 (max dev 0.06)  ch2   +1.59 (max dev 0.13)  ch3   +2.53 (max dev 0.15)
[meter] 2.4000 GHz  windows 17829  with tone 9430  worst SNR 9.2 dB | ch1   +0.64 (max dev 0.06)  ch2   +0.79 (max dev 0.08)  ch3   +1.18 (max dev 0.08)
[meter] 5.2000 GHz  windows 17829  with tone 8275  worst SNR 8.6 dB | ch1   -1.83 (max dev 0.21)  ch2   -0.07 (max dev 0.19)  ch3   +0.38 (max dev 0.23)
[meter] 5.8000 GHz  windows 17831  with tone 128  worst SNR 9.1 dB | ch1   -0.17 (max dev 0.06)  ch2   +1.59 (max dev 0.13)  ch3   +2.53 (max dev 0.15)
[meter] 2.4000 GHz  windows 17829  with tone 9430  worst SNR 9.2 dB | ch1   +0.64 (max dev 0.06)  ch2   +0.79 (max dev 0.08)  ch3   +1.18 (max dev 0.08)
[meter] 5.2000 GHz  windows 17830  with tone 8276  worst SNR 8.6 dB | ch1   -1.83 (max dev 0.21)  ch2   -0.07 (max dev 0.19)  ch3   +0.38 (max dev 0.19)
[meter] 5.8000 GHz  windows 17831  with tone 128  worst SNR 9.1 dB | ch1   -0.17 (max dev 0.06)  ch2   +1.59 (max dev 0.13)  ch3   +2.53 (max dev 0.15)
[meter] 2.4000 GHz  windows 17912  with tone 9430  worst SNR 9.2 dB | ch1   +0.64 (max dev 0.06)  ch2   +0.79 (max dev 0.08)  ch3   +1.18 (max dev 0.08)
[meter] 5.2000 GHz  windows 17913  with tone 8359  worst SNR 8.6 dB | ch1   -1.81 (max dev 0.23)  ch2   +0.00 (max dev 0.23)  ch3   +0.46 (max dev 0.21)
[meter] 5.8000 GHz  windows 17914  with tone 128  worst SNR 9.1 dB | ch1   -0.17 (max dev 0.06)  ch2   +1.59 (max dev 0.13)  ch3   +2.53 (max dev 0.15)
[meter] 2.4000 GHz  windows 17912  with tone 9430  worst SNR 9.2 dB | ch1   +0.64 (max dev 0.06)  ch2   +0.79 (max dev 0.08)  ch3   +1.18 (max dev 0.08)
[meter] 5.2000 GHz  windows 17913  with tone 8359  worst SNR 8.6 dB | ch1   -1.81 (max dev 0.23)  ch2   +0.00 (max dev 0.23)  ch3   +0.46 (max dev 0.21)
[meter] 5.8000 GHz  windows 17914  with tone 128  worst SNR 9.1 dB | ch1   -0.17 (max dev 0.06)  ch2   +1.59 (max dev 0.13)  ch3   +2.53 (max dev 0.15)
[meter] 2.4000 GHz  windows 17912  with tone 9430  worst SNR 9.2 dB | ch1   +0.64 (max dev 0.06)  ch2   +0.79 (max dev 0.08)  ch3   +1.18 (max dev 0.08)
[meter] 5.2000 GHz  windows 17913  with tone 8359  worst SNR 8.6 dB | ch1   -1.81 (max dev 0.23)  ch2   +0.00 (max dev 0.23)  ch3   +0.46 (max dev 0.21)
[meter] 5.8000 GHz  windows 17915  with tone 128  worst SNR 9.1 dB | ch1   -0.17 (max dev 0.06)  ch2   +1.59 (max dev 0.13)  ch3   +2.53 (max dev 0.15)
[meter] 2.4000 GHz  windows 17995  with tone 9430  worst SNR 9.2 dB | ch1   +0.64 (max dev 0.06)  ch2   +0.79 (max dev 0.08)  ch3   +1.18 (max dev 0.08)
[meter] 5.2000 GHz  windows 17996  with tone 8442  worst SNR 8.6 dB | ch1   -1.80 (max dev 0.05)  ch2   +0.03 (max dev 0.08)  ch3   +0.50 (max dev 0.08)
[meter] 5.8000 GHz  windows 17998  with tone 128  worst SNR 9.1 dB | ch1   -0.17 (max dev 0.06)  ch2   +1.59 (max dev 0.13)  ch3   +2.53 (max dev 0.15)
[meter] 2.4000 GHz  windows 17996  with tone 9430  worst SNR 9.2 dB | ch1   +0.64 (max dev 0.06)  ch2   +0.79 (max dev 0.08)  ch3   +1.18 (max dev 0.08)
[meter] 5.2000 GHz  windows 17996  with tone 8442  worst SNR 8.6 dB | ch1   -1.80 (max dev 0.05)  ch2   +0.03 (max dev 0.08)  ch3   +0.50 (max dev 0.08)
[meter] 5.8000 GHz  windows 17998  with tone 128  worst SNR 9.1 dB | ch1   -0.17 (max dev 0.06)  ch2   +1.59 (max dev 0.13)  ch3   +2.53 (max dev 0.15)
[meter] 2.4000 GHz  windows 17996  with tone 9430  worst SNR 9.2 dB | ch1   +0.64 (max dev 0.06)  ch2   +0.79 (max dev 0.08)  ch3   +1.18 (max dev 0.08)
[meter] 5.2000 GHz  windows 17996  with tone 8442  worst SNR 8.6 dB | ch1   -1.80 (max dev 0.05)  ch2   +0.03 (max dev 0.08)  ch3   +0.50 (max dev 0.08)
[meter] 5.8000 GHz  windows 17998  with tone 128  worst SNR 9.1 dB | ch1   -0.17 (max dev 0.06)  ch2   +1.59 (max dev 0.13)  ch3   +2.53 (max dev 0.15)
[meter] 2.4000 GHz  windows 18079  with tone 9430  worst SNR 9.2 dB | ch1   +0.64 (max dev 0.06)  ch2   +0.79 (max dev 0.08)  ch3   +1.18 (max dev 0.08)
[meter] 5.2000 GHz  windows 18079  with tone 8525  worst SNR 8.6 dB | ch1   -1.80 (max dev 0.05)  ch2   +0.05 (max dev 0.06)  ch3   +0.53 (max dev 0.08)
[meter] 5.8000 GHz  windows 18081  with tone 128  worst SNR 9.1 dB | ch1   -0.17 (max dev 0.06)  ch2   +1.59 (max dev 0.13)  ch3   +2.53 (max dev 0.15)
[meter] 2.4000 GHz  windows 18079  with tone 9430  worst SNR 9.2 dB | ch1   +0.64 (max dev 0.06)  ch2   +0.79 (max dev 0.08)  ch3   +1.18 (max dev 0.08)
[meter] 5.2000 GHz  windows 18079  with tone 8525  worst SNR 8.6 dB | ch1   -1.80 (max dev 0.05)  ch2   +0.05 (max dev 0.06)  ch3   +0.53 (max dev 0.08)
[meter] 5.8000 GHz  windows 18081  with tone 128  worst SNR 9.1 dB | ch1   -0.17 (max dev 0.06)  ch2   +1.59 (max dev 0.13)  ch3   +2.53 (max dev 0.15)
[meter] 2.4000 GHz  windows 18079  with tone 9430  worst SNR 9.2 dB | ch1   +0.64 (max dev 0.06)  ch2   +0.79 (max dev 0.08)  ch3   +1.18 (max dev 0.08)
[meter] 5.2000 GHz  windows 18080  with tone 8526  worst SNR 8.6 dB | ch1   -1.80 (max dev 0.05)  ch2   +0.05 (max dev 0.06)  ch3   +0.53 (max dev 0.06)
[meter] 5.8000 GHz  windows 18081  with tone 128  worst SNR 9.1 dB | ch1   -0.17 (max dev 0.06)  ch2   +1.59 (max dev 0.13)  ch3   +2.53 (max dev 0.15)
[meter] 2.4000 GHz  windows 18162  with tone 9430  worst SNR 9.2 dB | ch1   +0.64 (max dev 0.06)  ch2   +0.79 (max dev 0.08)  ch3   +1.18 (max dev 0.08)
[meter] 5.2000 GHz  windows 18163  with tone 8609  worst SNR 8.6 dB | ch1   -1.79 (max dev 0.04)  ch2   +0.05 (max dev 0.06)  ch3   +0.55 (max dev 0.08)
[meter] 5.8000 GHz  windows 18164  with tone 128  worst SNR 9.1 dB | ch1   -0.17 (max dev 0.06)  ch2   +1.59 (max dev 0.13)  ch3   +2.53 (max dev 0.15)
[meter] 2.4000 GHz  windows 18162  with tone 9430  worst SNR 9.2 dB | ch1   +0.64 (max dev 0.06)  ch2   +0.79 (max dev 0.08)  ch3   +1.18 (max dev 0.08)
[meter] 5.2000 GHz  windows 18163  with tone 8609  worst SNR 8.6 dB | ch1   -1.79 (max dev 0.04)  ch2   +0.05 (max dev 0.06)  ch3   +0.55 (max dev 0.08)
[meter] 5.8000 GHz  windows 18164  with tone 128  worst SNR 9.1 dB | ch1   -0.17 (max dev 0.06)  ch2   +1.59 (max dev 0.13)  ch3   +2.53 (max dev 0.15)
[meter] 2.4000 GHz  windows 18162  with tone 9430  worst SNR 9.2 dB | ch1   +0.64 (max dev 0.06)  ch2   +0.79 (max dev 0.08)  ch3   +1.18 (max dev 0.08)
[meter] 5.2000 GHz  windows 18163  with tone 8609  worst SNR 8.6 dB | ch1   -1.79 (max dev 0.04)  ch2   +0.05 (max dev 0.06)  ch3   +0.55 (max dev 0.08)
[meter] 5.8000 GHz  windows 18165  with tone 128  worst SNR 9.1 dB | ch1   -0.17 (max dev 0.06)  ch2   +1.59 (max dev 0.13)  ch3   +2.53 (max dev 0.15)
[meter] 2.4000 GHz  windows 18246  with tone 9430  worst SNR 9.2 dB | ch1   +0.64 (max dev 0.06)  ch2   +0.79 (max dev 0.08)  ch3   +1.18 (max dev 0.08)
[meter] 2.4000 GHz  windows 18246  with tone 9430  worst SNR 9.2 dB | ch1   +0.64 (max dev 0.06)  ch2   +0.79 (max dev 0.08)  ch3   +1.18 (max dev 0.08)
[meter] 5.2000 GHz  windows 18246  with tone 8692  worst SNR 8.6 dB | ch1   -1.80 (max dev 0.04)  ch2   +0.05 (max dev 0.07)  ch3   +0.57 (max dev 0.08)
[meter] 5.2000 GHz  windows 18246  with tone 8692  worst SNR 8.6 dB | ch1   -1.80 (max dev 0.04)  ch2   +0.05 (max dev 0.07)  ch3   +0.57 (max dev 0.08)
[meter] 5.8000 GHz  windows 18248  with tone 128  worst SNR 9.1 dB | ch1   -0.17 (max dev 0.06)  ch2   +1.59 (max dev 0.13)  ch3   +2.53 (max dev 0.15)
[meter] 5.8000 GHz  windows 18248  with tone 128  worst SNR 9.1 dB | ch1   -0.17 (max dev 0.06)  ch2   +1.59 (max dev 0.13)  ch3   +2.53 (max dev 0.15)
[meter] 2.4000 GHz  windows 18246  with tone 9430  worst SNR 9.2 dB | ch1   +0.64 (max dev 0.06)  ch2   +0.79 (max dev 0.08)  ch3   +1.18 (max dev 0.08)
[meter] 5.2000 GHz  windows 18247  with tone 8693  worst SNR 8.6 dB | ch1   -1.80 (max dev 0.04)  ch2   +0.05 (max dev 0.07)  ch3   +0.57 (max dev 0.08)
[meter] 5.8000 GHz  windows 18248  with tone 128  worst SNR 9.1 dB | ch1   -0.17 (max dev 0.06)  ch2   +1.59 (max dev 0.13)  ch3   +2.53 (max dev 0.15)
[meter] 2.4000 GHz  windows 18329  with tone 9430  worst SNR 9.2 dB | ch1   +0.64 (max dev 0.06)  ch2   +0.79 (max dev 0.08)  ch3   +1.18 (max dev 0.08)[meter] 2.4000 GHz  windows 18329  with tone 9430  worst SNR 9.2 dB | ch1   +0.64 (max dev 0.06)  ch2   +0.79 (max dev 0.08)  ch3   +1.18 (max dev 0.08)

[meter] 5.2000 GHz  windows 18330  with tone 8776  worst SNR 8.6 dB | ch1   -1.80 (max dev 0.04)  ch2   +0.06 (max dev 0.08)  ch3   +0.60 (max dev 0.10)
[meter] 5.2000 GHz  windows 18330  with tone 8776  worst SNR 8.6 dB | ch1   -1.80 (max dev 0.04)  ch2   +0.06 (max dev 0.08)  ch3   +0.60 (max dev 0.10)
[meter] 5.8000 GHz  windows 18331  with tone 128  worst SNR 9.1 dB | ch1   -0.17 (max dev 0.06)  ch2   +1.59 (max dev 0.13)  ch3   +2.53 (max dev 0.15)
[meter] 5.8000 GHz  windows 18331  with tone 128  worst SNR 9.1 dB | ch1   -0.17 (max dev 0.06)  ch2   +1.59 (max dev 0.13)  ch3   +2.53 (max dev 0.15)
[meter] 2.4000 GHz  windows 18330  with tone 9430  worst SNR 9.2 dB | ch1   +0.64 (max dev 0.06)  ch2   +0.79 (max dev 0.08)  ch3   +1.18 (max dev 0.08)
[meter] 5.2000 GHz  windows 18330  with tone 8776  worst SNR 8.6 dB | ch1   -1.80 (max dev 0.04)  ch2   +0.06 (max dev 0.08)  ch3   +0.60 (max dev 0.10)
[meter] 5.8000 GHz  windows 18332  with tone 128  worst SNR 9.1 dB | ch1   -0.17 (max dev 0.06)  ch2   +1.59 (max dev 0.13)  ch3   +2.53 (max dev 0.15)
[meter] 2.4000 GHz  windows 18412  with tone 9430  worst SNR 9.2 dB | ch1   +0.64 (max dev 0.06)  ch2   +0.79 (max dev 0.08)  ch3   +1.18 (max dev 0.08)
[meter] 2.4000 GHz  windows 18412  with tone 9430  worst SNR 9.2 dB | ch1   +0.64 (max dev 0.06)  ch2   +0.79 (max dev 0.08)  ch3   +1.18 (max dev 0.08)
[meter] 5.2000 GHz  windows 18413  with tone 8859  worst SNR 8.6 dB | ch1   -1.81 (max dev 0.04)  ch2   +0.08 (max dev 0.07)  ch3   +0.64 (max dev 0.09)
[meter] 5.2000 GHz  windows 18413  with tone 8859  worst SNR 8.6 dB | ch1   -1.81 (max dev 0.04)  ch2   +0.08 (max dev 0.07)  ch3   +0.64 (max dev 0.09)
[meter] 5.8000 GHz  windows 18415  with tone 128  worst SNR 9.1 dB | ch1   -0.17 (max dev 0.06)  ch2   +1.59 (max dev 0.13)  ch3   +2.53 (max dev 0.15)
[meter] 5.8000 GHz  windows 18415  with tone 128  worst SNR 9.1 dB | ch1   -0.17 (max dev 0.06)  ch2   +1.59 (max dev 0.13)  ch3   +2.53 (max dev 0.15)
[meter] 2.4000 GHz  windows 18413  with tone 9430  worst SNR 9.2 dB | ch1   +0.64 (max dev 0.06)  ch2   +0.79 (max dev 0.08)  ch3   +1.18 (max dev 0.08)
[meter] 5.2000 GHz  windows 18414  with tone 8860  worst SNR 8.6 dB | ch1   -1.81 (max dev 0.04)  ch2   +0.08 (max dev 0.07)  ch3   +0.64 (max dev 0.09)
[meter] 5.8000 GHz  windows 18415  with tone 128  worst SNR 9.1 dB | ch1   -0.17 (max dev 0.06)  ch2   +1.59 (max dev 0.13)  ch3   +2.53 (max dev 0.15)
[meter] 2.4000 GHz  windows 18496  with tone 9430  worst SNR 9.2 dB | ch1   +0.64 (max dev 0.06)  ch2   +0.79 (max dev 0.08)  ch3   +1.18 (max dev 0.08)
[meter] 2.4000 GHz  windows 18496  with tone 9430  worst SNR 9.2 dB | ch1   +0.64 (max dev 0.06)  ch2   +0.79 (max dev 0.08)  ch3   +1.18 (max dev 0.08)
[meter] 5.2000 GHz  windows 18496  with tone 8942  worst SNR 8.6 dB | ch1   -1.81 (max dev 0.04)  ch2   +0.10 (max dev 0.09)  ch3   +0.68 (max dev 0.09)
[meter] 5.2000 GHz  windows 18496  with tone 8942  worst SNR 8.6 dB | ch1   -1.81 (max dev 0.04)  ch2   +0.10 (max dev 0.09)  ch3   +0.68 (max dev 0.09)
[meter] 5.8000 GHz  windows 18498  with tone 128  worst SNR 9.1 dB | ch1   -0.17 (max dev 0.06)  ch2   +1.59 (max dev 0.13)  ch3   +2.53 (max dev 0.15)
[meter] 5.8000 GHz  windows 18498  with tone 128  worst SNR 9.1 dB | ch1   -0.17 (max dev 0.06)  ch2   +1.59 (max dev 0.13)  ch3   +2.53 (max dev 0.15)
[meter] 2.4000 GHz  windows 18496  with tone 9430  worst SNR 9.2 dB | ch1   +0.64 (max dev 0.06)  ch2   +0.79 (max dev 0.08)  ch3   +1.18 (max dev 0.08)
[meter] 5.2000 GHz  windows 18497  with tone 8943  worst SNR 8.6 dB | ch1   -1.81 (max dev 0.04)  ch2   +0.10 (max dev 0.09)  ch3   +0.68 (max dev 0.09)
[meter] 5.8000 GHz  windows 18499  with tone 128  worst SNR 9.1 dB | ch1   -0.17 (max dev 0.06)  ch2   +1.59 (max dev 0.13)  ch3   +2.53 (max dev 0.15)
[meter] 2.4000 GHz  windows 18578  with tone 9430  worst SNR 9.2 dB | ch1   +0.64 (max dev 0.06)  ch2   +0.79 (max dev 0.08)  ch3   +1.18 (max dev 0.08)
[meter] 2.4000 GHz  windows 18578  with tone 9430  worst SNR 9.2 dB | ch1   +0.64 (max dev 0.06)  ch2   +0.79 (max dev 0.08)  ch3   +1.18 (max dev 0.08)
[meter] 5.2000 GHz  windows 18580  with tone 9026  worst SNR 8.6 dB | ch1   -1.80 (max dev 0.04)  ch2   +0.11 (max dev 0.07)  ch3   +0.70 (max dev 0.05)
[meter] 5.2000 GHz  windows 18580  with tone 9026  worst SNR 8.6 dB | ch1   -1.80 (max dev 0.04)  ch2   +0.11 (max dev 0.07)  ch3   +0.70 (max dev 0.05)
[meter] 5.8000 GHz  windows 18581  with tone 128  worst SNR 9.1 dB | ch1   -0.17 (max dev 0.06)  ch2   +1.59 (max dev 0.13)  ch3   +2.53 (max dev 0.15)
[meter] 5.8000 GHz  windows 18581  with tone 128  worst SNR 9.1 dB | ch1   -0.17 (max dev 0.06)  ch2   +1.59 (max dev 0.13)  ch3   +2.53 (max dev 0.15)
[meter] 2.4000 GHz  windows 18579  with tone 9430  worst SNR 9.2 dB | ch1   +0.64 (max dev 0.06)  ch2   +0.79 (max dev 0.08)  ch3   +1.18 (max dev 0.08)
[meter] 5.2000 GHz  windows 18581  with tone 9027  worst SNR 8.6 dB | ch1   -1.80 (max dev 0.04)  ch2   +0.11 (max dev 0.07)  ch3   +0.70 (max dev 0.05)
[meter] 5.8000 GHz  windows 18582  with tone 128  worst SNR 9.1 dB | ch1   -0.17 (max dev 0.06)  ch2   +1.59 (max dev 0.13)  ch3   +2.53 (max dev 0.15)
[meter] 2.4000 GHz  windows 18661  with tone 9430  worst SNR 9.2 dB | ch1   +0.64 (max dev 0.06)  ch2   +0.79 (max dev 0.08)  ch3   +1.18 (max dev 0.08)
[meter] 2.4000 GHz  windows 18661  with tone 9430  worst SNR 9.2 dB | ch1   +0.64 (max dev 0.06)  ch2   +0.79 (max dev 0.08)  ch3   +1.18 (max dev 0.08)
[meter] 5.2000 GHz  windows 18663  with tone 9109  worst SNR 8.6 dB | ch1   -1.81 (max dev 0.11)  ch2   +0.10 (max dev 0.12)  ch3   +0.69 (max dev 0.10)
[meter] 5.2000 GHz  windows 18663  with tone 9109  worst SNR 8.6 dB | ch1   -1.81 (max dev 0.11)  ch2   +0.10 (max dev 0.12)  ch3   +0.69 (max dev 0.10)
[meter] 5.8000 GHz  windows 18665  with tone 128  worst SNR 9.1 dB | ch1   -0.17 (max dev 0.06)  ch2   +1.59 (max dev 0.13)  ch3   +2.53 (max dev 0.15)
[meter] 5.8000 GHz  windows 18665  with tone 128  worst SNR 9.1 dB | ch1   -0.17 (max dev 0.06)  ch2   +1.59 (max dev 0.13)  ch3   +2.53 (max dev 0.15)
[meter] 2.4000 GHz  windows 18662  with tone 9430  worst SNR 9.2 dB | ch1   +0.64 (max dev 0.06)  ch2   +0.79 (max dev 0.08)  ch3   +1.18 (max dev 0.08)
[meter] 5.2000 GHz  windows 18664  with tone 9110  worst SNR 8.6 dB | ch1   -1.81 (max dev 0.11)  ch2   +0.10 (max dev 0.12)  ch3   +0.69 (max dev 0.10)
[meter] 5.8000 GHz  windows 18665  with tone 128  worst SNR 9.1 dB | ch1   -0.17 (max dev 0.06)  ch2   +1.59 (max dev 0.13)  ch3   +2.53 (max dev 0.15)
[meter] 2.4000 GHz  windows 18745  with tone 9430  worst SNR 9.2 dB | ch1   +0.64 (max dev 0.06)  ch2   +0.79 (max dev 0.08)  ch3   +1.18 (max dev 0.08)
[meter] 2.4000 GHz  windows 18745  with tone 9430  worst SNR 9.2 dB | ch1   +0.64 (max dev 0.06)  ch2   +0.79 (max dev 0.08)  ch3   +1.18 (max dev 0.08)
[meter] 5.2000 GHz  windows 18746  with tone 9192  worst SNR 8.6 dB | ch1   -1.82 (max dev 0.09)  ch2   +0.10 (max dev 0.11)  ch3   +0.68 (max dev 0.09)
[meter] 5.8000 GHz  windows 18748  with tone 128  worst SNR 9.1 dB | ch1   -0.17 (max dev 0.06)  ch2   +1.59 (max dev 0.13)  ch3   +2.53 (max dev 0.15)
[meter] 5.2000 GHz  windows 18746  with tone 9192  worst SNR 8.6 dB | ch1   -1.82 (max dev 0.09)  ch2   +0.10 (max dev 0.11)  ch3   +0.68 (max dev 0.09)
[meter] 5.8000 GHz  windows 18748  with tone 128  worst SNR 9.1 dB | ch1   -0.17 (max dev 0.06)  ch2   +1.59 (max dev 0.13)  ch3   +2.53 (max dev 0.15)
[meter] 2.4000 GHz  windows 18746  with tone 9430  worst SNR 9.2 dB | ch1   +0.64 (max dev 0.06)  ch2   +0.79 (max dev 0.08)  ch3   +1.18 (max dev 0.08)
[meter] 5.2000 GHz  windows 18746  with tone 9192  worst SNR 8.6 dB | ch1   -1.82 (max dev 0.09)  ch2   +0.10 (max dev 0.11)  ch3   +0.68 (max dev 0.09)
[meter] 5.8000 GHz  windows 18749  with tone 128  worst SNR 9.1 dB | ch1   -0.17 (max dev 0.06)  ch2   +1.59 (max dev 0.13)  ch3   +2.53 (max dev 0.15)
[meter] 2.4000 GHz  windows 18828  with tone 9430  worst SNR 9.2 dB | ch1   +0.64 (max dev 0.06)  ch2   +0.79 (max dev 0.08)  ch3   +1.18 (max dev 0.08)
[meter] 2.4000 GHz  windows 18828  with tone 9430  worst SNR 9.2 dB | ch1   +0.64 (max dev 0.06)  ch2   +0.79 (max dev 0.08)  ch3   +1.18 (max dev 0.08)
[meter] 5.2000 GHz  windows 18829  with tone 9275  worst SNR 8.6 dB | ch1   -1.83 (max dev 0.08)  ch2   +0.11 (max dev 0.13)  ch3   +0.70 (max dev 0.11)
[meter] 5.2000 GHz  windows 18829  with tone 9275  worst SNR 8.6 dB | ch1   -1.83 (max dev 0.08)  ch2   +0.11 (max dev 0.13)  ch3   +0.70 (max dev 0.11)
[meter] 5.8000 GHz  windows 18832  with tone 128  worst SNR 9.1 dB | ch1   -0.17 (max dev 0.06)  ch2   +1.59 (max dev 0.13)  ch3   +2.53 (max dev 0.15)
[meter] 5.8000 GHz  windows 18832  with tone 128  worst SNR 9.1 dB | ch1   -0.17 (max dev 0.06)  ch2   +1.59 (max dev 0.13)  ch3   +2.53 (max dev 0.15)
[meter] 2.4000 GHz  windows 18829  with tone 9430  worst SNR 9.2 dB | ch1   +0.64 (max dev 0.06)  ch2   +0.79 (max dev 0.08)  ch3   +1.18 (max dev 0.08)
[meter] 5.2000 GHz  windows 18830  with tone 9276  worst SNR 8.6 dB | ch1   -1.83 (max dev 0.08)  ch2   +0.11 (max dev 0.13)  ch3   +0.70 (max dev 0.11)
[meter] 5.8000 GHz  windows 18832  with tone 128  worst SNR 9.1 dB | ch1   -0.17 (max dev 0.06)  ch2   +1.59 (max dev 0.13)  ch3   +2.53 (max dev 0.15)
[meter] 2.4000 GHz  windows 18912  with tone 9430  worst SNR 9.2 dB | ch1   +0.64 (max dev 0.06)  ch2   +0.79 (max dev 0.08)  ch3   +1.18 (max dev 0.08)
[meter] 2.4000 GHz  windows 18912  with tone 9430  worst SNR 9.2 dB | ch1   +0.64 (max dev 0.06)  ch2   +0.79 (max dev 0.08)  ch3   +1.18 (max dev 0.08)
[meter] 5.2000 GHz  windows 18913  with tone 9359  worst SNR 8.6 dB | ch1   -1.82 (max dev 0.05)  ch2   +0.16 (max dev 0.09)  ch3   +0.76 (max dev 0.10)
[meter] 5.8000 GHz  windows 18915  with tone 128  worst SNR 9.1 dB | ch1   -0.17 (max dev 0.06)  ch2   +1.59 (max dev 0.13)  ch3   +2.53 (max dev 0.15)
[meter] 5.2000 GHz  windows 18913  with tone 9359  worst SNR 8.6 dB | ch1   -1.82 (max dev 0.05)  ch2   +0.16 (max dev 0.09)  ch3   +0.76 (max dev 0.10)
[meter] 5.8000 GHz  windows 18915  with tone 128  worst SNR 9.1 dB | ch1   -0.17 (max dev 0.06)  ch2   +1.59 (max dev 0.13)  ch3   +2.53 (max dev 0.15)
[meter] 2.4000 GHz  windows 18912  with tone 9430  worst SNR 9.2 dB | ch1   +0.64 (max dev 0.06)  ch2   +0.79 (max dev 0.08)  ch3   +1.18 (max dev 0.08)
[meter] 5.2000 GHz  windows 18913  with tone 9359  worst SNR 8.6 dB | ch1   -1.82 (max dev 0.05)  ch2   +0.16 (max dev 0.09)  ch3   +0.76 (max dev 0.10)
[meter] 5.8000 GHz  windows 18916  with tone 128  worst SNR 9.1 dB | ch1   -0.17 (max dev 0.06)  ch2   +1.59 (max dev 0.13)  ch3   +2.53 (max dev 0.15)
[meter] 2.4000 GHz  windows 18995  with tone 9430  worst SNR 9.2 dB | ch1   +0.64 (max dev 0.06)  ch2   +0.79 (max dev 0.08)  ch3   +1.18 (max dev 0.08)
[meter] 5.2000 GHz  windows 18996  with tone 9442  worst SNR 8.6 dB | ch1   -1.81 (max dev 0.04)  ch2   +0.20 (max dev 0.07)  ch3   +0.79 (max dev 0.07)
[meter] 5.8000 GHz  windows 18999  with tone 128  worst SNR 9.1 dB | ch1   -0.17 (max dev 0.06)  ch2   +1.59 (max dev 0.13)  ch3   +2.53 (max dev 0.15)
[meter] 2.4000 GHz  windows 18995  with tone 9430  worst SNR 9.2 dB | ch1   +0.64 (max dev 0.06)  ch2   +0.79 (max dev 0.08)  ch3   +1.18 (max dev 0.08)
[meter] 5.2000 GHz  windows 18996  with tone 9442  worst SNR 8.6 dB | ch1   -1.81 (max dev 0.04)  ch2   +0.20 (max dev 0.07)  ch3   +0.79 (max dev 0.07)
[meter] 5.8000 GHz  windows 18999  with tone 128  worst SNR 9.1 dB | ch1   -0.17 (max dev 0.06)  ch2   +1.59 (max dev 0.13)  ch3   +2.53 (max dev 0.15)
[meter] 2.4000 GHz  windows 18996  with tone 9430  worst SNR 9.2 dB | ch1   +0.64 (max dev 0.06)  ch2   +0.79 (max dev 0.08)  ch3   +1.18 (max dev 0.08)
[meter] 5.2000 GHz  windows 18996  with tone 9442  worst SNR 8.6 dB | ch1   -1.81 (max dev 0.04)  ch2   +0.20 (max dev 0.07)  ch3   +0.79 (max dev 0.07)
[meter] 5.8000 GHz  windows 18999  with tone 128  worst SNR 9.1 dB | ch1   -0.17 (max dev 0.06)  ch2   +1.59 (max dev 0.13)  ch3   +2.53 (max dev 0.15)
[meter] 2.4000 GHz  windows 19078  with tone 9430  worst SNR 9.2 dB | ch1   +0.64 (max dev 0.06)  ch2   +0.79 (max dev 0.08)  ch3   +1.18 (max dev 0.08)[meter] 2.4000 GHz  windows 19078  with tone 9430  worst SNR 9.2 dB | ch1   +0.64 (max dev 0.06)  ch2   +0.79 (max dev 0.08)  ch3   +1.18 (max dev 0.08)

[meter] 5.2000 GHz  windows 19079  with tone 9525  worst SNR 8.6 dB | ch1   -1.81 (max dev 0.04)  ch2   +0.21 (max dev 0.06)  ch3   +0.81 (max dev 0.06)
[meter] 5.2000 GHz  windows 19079  with tone 9525  worst SNR 8.6 dB | ch1   -1.81 (max dev 0.04)  ch2   +0.21 (max dev 0.06)  ch3   +0.81 (max dev 0.06)[meter] 5.8000 GHz  windows 19082  with tone 128  worst SNR 9.1 dB | ch1   -0.17 (max dev 0.06)  ch2   +1.59 (max dev 0.13)  ch3   +2.53 (max dev 0.15)

[meter] 5.8000 GHz  windows 19082  with tone 128  worst SNR 9.1 dB | ch1   -0.17 (max dev 0.06)  ch2   +1.59 (max dev 0.13)  ch3   +2.53 (max dev 0.15)
[meter] 2.4000 GHz  windows 19079  with tone 9430  worst SNR 9.2 dB | ch1   +0.64 (max dev 0.06)  ch2   +0.79 (max dev 0.08)  ch3   +1.18 (max dev 0.08)
[meter] 5.2000 GHz  windows 19080  with tone 9526  worst SNR 8.6 dB | ch1   -1.81 (max dev 0.04)  ch2   +0.21 (max dev 0.06)  ch3   +0.81 (max dev 0.06)
[meter] 5.8000 GHz  windows 19083  with tone 128  worst SNR 9.1 dB | ch1   -0.17 (max dev 0.06)  ch2   +1.59 (max dev 0.13)  ch3   +2.53 (max dev 0.15)
[meter] 2.4000 GHz  windows 19162  with tone 9430  worst SNR 9.2 dB | ch1   +0.64 (max dev 0.06)  ch2   +0.79 (max dev 0.08)  ch3   +1.18 (max dev 0.08)
[meter] 5.2000 GHz  windows 19162  with tone 9608  worst SNR 8.6 dB | ch1   -1.81 (max dev 0.04)  ch2   +0.23 (max dev 0.06)  ch3   +0.82 (max dev 0.07)
[meter] 2.4000 GHz  windows 19162  with tone 9430  worst SNR 9.2 dB | ch1   +0.64 (max dev 0.06)  ch2   +0.79 (max dev 0.08)  ch3   +1.18 (max dev 0.08)
[meter] 5.8000 GHz  windows 19165  with tone 128  worst SNR 9.1 dB | ch1   -0.17 (max dev 0.06)  ch2   +1.59 (max dev 0.13)  ch3   +2.53 (max dev 0.15)
[meter] 5.2000 GHz  windows 19163  with tone 9609  worst SNR 8.6 dB | ch1   -1.81 (max dev 0.04)  ch2   +0.23 (max dev 0.06)  ch3   +0.82 (max dev 0.07)
[meter] 5.8000 GHz  windows 19165  with tone 128  worst SNR 9.1 dB | ch1   -0.17 (max dev 0.06)  ch2   +1.59 (max dev 0.13)  ch3   +2.53 (max dev 0.15)
[meter] 2.4000 GHz  windows 19163  with tone 9430  worst SNR 9.2 dB | ch1   +0.64 (max dev 0.06)  ch2   +0.79 (max dev 0.08)  ch3   +1.18 (max dev 0.08)
[meter] 5.2000 GHz  windows 19163  with tone 9609  worst SNR 8.6 dB | ch1   -1.81 (max dev 0.04)  ch2   +0.23 (max dev 0.06)  ch3   +0.82 (max dev 0.07)
[meter] 5.8000 GHz  windows 19166  with tone 128  worst SNR 9.1 dB | ch1   -0.17 (max dev 0.06)  ch2   +1.59 (max dev 0.13)  ch3   +2.53 (max dev 0.15)
[meter] 2.4000 GHz  windows 19245  with tone 9430  worst SNR 9.2 dB | ch1   +0.64 (max dev 0.06)  ch2   +0.79 (max dev 0.08)  ch3   +1.18 (max dev 0.08)
[meter] 5.2000 GHz  windows 19246  with tone 9692  worst SNR 8.6 dB | ch1   -1.81 (max dev 0.05)  ch2   +0.24 (max dev 0.05)  ch3   +0.83 (max dev 0.06)
[meter] 5.8000 GHz  windows 19249  with tone 128  worst SNR 9.1 dB | ch1   -0.17 (max dev 0.06)  ch2   +1.59 (max dev 0.13)  ch3   +2.53 (max dev 0.15)
[meter] 2.4000 GHz  windows 19246  with tone 9430  worst SNR 9.2 dB | ch1   +0.64 (max dev 0.06)  ch2   +0.79 (max dev 0.08)  ch3   +1.18 (max dev 0.08)
[meter] 5.2000 GHz  windows 19246  with tone 9692  worst SNR 8.6 dB | ch1   -1.81 (max dev 0.05)  ch2   +0.24 (max dev 0.05)  ch3   +0.83 (max dev 0.06)
[meter] 5.8000 GHz  windows 19249  with tone 128  worst SNR 9.1 dB | ch1   -0.17 (max dev 0.06)  ch2   +1.59 (max dev 0.13)  ch3   +2.53 (max dev 0.15)
[meter] 2.4000 GHz  windows 19246  with tone 9430  worst SNR 9.2 dB | ch1   +0.64 (max dev 0.06)  ch2   +0.79 (max dev 0.08)  ch3   +1.18 (max dev 0.08)
[meter] 5.2000 GHz  windows 19247  with tone 9693  worst SNR 8.6 dB | ch1   -1.81 (max dev 0.05)  ch2   +0.24 (max dev 0.05)  ch3   +0.83 (max dev 0.06)
[meter] 5.8000 GHz  windows 19249  with tone 128  worst SNR 9.1 dB | ch1   -0.17 (max dev 0.06)  ch2   +1.59 (max dev 0.13)  ch3   +2.53 (max dev 0.15)
[meter] 2.4000 GHz  windows 19329  with tone 9430  worst SNR 9.2 dB | ch1   +0.64 (max dev 0.06)  ch2   +0.79 (max dev 0.08)  ch3   +1.18 (max dev 0.08)
[meter] 5.2000 GHz  windows 19329  with tone 9775  worst SNR 8.6 dB | ch1   -1.83 (max dev 0.06)  ch2   +0.24 (max dev 0.06)  ch3   +0.82 (max dev 0.05)
[meter] 5.8000 GHz  windows 19332  with tone 128  worst SNR 9.1 dB | ch1   -0.17 (max dev 0.06)  ch2   +1.59 (max dev 0.13)  ch3   +2.53 (max dev 0.15)
[meter] 2.4000 GHz  windows 19329  with tone 9430  worst SNR 9.2 dB | ch1   +0.64 (max dev 0.06)  ch2   +0.79 (max dev 0.08)  ch3   +1.18 (max dev 0.08)
[meter] 5.2000 GHz  windows 19330  with tone 9776  worst SNR 8.6 dB | ch1   -1.83 (max dev 0.05)  ch2   +0.24 (max dev 0.06)  ch3   +0.82 (max dev 0.05)
[meter] 5.8000 GHz  windows 19332  with tone 128  worst SNR 9.1 dB | ch1   -0.17 (max dev 0.06)  ch2   +1.59 (max dev 0.13)  ch3   +2.53 (max dev 0.15)
[meter] 2.4000 GHz  windows 19329  with tone 9430  worst SNR 9.2 dB | ch1   +0.64 (max dev 0.06)  ch2   +0.79 (max dev 0.08)  ch3   +1.18 (max dev 0.08)
[meter] 5.2000 GHz  windows 19330  with tone 9776  worst SNR 8.6 dB | ch1   -1.83 (max dev 0.05)  ch2   +0.24 (max dev 0.06)  ch3   +0.82 (max dev 0.05)
[meter] 5.8000 GHz  windows 19333  with tone 128  worst SNR 9.1 dB | ch1   -0.17 (max dev 0.06)  ch2   +1.59 (max dev 0.13)  ch3   +2.53 (max dev 0.15)
[meter] 2.4000 GHz  windows 19412  with tone 9430  worst SNR 9.2 dB | ch1   +0.64 (max dev 0.06)  ch2   +0.79 (max dev 0.08)  ch3   +1.18 (max dev 0.08)
[meter] 5.2000 GHz  windows 19413  with tone 9859  worst SNR 8.6 dB | ch1   -1.83 (max dev 0.05)  ch2   +0.27 (max dev 0.07)  ch3   +0.85 (max dev 0.08)
[meter] 5.8000 GHz  windows 19415  with tone 128  worst SNR 9.1 dB | ch1   -0.17 (max dev 0.06)  ch2   +1.59 (max dev 0.13)  ch3   +2.53 (max dev 0.15)
[meter] 2.4000 GHz  windows 19413  with tone 9430  worst SNR 9.2 dB | ch1   +0.64 (max dev 0.06)  ch2   +0.79 (max dev 0.08)  ch3   +1.18 (max dev 0.08)
[meter] 5.2000 GHz  windows 19413  with tone 9859  worst SNR 8.6 dB | ch1   -1.83 (max dev 0.05)  ch2   +0.27 (max dev 0.07)  ch3   +0.85 (max dev 0.08)
[meter] 5.8000 GHz  windows 19416  with tone 128  worst SNR 9.1 dB | ch1   -0.17 (max dev 0.06)  ch2   +1.59 (max dev 0.13)  ch3   +2.53 (max dev 0.15)
[meter] 2.4000 GHz  windows 19413  with tone 9430  worst SNR 9.2 dB | ch1   +0.64 (max dev 0.06)  ch2   +0.79 (max dev 0.08)  ch3   +1.18 (max dev 0.08)
[meter] 5.2000 GHz  windows 19413  with tone 9859  worst SNR 8.6 dB | ch1   -1.83 (max dev 0.05)  ch2   +0.27 (max dev 0.07)  ch3   +0.85 (max dev 0.08)
[meter] 5.8000 GHz  windows 19416  with tone 128  worst SNR 9.1 dB | ch1   -0.17 (max dev 0.06)  ch2   +1.59 (max dev 0.13)  ch3   +2.53 (max dev 0.15)
[meter] 2.4000 GHz  windows 19496  with tone 9430  worst SNR 9.2 dB | ch1   +0.64 (max dev 0.06)  ch2   +0.79 (max dev 0.08)  ch3   +1.18 (max dev 0.08)
[meter] 5.2000 GHz  windows 19495  with tone 9941  worst SNR 8.6 dB | ch1   -1.83 (max dev 0.05)  ch2   +0.30 (max dev 0.06)  ch3   +0.90 (max dev 0.09)
[meter] 5.8000 GHz  windows 19499  with tone 128  worst SNR 9.1 dB | ch1   -0.17 (max dev 0.06)  ch2   +1.59 (max dev 0.13)  ch3   +2.53 (max dev 0.15)
[meter] 2.4000 GHz  windows 19496  with tone 9430  worst SNR 9.2 dB | ch1   +0.64 (max dev 0.06)  ch2   +0.79 (max dev 0.08)  ch3   +1.18 (max dev 0.08)
[meter] 5.2000 GHz  windows 19496  with tone 9942  worst SNR 8.6 dB | ch1   -1.83 (max dev 0.05)  ch2   +0.30 (max dev 0.06)  ch3   +0.90 (max dev 0.09)
[meter] 5.8000 GHz  windows 19499  with tone 128  worst SNR 9.1 dB | ch1   -0.17 (max dev 0.06)  ch2   +1.59 (max dev 0.13)  ch3   +2.53 (max dev 0.15)
[meter] 2.4000 GHz  windows 19496  with tone 9430  worst SNR 9.2 dB | ch1   +0.64 (max dev 0.06)  ch2   +0.79 (max dev 0.08)  ch3   +1.18 (max dev 0.08)
[meter] 5.2000 GHz  windows 19496  with tone 9942  worst SNR 8.6 dB | ch1   -1.83 (max dev 0.05)  ch2   +0.30 (max dev 0.06)  ch3   +0.90 (max dev 0.09)
[meter] 5.8000 GHz  windows 19500  with tone 128  worst SNR 9.1 dB | ch1   -0.17 (max dev 0.06)  ch2   +1.59 (max dev 0.13)  ch3   +2.53 (max dev 0.15)
[meter] 2.4000 GHz  windows 19579  with tone 9430  worst SNR 9.2 dB | ch1   +0.64 (max dev 0.06)  ch2   +0.79 (max dev 0.08)  ch3   +1.18 (max dev 0.08)
[meter] 5.2000 GHz  windows 19579  with tone 10025  worst SNR 8.6 dB | ch1   -1.83 (max dev 0.05)  ch2   +0.33 (max dev 0.05)  ch3   +0.92 (max dev 0.06)
[meter] 5.8000 GHz  windows 19582  with tone 128  worst SNR 9.1 dB | ch1   -0.17 (max dev 0.06)  ch2   +1.59 (max dev 0.13)  ch3   +2.53 (max dev 0.15)
[meter] 2.4000 GHz  windows 19579  with tone 9430  worst SNR 9.2 dB | ch1   +0.64 (max dev 0.06)  ch2   +0.79 (max dev 0.08)  ch3   +1.18 (max dev 0.08)
[meter] 5.2000 GHz  windows 19579  with tone 10025  worst SNR 8.6 dB | ch1   -1.83 (max dev 0.05)  ch2   +0.33 (max dev 0.05)  ch3   +0.92 (max dev 0.06)
[meter] 5.8000 GHz  windows 19583  with tone 128  worst SNR 9.1 dB | ch1   -0.17 (max dev 0.06)  ch2   +1.59 (max dev 0.13)  ch3   +2.53 (max dev 0.15)
[meter] 2.4000 GHz  windows 19580  with tone 9430  worst SNR 9.2 dB | ch1   +0.64 (max dev 0.06)  ch2   +0.79 (max dev 0.08)  ch3   +1.18 (max dev 0.08)
[meter] 5.2000 GHz  windows 19579  with tone 10025  worst SNR 8.6 dB | ch1   -1.83 (max dev 0.05)  ch2   +0.33 (max dev 0.05)  ch3   +0.92 (max dev 0.06)
[meter] 5.8000 GHz  windows 19583  with tone 128  worst SNR 9.1 dB | ch1   -0.17 (max dev 0.06)  ch2   +1.59 (max dev 0.13)  ch3   +2.53 (max dev 0.15)
[meter] 2.4000 GHz  windows 19662  with tone 9430  worst SNR 9.2 dB | ch1   +0.64 (max dev 0.06)  ch2   +0.79 (max dev 0.08)  ch3   +1.18 (max dev 0.08)
[meter] 5.2000 GHz  windows 19662  with tone 10108  worst SNR 8.6 dB | ch1   -1.83 (max dev 0.04)  ch2   +0.34 (max dev 0.05)  ch3   +0.94 (max dev 0.06)
[meter] 5.8000 GHz  windows 19666  with tone 128  worst SNR 9.1 dB | ch1   -0.17 (max dev 0.06)  ch2   +1.59 (max dev 0.13)  ch3   +2.53 (max dev 0.15)
[meter] 2.4000 GHz  windows 19663  with tone 9430  worst SNR 9.2 dB | ch1   +0.64 (max dev 0.06)  ch2   +0.79 (max dev 0.08)  ch3   +1.18 (max dev 0.08)
[meter] 5.2000 GHz  windows 19663  with tone 10109  worst SNR 8.6 dB | ch1   -1.83 (max dev 0.04)  ch2   +0.34 (max dev 0.05)  ch3   +0.94 (max dev 0.06)
[meter] 5.8000 GHz  windows 19666  with tone 128  worst SNR 9.1 dB | ch1   -0.17 (max dev 0.06)  ch2   +1.59 (max dev 0.13)  ch3   +2.53 (max dev 0.15)
[meter] 2.4000 GHz  windows 19663  with tone 9430  worst SNR 9.2 dB | ch1   +0.64 (max dev 0.06)  ch2   +0.79 (max dev 0.08)  ch3   +1.18 (max dev 0.08)
[meter] 5.2000 GHz  windows 19663  with tone 10109  worst SNR 8.6 dB | ch1   -1.83 (max dev 0.04)  ch2   +0.34 (max dev 0.05)  ch3   +0.94 (max dev 0.06)
[meter] 5.8000 GHz  windows 19667  with tone 128  worst SNR 9.1 dB | ch1   -0.17 (max dev 0.06)  ch2   +1.59 (max dev 0.13)  ch3   +2.53 (max dev 0.15)
[meter] 2.4000 GHz  windows 19746  with tone 9430  worst SNR 9.2 dB | ch1   +0.64 (max dev 0.06)  ch2   +0.79 (max dev 0.08)  ch3   +1.18 (max dev 0.08)
[meter] 5.2000 GHz  windows 19746  with tone 10192  worst SNR 8.6 dB | ch1   -1.83 (max dev 0.03)  ch2   +0.35 (max dev 0.05)  ch3   +0.95 (max dev 0.06)
[meter] 5.8000 GHz  windows 19749  with tone 128  worst SNR 9.1 dB | ch1   -0.17 (max dev 0.06)  ch2   +1.59 (max dev 0.13)  ch3   +2.53 (max dev 0.15)
[meter] 2.4000 GHz  windows 19746  with tone 9430  worst SNR 9.2 dB | ch1   +0.64 (max dev 0.06)  ch2   +0.79 (max dev 0.08)  ch3   +1.18 (max dev 0.08)
[meter] 5.2000 GHz  windows 19746  with tone 10192  worst SNR 8.6 dB | ch1   -1.83 (max dev 0.03)  ch2   +0.35 (max dev 0.05)  ch3   +0.95 (max dev 0.06)
[meter] 5.8000 GHz  windows 19750  with tone 128  worst SNR 9.1 dB | ch1   -0.17 (max dev 0.06)  ch2   +1.59 (max dev 0.13)  ch3   +2.53 (max dev 0.15)
[meter] 2.4000 GHz  windows 19747  with tone 9430  worst SNR 9.2 dB | ch1   +0.64 (max dev 0.06)  ch2   +0.79 (max dev 0.08)  ch3   +1.18 (max dev 0.08)
[meter] 5.2000 GHz  windows 19746  with tone 10192  worst SNR 8.6 dB | ch1   -1.83 (max dev 0.03)  ch2   +0.35 (max dev 0.05)  ch3   +0.95 (max dev 0.06)
[meter] 5.8000 GHz  windows 19750  with tone 128  worst SNR 9.1 dB | ch1   -0.17 (max dev 0.06)  ch2   +1.59 (max dev 0.13)  ch3   +2.53 (max dev 0.15)
[meter] 2.4000 GHz  windows 19829  with tone 9430  worst SNR 9.2 dB | ch1   +0.64 (max dev 0.06)  ch2   +0.79 (max dev 0.08)  ch3   +1.18 (max dev 0.08)
[meter] 5.2000 GHz  windows 19829  with tone 10275  worst SNR 8.6 dB | ch1   -1.84 (max dev 0.03)  ch2   +0.33 (max dev 0.17)  ch3   +0.93 (max dev 0.17)
[meter] 5.8000 GHz  windows 19833  with tone 128  worst SNR 9.1 dB | ch1   -0.17 (max dev 0.06)  ch2   +1.59 (max dev 0.13)  ch3   +2.53 (max dev 0.15)
[meter] 2.4000 GHz  windows 19829  with tone 9430  worst SNR 9.2 dB | ch1   +0.64 (max dev 0.06)  ch2   +0.79 (max dev 0.08)  ch3   +1.18 (max dev 0.08)
[meter] 5.2000 GHz  windows 19829  with tone 10275  worst SNR 8.6 dB | ch1   -1.84 (max dev 0.03)  ch2   +0.33 (max dev 0.17)  ch3   +0.93 (max dev 0.17)
[meter] 5.8000 GHz  windows 19833  with tone 128  worst SNR 9.1 dB | ch1   -0.17 (max dev 0.06)  ch2   +1.59 (max dev 0.13)  ch3   +2.53 (max dev 0.15)
[meter] 2.4000 GHz  windows 19830  with tone 9430  worst SNR 9.2 dB | ch1   +0.64 (max dev 0.06)  ch2   +0.79 (max dev 0.08)  ch3   +1.18 (max dev 0.08)
[meter] 5.2000 GHz  windows 19829  with tone 10275  worst SNR 8.6 dB | ch1   -1.84 (max dev 0.03)  ch2   +0.33 (max dev 0.17)  ch3   +0.93 (max dev 0.17)
[meter] 5.8000 GHz  windows 19833  with tone 128  worst SNR 9.1 dB | ch1   -0.17 (max dev 0.06)  ch2   +1.59 (max dev 0.13)  ch3   +2.53 (max dev 0.15)
[meter] 2.4000 GHz  windows 19913  with tone 9430  worst SNR 9.2 dB | ch1   +0.64 (max dev 0.06)  ch2   +0.79 (max dev 0.08)  ch3   +1.18 (max dev 0.08)
[meter] 2.4000 GHz  windows 19913  with tone 9430  worst SNR 9.2 dB | ch1   +0.64 (max dev 0.06)  ch2   +0.79 (max dev 0.08)  ch3   +1.18 (max dev 0.08)
[meter] 5.2000 GHz  windows 19912  with tone 10358  worst SNR 8.6 dB | ch1   -1.85 (max dev 0.05)  ch2   +0.20 (max dev 0.22)  ch3   +0.81 (max dev 0.24)
[meter] 5.8000 GHz  windows 19916  with tone 128  worst SNR 9.1 dB | ch1   -0.17 (max dev 0.06)  ch2   +1.59 (max dev 0.13)  ch3   +2.53 (max dev 0.15)
[meter] 5.2000 GHz  windows 19912  with tone 10358  worst SNR 8.6 dB | ch1   -1.85 (max dev 0.05)  ch2   +0.20 (max dev 0.22)  ch3   +0.81 (max dev 0.24)
[meter] 5.8000 GHz  windows 19916  with tone 128  worst SNR 9.1 dB | ch1   -0.17 (max dev 0.06)  ch2   +1.59 (max dev 0.13)  ch3   +2.53 (max dev 0.15)
[meter] 2.4000 GHz  windows 19913  with tone 9430  worst SNR 9.2 dB | ch1   +0.64 (max dev 0.06)  ch2   +0.79 (max dev 0.08)  ch3   +1.18 (max dev 0.08)
[meter] 5.2000 GHz  windows 19913  with tone 10359  worst SNR 8.6 dB | ch1   -1.85 (max dev 0.05)  ch2   +0.20 (max dev 0.22)  ch3   +0.80 (max dev 0.24)
[meter] 5.8000 GHz  windows 19916  with tone 128  worst SNR 9.1 dB | ch1   -0.17 (max dev 0.06)  ch2   +1.59 (max dev 0.13)  ch3   +2.53 (max dev 0.15)
[meter] 2.4000 GHz  windows 19996  with tone 9430  worst SNR 9.2 dB | ch1   +0.64 (max dev 0.06)  ch2   +0.79 (max dev 0.08)  ch3   +1.18 (max dev 0.08)
[meter] 5.2000 GHz  windows 19996  with tone 10442  worst SNR 8.6 dB | ch1   -1.86 (max dev 0.05)  ch2   +0.04 (max dev 0.26)  ch3   +0.64 (max dev 0.26)
[meter] 5.8000 GHz  windows 20000  with tone 128  worst SNR 9.1 dB | ch1   -0.17 (max dev 0.06)  ch2   +1.59 (max dev 0.13)  ch3   +2.53 (max dev 0.15)
[meter] 2.4000 GHz  windows 19996  with tone 9430  worst SNR 9.2 dB | ch1   +0.64 (max dev 0.06)  ch2   +0.79 (max dev 0.08)  ch3   +1.18 (max dev 0.08)
[meter] 5.2000 GHz  windows 19996  with tone 10442  worst SNR 8.6 dB | ch1   -1.86 (max dev 0.05)  ch2   +0.04 (max dev 0.26)  ch3   +0.64 (max dev 0.26)
[meter] 5.8000 GHz  windows 20000  with tone 128  worst SNR 9.1 dB | ch1   -0.17 (max dev 0.06)  ch2   +1.59 (max dev 0.13)  ch3   +2.53 (max dev 0.15)
[meter] 2.4000 GHz  windows 19997  with tone 9430  worst SNR 9.2 dB | ch1   +0.64 (max dev 0.06)  ch2   +0.79 (max dev 0.08)  ch3   +1.18 (max dev 0.08)
[meter] 5.2000 GHz  windows 19996  with tone 10442  worst SNR 8.6 dB | ch1   -1.86 (max dev 0.05)  ch2   +0.04 (max dev 0.26)  ch3   +0.64 (max dev 0.26)
[meter] 5.8000 GHz  windows 20000  with tone 128  worst SNR 9.1 dB | ch1   -0.17 (max dev 0.06)  ch2   +1.59 (max dev 0.13)  ch3   +2.53 (max dev 0.15)
[meter] 2.4000 GHz  windows 20080  with tone 9430  worst SNR 9.0 dB | ch1   +0.64 (max dev 0.06)  ch2   +0.79 (max dev 0.08)  ch3   +1.18 (max dev 0.08)
[meter] 5.2000 GHz  windows 20079  with tone 10525  worst SNR 8.6 dB | ch1   -1.89 (max dev 0.07)  ch2   -0.20 (max dev 0.37)  ch3   +0.39 (max dev 0.40)
[meter] 5.8000 GHz  windows 20083  with tone 128  worst SNR 9.1 dB | ch1   -0.17 (max dev 0.06)  ch2   +1.59 (max dev 0.13)  ch3   +2.53 (max dev 0.15)
[meter] 2.4000 GHz  windows 20080  with tone 9430  worst SNR 9.0 dB | ch1   +0.64 (max dev 0.06)  ch2   +0.79 (max dev 0.08)  ch3   +1.18 (max dev 0.08)
[meter] 5.2000 GHz  windows 20079  with tone 10525  worst SNR 8.6 dB | ch1   -1.89 (max dev 0.07)  ch2   -0.20 (max dev 0.37)  ch3   +0.39 (max dev 0.40)
[meter] 5.8000 GHz  windows 20083  with tone 128  worst SNR 9.1 dB | ch1   -0.17 (max dev 0.06)  ch2   +1.59 (max dev 0.13)  ch3   +2.53 (max dev 0.15)
[meter] 2.4000 GHz  windows 20080  with tone 9430  worst SNR 9.0 dB | ch1   +0.64 (max dev 0.06)  ch2   +0.79 (max dev 0.08)  ch3   +1.18 (max dev 0.08)
[meter] 5.2000 GHz  windows 20080  with tone 10526  worst SNR 8.6 dB | ch1   -1.89 (max dev 0.07)  ch2   -0.20 (max dev 0.36)  ch3   +0.39 (max dev 0.39)
[meter] 5.8000 GHz  windows 20083  with tone 128  worst SNR 9.1 dB | ch1   -0.17 (max dev 0.06)  ch2   +1.59 (max dev 0.13)  ch3   +2.53 (max dev 0.15)
[meter] 2.4000 GHz  windows 20163  with tone 9430  worst SNR 9.0 dB | ch1   +0.64 (max dev 0.06)  ch2   +0.79 (max dev 0.08)  ch3   +1.18 (max dev 0.08)
[meter] 5.2000 GHz  windows 20163  with tone 10609  worst SNR 8.6 dB | ch1   -1.92 (max dev 0.07)  ch2   -0.44 (max dev 0.40)  ch3   +0.13 (max dev 0.43)
[meter] 5.8000 GHz  windows 20166  with tone 128  worst SNR 9.1 dB | ch1   -0.17 (max dev 0.06)  ch2   +1.59 (max dev 0.13)  ch3   +2.53 (max dev 0.15)
[meter] 2.4000 GHz  windows 20163  with tone 9430  worst SNR 9.0 dB | ch1   +0.64 (max dev 0.06)  ch2   +0.79 (max dev 0.08)  ch3   +1.18 (max dev 0.08)
[meter] 5.2000 GHz  windows 20163  with tone 10609  worst SNR 8.6 dB | ch1   -1.92 (max dev 0.07)  ch2   -0.44 (max dev 0.40)  ch3   +0.13 (max dev 0.43)
[meter] 5.8000 GHz  windows 20167  with tone 128  worst SNR 9.1 dB | ch1   -0.17 (max dev 0.06)  ch2   +1.59 (max dev 0.13)  ch3   +2.53 (max dev 0.15)
[meter] 2.4000 GHz  windows 20164  with tone 9430  worst SNR 9.0 dB | ch1   +0.64 (max dev 0.06)  ch2   +0.79 (max dev 0.08)  ch3   +1.18 (max dev 0.08)
[meter] 5.2000 GHz  windows 20163  with tone 10609  worst SNR 8.6 dB | ch1   -1.92 (max dev 0.07)  ch2   -0.44 (max dev 0.40)  ch3   +0.13 (max dev 0.43)
[meter] 5.8000 GHz  windows 20167  with tone 128  worst SNR 9.1 dB | ch1   -0.17 (max dev 0.06)  ch2   +1.59 (max dev 0.13)  ch3   +2.53 (max dev 0.15)
[meter] 2.4000 GHz  windows 20246  with tone 9430  worst SNR 9.0 dB | ch1   +0.64 (max dev 0.06)  ch2   +0.79 (max dev 0.08)  ch3   +1.18 (max dev 0.08)
[meter] 5.2000 GHz  windows 20246  with tone 10692  worst SNR 8.6 dB | ch1   -1.95 (max dev 0.07)  ch2   -0.64 (max dev 0.20)  ch3   -0.10 (max dev 0.20)
[meter] 5.8000 GHz  windows 20250  with tone 128  worst SNR 9.1 dB | ch1   -0.17 (max dev 0.06)  ch2   +1.59 (max dev 0.13)  ch3   +2.53 (max dev 0.15)
[meter] 2.4000 GHz  windows 20247  with tone 9430  worst SNR 9.0 dB | ch1   +0.64 (max dev 0.06)  ch2   +0.79 (max dev 0.08)  ch3   +1.18 (max dev 0.08)
[meter] 5.2000 GHz  windows 20246  with tone 10692  worst SNR 8.6 dB | ch1   -1.95 (max dev 0.07)  ch2   -0.64 (max dev 0.20)  ch3   -0.10 (max dev 0.20)
[meter] 5.8000 GHz  windows 20250  with tone 128  worst SNR 9.1 dB | ch1   -0.17 (max dev 0.06)  ch2   +1.59 (max dev 0.13)  ch3   +2.53 (max dev 0.15)
[meter] 2.4000 GHz  windows 20247  with tone 9430  worst SNR 9.0 dB | ch1   +0.64 (max dev 0.06)  ch2   +0.79 (max dev 0.08)  ch3   +1.18 (max dev 0.08)
[meter] 5.2000 GHz  windows 20247  with tone 10693  worst SNR 8.6 dB | ch1   -1.95 (max dev 0.07)  ch2   -0.65 (max dev 0.19)  ch3   -0.10 (max dev 0.20)
[meter] 5.8000 GHz  windows 20250  with tone 128  worst SNR 9.1 dB | ch1   -0.17 (max dev 0.06)  ch2   +1.59 (max dev 0.13)  ch3   +2.53 (max dev 0.15)
[meter] 2.4000 GHz  windows 20330  with tone 9430  worst SNR 9.0 dB | ch1   +0.64 (max dev 0.06)  ch2   +0.79 (max dev 0.08)  ch3   +1.18 (max dev 0.08)
[meter] 5.2000 GHz  windows 20329  with tone 10775  worst SNR 8.6 dB | ch1   -1.98 (max dev 0.05)  ch2   -0.75 (max dev 0.19)  ch3   -0.22 (max dev 0.22)
[meter] 5.8000 GHz  windows 20333  with tone 128  worst SNR 9.1 dB | ch1   -0.17 (max dev 0.06)  ch2   +1.59 (max dev 0.13)  ch3   +2.53 (max dev 0.15)
[meter] 2.4000 GHz  windows 20330  with tone 9430  worst SNR 9.0 dB | ch1   +0.64 (max dev 0.06)  ch2   +0.79 (max dev 0.08)  ch3   +1.18 (max dev 0.08)
[meter] 5.2000 GHz  windows 20330  with tone 10776  worst SNR 8.6 dB | ch1   -1.98 (max dev 0.05)  ch2   -0.75 (max dev 0.19)  ch3   -0.22 (max dev 0.23)
[meter] 5.8000 GHz  windows 20333  with tone 128  worst SNR 9.1 dB | ch1   -0.17 (max dev 0.06)  ch2   +1.59 (max dev 0.13)  ch3   +2.53 (max dev 0.15)
[meter] 2.4000 GHz  windows 20330  with tone 9430  worst SNR 9.0 dB | ch1   +0.64 (max dev 0.06)  ch2   +0.79 (max dev 0.08)  ch3   +1.18 (max dev 0.08)
[meter] 5.2000 GHz  windows 20330  with tone 10776  worst SNR 8.6 dB | ch1   -1.98 (max dev 0.05)  ch2   -0.75 (max dev 0.19)  ch3   -0.22 (max dev 0.23)
[meter] 5.8000 GHz  windows 20333  with tone 128  worst SNR 9.1 dB | ch1   -0.17 (max dev 0.06)  ch2   +1.59 (max dev 0.13)  ch3   +2.53 (max dev 0.15)
[meter] 2.4000 GHz  windows 20413  with tone 9430  worst SNR 9.0 dB | ch1   +0.64 (max dev 0.06)  ch2   +0.79 (max dev 0.08)  ch3   +1.18 (max dev 0.08)
[meter] 5.2000 GHz  windows 20413  with tone 10859  worst SNR 8.6 dB | ch1   -2.01 (max dev 0.07)  ch2   -0.78 (max dev 0.09)  ch3   -0.27 (max dev 0.07)
[meter] 5.8000 GHz  windows 20416  with tone 128  worst SNR 9.1 dB | ch1   -0.17 (max dev 0.06)  ch2   +1.59 (max dev 0.13)  ch3   +2.53 (max dev 0.15)
[meter] 2.4000 GHz  windows 20414  with tone 9430  worst SNR 9.0 dB | ch1   +0.64 (max dev 0.06)  ch2   +0.79 (max dev 0.08)  ch3   +1.18 (max dev 0.08)
[meter] 2.4000 GHz  windows 20414  with tone 9430  worst SNR 9.0 dB | ch1   +0.64 (max dev 0.06)  ch2   +0.79 (max dev 0.08)  ch3   +1.18 (max dev 0.08)
[meter] 5.2000 GHz  windows 20413  with tone 10859  worst SNR 8.6 dB | ch1   -2.01 (max dev 0.07)  ch2   -0.78 (max dev 0.09)  ch3   -0.27 (max dev 0.07)
[meter] 5.2000 GHz  windows 20413  with tone 10859  worst SNR 8.6 dB | ch1   -2.01 (max dev 0.07)  ch2   -0.78 (max dev 0.09)  ch3   -0.27 (max dev 0.07)
[meter] 5.8000 GHz  windows 20417  with tone 128  worst SNR 9.1 dB | ch1   -0.17 (max dev 0.06)  ch2   +1.59 (max dev 0.13)  ch3   +2.53 (max dev 0.15)
[meter] 5.8000 GHz  windows 20417  with tone 128  worst SNR 9.1 dB | ch1   -0.17 (max dev 0.06)  ch2   +1.59 (max dev 0.13)  ch3   +2.53 (max dev 0.15)
[meter] 2.4000 GHz  windows 20497  with tone 9430  worst SNR 9.0 dB | ch1   +0.64 (max dev 0.06)  ch2   +0.79 (max dev 0.08)  ch3   +1.18 (max dev 0.08)
[meter] 5.2000 GHz  windows 20496  with tone 10942  worst SNR 8.6 dB | ch1   -2.03 (max dev 0.06)  ch2   -0.74 (max dev 0.09)  ch3   -0.22 (max dev 0.10)
[meter] 5.8000 GHz  windows 20500  with tone 128  worst SNR 9.1 dB | ch1   -0.17 (max dev 0.06)  ch2   +1.59 (max dev 0.13)  ch3   +2.53 (max dev 0.15)
[meter] 2.4000 GHz  windows 20497  with tone 9430  worst SNR 9.0 dB | ch1   +0.64 (max dev 0.06)  ch2   +0.79 (max dev 0.08)  ch3   +1.18 (max dev 0.08)
[meter] 2.4000 GHz  windows 20497  with tone 9430  worst SNR 9.0 dB | ch1   +0.64 (max dev 0.06)  ch2   +0.79 (max dev 0.08)  ch3   +1.18 (max dev 0.08)
[meter] 5.2000 GHz  windows 20497  with tone 10943  worst SNR 8.6 dB | ch1   -2.03 (max dev 0.06)  ch2   -0.74 (max dev 0.09)  ch3   -0.22 (max dev 0.10)
[meter] 5.2000 GHz  windows 20497  with tone 10943  worst SNR 8.6 dB | ch1   -2.03 (max dev 0.06)  ch2   -0.74 (max dev 0.09)  ch3   -0.22 (max dev 0.10)
[meter] 5.8000 GHz  windows 20500  with tone 128  worst SNR 9.1 dB | ch1   -0.17 (max dev 0.06)  ch2   +1.59 (max dev 0.13)  ch3   +2.53 (max dev 0.15)
[meter] 5.8000 GHz  windows 20500  with tone 128  worst SNR 9.1 dB | ch1   -0.17 (max dev 0.06)  ch2   +1.59 (max dev 0.13)  ch3   +2.53 (max dev 0.15)
[meter] 2.4000 GHz  windows 20580  with tone 9430  worst SNR 9.0 dB | ch1   +0.64 (max dev 0.06)  ch2   +0.79 (max dev 0.08)  ch3   +1.18 (max dev 0.08)
[meter] 5.2000 GHz  windows 20580  with tone 11026  worst SNR 8.6 dB | ch1   -2.05 (max dev 0.03)  ch2   -0.70 (max dev 0.07)  ch3   -0.19 (max dev 0.08)
[meter] 5.8000 GHz  windows 20583  with tone 128  worst SNR 9.1 dB | ch1   -0.17 (max dev 0.06)  ch2   +1.59 (max dev 0.13)  ch3   +2.53 (max dev 0.15)
[meter] 2.4000 GHz  windows 20580  with tone 9430  worst SNR 9.0 dB | ch1   +0.64 (max dev 0.06)  ch2   +0.79 (max dev 0.08)  ch3   +1.18 (max dev 0.08)
[meter] 2.4000 GHz  windows 20580  with tone 9430  worst SNR 9.0 dB | ch1   +0.64 (max dev 0.06)  ch2   +0.79 (max dev 0.08)  ch3   +1.18 (max dev 0.08)
[meter] 5.2000 GHz  windows 20580  with tone 11026  worst SNR 8.6 dB | ch1   -2.05 (max dev 0.03)  ch2   -0.70 (max dev 0.07)  ch3   -0.19 (max dev 0.08)
[meter] 5.2000 GHz  windows 20580  with tone 11026  worst SNR 8.6 dB | ch1   -2.05 (max dev 0.03)  ch2   -0.70 (max dev 0.07)  ch3   -0.19 (max dev 0.08)
[meter] 5.8000 GHz  windows 20584  with tone 128  worst SNR 9.1 dB | ch1   -0.17 (max dev 0.06)  ch2   +1.59 (max dev 0.13)  ch3   +2.53 (max dev 0.15)
[meter] 5.8000 GHz  windows 20584  with tone 128  worst SNR 9.1 dB | ch1   -0.17 (max dev 0.06)  ch2   +1.59 (max dev 0.13)  ch3   +2.53 (max dev 0.15)
[meter] 2.4000 GHz  windows 20663  with tone 9430  worst SNR 9.0 dB | ch1   +0.64 (max dev 0.06)  ch2   +0.79 (max dev 0.08)  ch3   +1.18 (max dev 0.08)
[meter] 5.2000 GHz  windows 20663  with tone 11109  worst SNR 8.6 dB | ch1   -2.05 (max dev 0.04)  ch2   -0.69 (max dev 0.07)  ch3   -0.17 (max dev 0.06)
[meter] 5.8000 GHz  windows 20667  with tone 128  worst SNR 9.1 dB | ch1   -0.17 (max dev 0.06)  ch2   +1.59 (max dev 0.13)  ch3   +2.53 (max dev 0.15)
[meter] 2.4000 GHz  windows 20664  with tone 9430  worst SNR 9.0 dB | ch1   +0.64 (max dev 0.06)  ch2   +0.79 (max dev 0.08)  ch3   +1.18 (max dev 0.08)
[meter] 5.2000 GHz  windows 20663  with tone 11109  worst SNR 8.6 dB | ch1   -2.05 (max dev 0.04)  ch2   -0.69 (max dev 0.07)  ch3   -0.17 (max dev 0.06)
[meter] 5.8000 GHz  windows 20667  with tone 128  worst SNR 9.1 dB | ch1   -0.17 (max dev 0.06)  ch2   +1.59 (max dev 0.13)  ch3   +2.53 (max dev 0.15)
[meter] 2.4000 GHz  windows 20664  with tone 9430  worst SNR 9.0 dB | ch1   +0.64 (max dev 0.06)  ch2   +0.79 (max dev 0.08)  ch3   +1.18 (max dev 0.08)
[meter] 5.2000 GHz  windows 20664  with tone 11110  worst SNR 8.6 dB | ch1   -2.05 (max dev 0.04)  ch2   -0.69 (max dev 0.07)  ch3   -0.17 (max dev 0.06)
[meter] 5.8000 GHz  windows 20667  with tone 128  worst SNR 9.1 dB | ch1   -0.17 (max dev 0.06)  ch2   +1.59 (max dev 0.13)  ch3   +2.53 (max dev 0.15)
[meter] 2.4000 GHz  windows 20747  with tone 9430  worst SNR 9.0 dB | ch1   +0.64 (max dev 0.06)  ch2   +0.79 (max dev 0.08)  ch3   +1.18 (max dev 0.08)
[meter] 5.2000 GHz  windows 20746  with tone 11192  worst SNR 8.6 dB | ch1   -2.05 (max dev 0.04)  ch2   -0.66 (max dev 0.10)  ch3   -0.14 (max dev 0.11)
[meter] 5.8000 GHz  windows 20750  with tone 128  worst SNR 9.1 dB | ch1   -0.17 (max dev 0.06)  ch2   +1.59 (max dev 0.13)  ch3   +2.53 (max dev 0.15)
[meter] 2.4000 GHz  windows 20747  with tone 9430  worst SNR 9.0 dB | ch1   +0.64 (max dev 0.06)  ch2   +0.79 (max dev 0.08)  ch3   +1.18 (max dev 0.08)
[meter] 5.2000 GHz  windows 20746  with tone 11192  worst SNR 8.6 dB | ch1   -2.05 (max dev 0.04)  ch2   -0.66 (max dev 0.10)  ch3   -0.14 (max dev 0.11)
[meter] 5.8000 GHz  windows 20751  with tone 128  worst SNR 9.1 dB | ch1   -0.17 (max dev 0.06)  ch2   +1.59 (max dev 0.13)  ch3   +2.53 (max dev 0.15)
[meter] 2.4000 GHz  windows 20748  with tone 9430  worst SNR 9.0 dB | ch1   +0.64 (max dev 0.06)  ch2   +0.79 (max dev 0.08)  ch3   +1.18 (max dev 0.08)
[meter] 5.2000 GHz  windows 20746  with tone 11192  worst SNR 8.6 dB | ch1   -2.05 (max dev 0.04)  ch2   -0.66 (max dev 0.10)  ch3   -0.14 (max dev 0.11)
[meter] 5.8000 GHz  windows 20751  with tone 128  worst SNR 9.1 dB | ch1   -0.17 (max dev 0.06)  ch2   +1.59 (max dev 0.13)  ch3   +2.53 (max dev 0.15)
[meter] 2.4000 GHz  windows 20829  with tone 9430  worst SNR 9.0 dB | ch1   +0.64 (max dev 0.06)  ch2   +0.79 (max dev 0.08)  ch3   +1.18 (max dev 0.08)
[meter] 5.2000 GHz  windows 20829  with tone 11275  worst SNR 8.6 dB | ch1   -2.05 (max dev 0.03)  ch2   -0.60 (max dev 0.11)  ch3   -0.08 (max dev 0.10)
[meter] 5.8000 GHz  windows 20833  with tone 128  worst SNR 9.1 dB | ch1   -0.17 (max dev 0.06)  ch2   +1.59 (max dev 0.13)  ch3   +2.53 (max dev 0.15)
[meter] 2.4000 GHz  windows 20829  with tone 9430  worst SNR 9.0 dB | ch1   +0.64 (max dev 0.06)  ch2   +0.79 (max dev 0.08)  ch3   +1.18 (max dev 0.08)
[meter] 5.2000 GHz  windows 20829  with tone 11275  worst SNR 8.6 dB | ch1   -2.05 (max dev 0.03)  ch2   -0.60 (max dev 0.11)  ch3   -0.08 (max dev 0.10)
[meter] 5.8000 GHz  windows 20834  with tone 128  worst SNR 9.1 dB | ch1   -0.17 (max dev 0.06)  ch2   +1.59 (max dev 0.13)  ch3   +2.53 (max dev 0.15)
[meter] 2.4000 GHz  windows 20830  with tone 9430  worst SNR 9.0 dB | ch1   +0.64 (max dev 0.06)  ch2   +0.79 (max dev 0.08)  ch3   +1.18 (max dev 0.08)
[meter] 5.2000 GHz  windows 20830  with tone 11276  worst SNR 8.6 dB | ch1   -2.05 (max dev 0.03)  ch2   -0.60 (max dev 0.12)  ch3   -0.08 (max dev 0.10)
[meter] 5.8000 GHz  windows 20834  with tone 128  worst SNR 9.1 dB | ch1   -0.17 (max dev 0.06)  ch2   +1.59 (max dev 0.13)  ch3   +2.53 (max dev 0.15)
[meter] 2.4000 GHz  windows 20913  with tone 9430  worst SNR 9.0 dB | ch1   +0.64 (max dev 0.06)  ch2   +0.79 (max dev 0.08)  ch3   +1.18 (max dev 0.08)
[meter] 5.2000 GHz  windows 20912  with tone 11358  worst SNR 8.6 dB | ch1   -2.05 (max dev 0.04)  ch2   -0.53 (max dev 0.13)  ch3   -0.01 (max dev 0.13)
[meter] 5.8000 GHz  windows 20917  with tone 128  worst SNR 9.1 dB | ch1   -0.17 (max dev 0.06)  ch2   +1.59 (max dev 0.13)  ch3   +2.53 (max dev 0.15)
[meter] 2.4000 GHz  windows 20913  with tone 9430  worst SNR 9.0 dB | ch1   +0.64 (max dev 0.06)  ch2   +0.79 (max dev 0.08)  ch3   +1.18 (max dev 0.08)
[meter] 5.2000 GHz  windows 20913  with tone 11359  worst SNR 8.6 dB | ch1   -2.05 (max dev 0.04)  ch2   -0.53 (max dev 0.12)  ch3   -0.01 (max dev 0.13)
[meter] 5.8000 GHz  windows 20917  with tone 128  worst SNR 9.1 dB | ch1   -0.17 (max dev 0.06)  ch2   +1.59 (max dev 0.13)  ch3   +2.53 (max dev 0.15)
[meter] 2.4000 GHz  windows 20913  with tone 9430  worst SNR 9.0 dB | ch1   +0.64 (max dev 0.06)  ch2   +0.79 (max dev 0.08)  ch3   +1.18 (max dev 0.08)
[meter] 5.2000 GHz  windows 20913  with tone 11359  worst SNR 8.6 dB | ch1   -2.05 (max dev 0.04)  ch2   -0.53 (max dev 0.12)  ch3   -0.01 (max dev 0.13)
[meter] 5.8000 GHz  windows 20918  with tone 128  worst SNR 9.1 dB | ch1   -0.17 (max dev 0.06)  ch2   +1.59 (max dev 0.13)  ch3   +2.53 (max dev 0.15)
[meter] 2.4000 GHz  windows 20996  with tone 9430  worst SNR 9.0 dB | ch1   +0.64 (max dev 0.06)  ch2   +0.79 (max dev 0.08)  ch3   +1.18 (max dev 0.08)
[meter] 5.2000 GHz  windows 20996  with tone 11442  worst SNR 8.6 dB | ch1   -2.06 (max dev 0.04)  ch2   -0.45 (max dev 0.13)  ch3   +0.08 (max dev 0.15)
[meter] 5.8000 GHz  windows 21000  with tone 128  worst SNR 9.1 dB | ch1   -0.17 (max dev 0.06)  ch2   +1.59 (max dev 0.13)  ch3   +2.53 (max dev 0.15)
[meter] 2.4000 GHz  windows 20996  with tone 9430  worst SNR 9.0 dB | ch1   +0.64 (max dev 0.06)  ch2   +0.79 (max dev 0.08)  ch3   +1.18 (max dev 0.08)
[meter] 5.2000 GHz  windows 20996  with tone 11442  worst SNR 8.6 dB | ch1   -2.06 (max dev 0.04)  ch2   -0.45 (max dev 0.13)  ch3   +0.08 (max dev 0.15)
[meter] 5.8000 GHz  windows 21000  with tone 128  worst SNR 9.1 dB | ch1   -0.17 (max dev 0.06)  ch2   +1.59 (max dev 0.13)  ch3   +2.53 (max dev 0.15)
[meter] 2.4000 GHz  windows 20997  with tone 9430  worst SNR 9.0 dB | ch1   +0.64 (max dev 0.06)  ch2   +0.79 (max dev 0.08)  ch3   +1.18 (max dev 0.08)
[meter] 5.2000 GHz  windows 20996  with tone 11442  worst SNR 8.6 dB | ch1   -2.06 (max dev 0.04)  ch2   -0.45 (max dev 0.13)  ch3   +0.08 (max dev 0.15)
[meter] 5.8000 GHz  windows 21001  with tone 128  worst SNR 9.1 dB | ch1   -0.17 (max dev 0.06)  ch2   +1.59 (max dev 0.13)  ch3   +2.53 (max dev 0.15)
[meter] 2.4000 GHz  windows 21079  with tone 9430  worst SNR 9.0 dB | ch1   +0.64 (max dev 0.06)  ch2   +0.79 (max dev 0.08)  ch3   +1.18 (max dev 0.08)
[meter] 5.2000 GHz  windows 21079  with tone 11525  worst SNR 8.6 dB | ch1   -2.06 (max dev 0.03)  ch2   -0.38 (max dev 0.13)  ch3   +0.15 (max dev 0.12)
[meter] 5.8000 GHz  windows 21084  with tone 128  worst SNR 9.1 dB | ch1   -0.17 (max dev 0.06)  ch2   +1.59 (max dev 0.13)  ch3   +2.53 (max dev 0.15)
[meter] 2.4000 GHz  windows 21079  with tone 9430  worst SNR 9.0 dB | ch1   +0.64 (max dev 0.06)  ch2   +0.79 (max dev 0.08)  ch3   +1.18 (max dev 0.08)
[meter] 5.2000 GHz  windows 21079  with tone 11525  worst SNR 8.6 dB | ch1   -2.06 (max dev 0.03)  ch2   -0.38 (max dev 0.13)  ch3   +0.15 (max dev 0.12)
[meter] 5.8000 GHz  windows 21084  with tone 128  worst SNR 9.1 dB | ch1   -0.17 (max dev 0.06)  ch2   +1.59 (max dev 0.13)  ch3   +2.53 (max dev 0.15)
[meter] 2.4000 GHz  windows 21080  with tone 9430  worst SNR 9.0 dB | ch1   +0.64 (max dev 0.06)  ch2   +0.79 (max dev 0.08)  ch3   +1.18 (max dev 0.08)
[meter] 5.2000 GHz  windows 21080  with tone 11526  worst SNR 8.6 dB | ch1   -2.06 (max dev 0.03)  ch2   -0.38 (max dev 0.11)  ch3   +0.15 (max dev 0.11)
[meter] 5.8000 GHz  windows 21084  with tone 128  worst SNR 9.1 dB | ch1   -0.17 (max dev 0.06)  ch2   +1.59 (max dev 0.13)  ch3   +2.53 (max dev 0.15)
[meter] 2.4000 GHz  windows 21163  with tone 9430  worst SNR 9.0 dB | ch1   +0.64 (max dev 0.06)  ch2   +0.79 (max dev 0.08)  ch3   +1.18 (max dev 0.08)[meter] 2.4000 GHz  windows 21163  with tone 9430  worst SNR 9.0 dB | ch1   +0.64 (max dev 0.06)  ch2   +0.79 (max dev 0.08)  ch3   +1.18 (max dev 0.08)

[meter] 5.2000 GHz  windows 21163  with tone 11609  worst SNR 8.6 dB | ch1   -2.05 (max dev 0.03)  ch2   -0.32 (max dev 0.09)  ch3   +0.21 (max dev 0.10)
[meter] 5.2000 GHz  windows 21163  with tone 11609  worst SNR 8.6 dB | ch1   -2.05 (max dev 0.03)  ch2   -0.32 (max dev 0.09)  ch3   +0.21 (max dev 0.10)
[meter] 5.8000 GHz  windows 21167  with tone 128  worst SNR 9.1 dB | ch1   -0.17 (max dev 0.06)  ch2   +1.59 (max dev 0.13)  ch3   +2.53 (max dev 0.15)
[meter] 5.8000 GHz  windows 21167  with tone 128  worst SNR 9.1 dB | ch1   -0.17 (max dev 0.06)  ch2   +1.59 (max dev 0.13)  ch3   +2.53 (max dev 0.15)
[meter] 2.4000 GHz  windows 21164  with tone 9430  worst SNR 9.0 dB | ch1   +0.64 (max dev 0.06)  ch2   +0.79 (max dev 0.08)  ch3   +1.18 (max dev 0.08)
[meter] 5.2000 GHz  windows 21163  with tone 11609  worst SNR 8.6 dB | ch1   -2.05 (max dev 0.03)  ch2   -0.32 (max dev 0.09)  ch3   +0.21 (max dev 0.10)
[meter] 5.8000 GHz  windows 21168  with tone 128  worst SNR 9.1 dB | ch1   -0.17 (max dev 0.06)  ch2   +1.59 (max dev 0.13)  ch3   +2.53 (max dev 0.15)
[meter] 2.4000 GHz  windows 21247  with tone 9430  worst SNR 9.0 dB | ch1   +0.64 (max dev 0.06)  ch2   +0.79 (max dev 0.08)  ch3   +1.18 (max dev 0.08)
[meter] 5.2000 GHz  windows 21246  with tone 11692  worst SNR 8.6 dB | ch1   -2.05 (max dev 0.03)  ch2   -0.29 (max dev 0.06)  ch3   +0.25 (max dev 0.08)
[meter] 5.8000 GHz  windows 21251  with tone 128  worst SNR 9.1 dB | ch1   -0.17 (max dev 0.06)  ch2   +1.59 (max dev 0.13)  ch3   +2.53 (max dev 0.15)
[meter] 2.4000 GHz  windows 21247  with tone 9430  worst SNR 9.0 dB | ch1   +0.64 (max dev 0.06)  ch2   +0.79 (max dev 0.08)  ch3   +1.18 (max dev 0.08)
[meter] 5.2000 GHz  windows 21246  with tone 11692  worst SNR 8.6 dB | ch1   -2.05 (max dev 0.03)  ch2   -0.29 (max dev 0.06)  ch3   +0.25 (max dev 0.08)
[meter] 5.8000 GHz  windows 21251  with tone 128  worst SNR 9.1 dB | ch1   -0.17 (max dev 0.06)  ch2   +1.59 (max dev 0.13)  ch3   +2.53 (max dev 0.15)
[meter] 2.4000 GHz  windows 21247  with tone 9430  worst SNR 9.0 dB | ch1   +0.64 (max dev 0.06)  ch2   +0.79 (max dev 0.08)  ch3   +1.18 (max dev 0.08)
[meter] 5.2000 GHz  windows 21247  with tone 11693  worst SNR 8.6 dB | ch1   -2.05 (max dev 0.03)  ch2   -0.29 (max dev 0.06)  ch3   +0.25 (max dev 0.08)
[meter] 5.8000 GHz  windows 21252  with tone 128  worst SNR 9.1 dB | ch1   -0.17 (max dev 0.06)  ch2   +1.59 (max dev 0.13)  ch3   +2.53 (max dev 0.15)
[meter] 2.4000 GHz  windows 21330  with tone 9430  worst SNR 9.0 dB | ch1   +0.64 (max dev 0.06)  ch2   +0.79 (max dev 0.08)  ch3   +1.18 (max dev 0.08)[meter] 2.4000 GHz  windows 21330  with tone 9430  worst SNR 9.0 dB | ch1   +0.64 (max dev 0.06)  ch2   +0.79 (max dev 0.08)  ch3   +1.18 (max dev 0.08)

[meter] 5.2000 GHz  windows 21330  with tone 11776  worst SNR 8.6 dB | ch1   -2.04 (max dev 0.03)  ch2   -0.26 (max dev 0.07)  ch3   +0.29 (max dev 0.09)
[meter] 5.2000 GHz  windows 21330  with tone 11776  worst SNR 8.6 dB | ch1   -2.04 (max dev 0.03)  ch2   -0.26 (max dev 0.07)  ch3   +0.29 (max dev 0.09)
[meter] 5.8000 GHz  windows 21334  with tone 128  worst SNR 9.1 dB | ch1   -0.17 (max dev 0.06)  ch2   +1.59 (max dev 0.13)  ch3   +2.53 (max dev 0.15)
[meter] 5.8000 GHz  windows 21334  with tone 128  worst SNR 9.1 dB | ch1   -0.17 (max dev 0.06)  ch2   +1.59 (max dev 0.13)  ch3   +2.53 (max dev 0.15)
[meter] 2.4000 GHz  windows 21331  with tone 9430  worst SNR 9.0 dB | ch1   +0.64 (max dev 0.06)  ch2   +0.79 (max dev 0.08)  ch3   +1.18 (max dev 0.08)
[meter] 5.2000 GHz  windows 21330  with tone 11776  worst SNR 8.6 dB | ch1   -2.04 (max dev 0.03)  ch2   -0.26 (max dev 0.07)  ch3   +0.29 (max dev 0.09)
[meter] 5.8000 GHz  windows 21335  with tone 128  worst SNR 9.1 dB | ch1   -0.17 (max dev 0.06)  ch2   +1.59 (max dev 0.13)  ch3   +2.53 (max dev 0.15)
[meter] 2.4000 GHz  windows 21413  with tone 9430  worst SNR 9.0 dB | ch1   +0.64 (max dev 0.06)  ch2   +0.79 (max dev 0.08)  ch3   +1.18 (max dev 0.08)
[meter] 2.4000 GHz  windows 21413  with tone 9430  worst SNR 9.0 dB | ch1   +0.64 (max dev 0.06)  ch2   +0.79 (max dev 0.08)  ch3   +1.18 (max dev 0.08)
[meter] 5.2000 GHz  windows 21413  with tone 11859  worst SNR 8.6 dB | ch1   -2.04 (max dev 0.04)  ch2   -0.23 (max dev 0.07)  ch3   +0.32 (max dev 0.08)
[meter] 5.8000 GHz  windows 21418  with tone 128  worst SNR 9.1 dB | ch1   -0.17 (max dev 0.06)  ch2   +1.59 (max dev 0.13)  ch3   +2.53 (max dev 0.15)
[meter] 5.2000 GHz  windows 21413  with tone 11859  worst SNR 8.6 dB | ch1   -2.04 (max dev 0.04)  ch2   -0.23 (max dev 0.07)  ch3   +0.32 (max dev 0.08)
[meter] 5.8000 GHz  windows 21418  with tone 128  worst SNR 9.1 dB | ch1   -0.17 (max dev 0.06)  ch2   +1.59 (max dev 0.13)  ch3   +2.53 (max dev 0.15)
[meter] 2.4000 GHz  windows 21414  with tone 9430  worst SNR 9.0 dB | ch1   +0.64 (max dev 0.06)  ch2   +0.79 (max dev 0.08)  ch3   +1.18 (max dev 0.08)
[meter] 5.2000 GHz  windows 21414  with tone 11860  worst SNR 8.6 dB | ch1   -2.04 (max dev 0.04)  ch2   -0.23 (max dev 0.07)  ch3   +0.32 (max dev 0.08)
[meter] 5.8000 GHz  windows 21418  with tone 128  worst SNR 9.1 dB | ch1   -0.17 (max dev 0.06)  ch2   +1.59 (max dev 0.13)  ch3   +2.53 (max dev 0.15)
[meter] 2.4000 GHz  windows 21497  with tone 9430  worst SNR 9.0 dB | ch1   +0.64 (max dev 0.06)  ch2   +0.79 (max dev 0.08)  ch3   +1.18 (max dev 0.08)
[meter] 5.2000 GHz  windows 21496  with tone 11942  worst SNR 8.6 dB | ch1   -2.04 (max dev 0.03)  ch2   -0.21 (max dev 0.05)  ch3   +0.33 (max dev 0.05)
[meter] 5.8000 GHz  windows 21501  with tone 128  worst SNR 9.1 dB | ch1   -0.17 (max dev 0.06)  ch2   +1.59 (max dev 0.13)  ch3   +2.53 (max dev 0.15)[meter] 2.4000 GHz  windows 21497  with tone 9430  worst SNR 9.0 dB | ch1   +0.64 (max dev 0.06)  ch2   +0.79 (max dev 0.08)  ch3   +1.18 (max dev 0.08)

[meter] 5.2000 GHz  windows 21496  with tone 11942  worst SNR 8.6 dB | ch1   -2.04 (max dev 0.03)  ch2   -0.21 (max dev 0.05)  ch3   +0.33 (max dev 0.05)
[meter] 5.8000 GHz  windows 21501  with tone 128  worst SNR 9.1 dB | ch1   -0.17 (max dev 0.06)  ch2   +1.59 (max dev 0.13)  ch3   +2.53 (max dev 0.15)
[meter] 2.4000 GHz  windows 21497  with tone 9430  worst SNR 9.0 dB | ch1   +0.64 (max dev 0.06)  ch2   +0.79 (max dev 0.08)  ch3   +1.18 (max dev 0.08)
[meter] 5.2000 GHz  windows 21497  with tone 11943  worst SNR 8.6 dB | ch1   -2.04 (max dev 0.03)  ch2   -0.21 (max dev 0.05)  ch3   +0.33 (max dev 0.05)
[meter] 5.8000 GHz  windows 21501  with tone 128  worst SNR 9.1 dB | ch1   -0.17 (max dev 0.06)  ch2   +1.59 (max dev 0.13)  ch3   +2.53 (max dev 0.15)
[meter] 2.4000 GHz  windows 21580  with tone 9430  worst SNR 9.0 dB | ch1   +0.64 (max dev 0.06)  ch2   +0.79 (max dev 0.08)  ch3   +1.18 (max dev 0.08)
[meter] 2.4000 GHz  windows 21580  with tone 9430  worst SNR 9.0 dB | ch1   +0.64 (max dev 0.06)  ch2   +0.79 (max dev 0.08)  ch3   +1.18 (max dev 0.08)
[meter] 5.2000 GHz  windows 21580  with tone 12026  worst SNR 8.6 dB | ch1   -2.04 (max dev 0.04)  ch2   -0.21 (max dev 0.05)  ch3   +0.33 (max dev 0.05)
[meter] 5.2000 GHz  windows 21580  with tone 12026  worst SNR 8.6 dB | ch1   -2.04 (max dev 0.04)  ch2   -0.21 (max dev 0.05)  ch3   +0.33 (max dev 0.05)
[meter] 5.8000 GHz  windows 21585  with tone 128  worst SNR 9.1 dB | ch1   -0.17 (max dev 0.06)  ch2   +1.59 (max dev 0.13)  ch3   +2.53 (max dev 0.15)
[meter] 5.8000 GHz  windows 21585  with tone 128  worst SNR 9.1 dB | ch1   -0.17 (max dev 0.06)  ch2   +1.59 (max dev 0.13)  ch3   +2.53 (max dev 0.15)
[meter] 2.4000 GHz  windows 21581  with tone 9430  worst SNR 9.0 dB | ch1   +0.64 (max dev 0.06)  ch2   +0.79 (max dev 0.08)  ch3   +1.18 (max dev 0.08)
[meter] 5.2000 GHz  windows 21580  with tone 12026  worst SNR 8.6 dB | ch1   -2.04 (max dev 0.04)  ch2   -0.21 (max dev 0.05)  ch3   +0.33 (max dev 0.05)
[meter] 5.8000 GHz  windows 21585  with tone 128  worst SNR 9.1 dB | ch1   -0.17 (max dev 0.06)  ch2   +1.59 (max dev 0.13)  ch3   +2.53 (max dev 0.15)
[meter] 2.4000 GHz  windows 21664  with tone 9430  worst SNR 9.0 dB | ch1   +0.64 (max dev 0.06)  ch2   +0.79 (max dev 0.08)  ch3   +1.18 (max dev 0.08)
[meter] 5.2000 GHz  windows 21663  with tone 12109  worst SNR 8.6 dB | ch1   -2.04 (max dev 0.04)  ch2   -0.21 (max dev 0.05)  ch3   +0.34 (max dev 0.05)
[meter] 5.8000 GHz  windows 21668  with tone 128  worst SNR 9.1 dB | ch1   -0.17 (max dev 0.06)  ch2   +1.59 (max dev 0.13)  ch3   +2.53 (max dev 0.15)
[meter] 2.4000 GHz  windows 21664  with tone 9430  worst SNR 9.0 dB | ch1   +0.64 (max dev 0.06)  ch2   +0.79 (max dev 0.08)  ch3   +1.18 (max dev 0.08)
[meter] 5.2000 GHz  windows 21664  with tone 12110  worst SNR 8.6 dB | ch1   -2.04 (max dev 0.04)  ch2   -0.21 (max dev 0.05)  ch3   +0.34 (max dev 0.06)
[meter] 5.8000 GHz  windows 21668  with tone 128  worst SNR 9.1 dB | ch1   -0.17 (max dev 0.06)  ch2   +1.59 (max dev 0.13)  ch3   +2.53 (max dev 0.15)
[meter] 2.4000 GHz  windows 21664  with tone 9430  worst SNR 9.0 dB | ch1   +0.64 (max dev 0.06)  ch2   +0.79 (max dev 0.08)  ch3   +1.18 (max dev 0.08)
[meter] 5.2000 GHz  windows 21664  with tone 12110  worst SNR 8.6 dB | ch1   -2.04 (max dev 0.04)  ch2   -0.21 (max dev 0.05)  ch3   +0.34 (max dev 0.06)
[meter] 5.8000 GHz  windows 21668  with tone 128  worst SNR 9.1 dB | ch1   -0.17 (max dev 0.06)  ch2   +1.59 (max dev 0.13)  ch3   +2.53 (max dev 0.15)
[meter] 2.4000 GHz  windows 21747  with tone 9430  worst SNR 9.0 dB | ch1   +0.64 (max dev 0.06)  ch2   +0.79 (max dev 0.08)  ch3   +1.18 (max dev 0.08)
[meter] 5.2000 GHz  windows 21747  with tone 12193  worst SNR 8.6 dB | ch1   -2.05 (max dev 0.04)  ch2   -0.19 (max dev 0.08)  ch3   +0.37 (max dev 0.07)
[meter] 5.8000 GHz  windows 21751  with tone 128  worst SNR 9.1 dB | ch1   -0.17 (max dev 0.06)  ch2   +1.59 (max dev 0.13)  ch3   +2.53 (max dev 0.15)
[meter] 2.4000 GHz  windows 21748  with tone 9430  worst SNR 9.0 dB | ch1   +0.64 (max dev 0.06)  ch2   +0.79 (max dev 0.08)  ch3   +1.18 (max dev 0.08)
[meter] 2.4000 GHz  windows 21748  with tone 9430  worst SNR 9.0 dB | ch1   +0.64 (max dev 0.06)  ch2   +0.79 (max dev 0.08)  ch3   +1.18 (max dev 0.08)
[meter] 5.2000 GHz  windows 21747  with tone 12193  worst SNR 8.6 dB | ch1   -2.05 (max dev 0.04)  ch2   -0.19 (max dev 0.08)  ch3   +0.37 (max dev 0.07)
[meter] 5.8000 GHz  windows 21752  with tone 128  worst SNR 9.1 dB | ch1   -0.17 (max dev 0.06)  ch2   +1.59 (max dev 0.13)  ch3   +2.53 (max dev 0.15)
[meter] 5.2000 GHz  windows 21747  with tone 12193  worst SNR 8.6 dB | ch1   -2.05 (max dev 0.04)  ch2   -0.19 (max dev 0.08)  ch3   +0.37 (max dev 0.07)
[meter] 5.8000 GHz  windows 21752  with tone 128  worst SNR 9.1 dB | ch1   -0.17 (max dev 0.06)  ch2   +1.59 (max dev 0.13)  ch3   +2.53 (max dev 0.15)
[meter] 2.4000 GHz  windows 21831  with tone 9430  worst SNR 9.0 dB | ch1   +0.64 (max dev 0.06)  ch2   +0.79 (max dev 0.08)  ch3   +1.18 (max dev 0.08)
[meter] 5.2000 GHz  windows 21830  with tone 12276  worst SNR 8.6 dB | ch1   -2.04 (max dev 0.05)  ch2   -0.15 (max dev 0.08)  ch3   +0.40 (max dev 0.08)
[meter] 5.8000 GHz  windows 21835  with tone 128  worst SNR 9.1 dB | ch1   -0.17 (max dev 0.06)  ch2   +1.59 (max dev 0.13)  ch3   +2.53 (max dev 0.15)
[meter] 2.4000 GHz  windows 21831  with tone 9430  worst SNR 9.0 dB | ch1   +0.64 (max dev 0.06)  ch2   +0.79 (max dev 0.08)  ch3   +1.18 (max dev 0.08)
[meter] 2.4000 GHz  windows 21831  with tone 9430  worst SNR 9.0 dB | ch1   +0.64 (max dev 0.06)  ch2   +0.79 (max dev 0.08)  ch3   +1.18 (max dev 0.08)
[meter] 5.2000 GHz  windows 21831  with tone 12277  worst SNR 8.6 dB | ch1   -2.04 (max dev 0.05)  ch2   -0.15 (max dev 0.08)  ch3   +0.40 (max dev 0.08)
[meter] 5.2000 GHz  windows 21831  with tone 12277  worst SNR 8.6 dB | ch1   -2.04 (max dev 0.05)  ch2   -0.15 (max dev 0.08)  ch3   +0.40 (max dev 0.08)
[meter] 5.8000 GHz  windows 21835  with tone 128  worst SNR 9.1 dB | ch1   -0.17 (max dev 0.06)  ch2   +1.59 (max dev 0.13)  ch3   +2.53 (max dev 0.15)
[meter] 5.8000 GHz  windows 21835  with tone 128  worst SNR 9.1 dB | ch1   -0.17 (max dev 0.06)  ch2   +1.59 (max dev 0.13)  ch3   +2.53 (max dev 0.15)
[meter] 2.4000 GHz  windows 21914  with tone 9430  worst SNR 9.0 dB | ch1   +0.64 (max dev 0.06)  ch2   +0.79 (max dev 0.08)  ch3   +1.18 (max dev 0.08)
[meter] 5.2000 GHz  windows 21914  with tone 12360  worst SNR 8.6 dB | ch1   -2.04 (max dev 0.04)  ch2   -0.12 (max dev 0.06)  ch3   +0.44 (max dev 0.07)
[meter] 5.8000 GHz  windows 21918  with tone 128  worst SNR 9.1 dB | ch1   -0.17 (max dev 0.06)  ch2   +1.59 (max dev 0.13)  ch3   +2.53 (max dev 0.15)
[meter] 2.4000 GHz  windows 21915  with tone 9430  worst SNR 9.0 dB | ch1   +0.64 (max dev 0.06)  ch2   +0.79 (max dev 0.08)  ch3   +1.18 (max dev 0.08)[meter] 2.4000 GHz  windows 21915  with tone 9430  worst SNR 9.0 dB | ch1   +0.64 (max dev 0.06)  ch2   +0.79 (max dev 0.08)  ch3   +1.18 (max dev 0.08)

[meter] 5.2000 GHz  windows 21914  with tone 12360  worst SNR 8.6 dB | ch1   -2.04 (max dev 0.04)  ch2   -0.12 (max dev 0.06)  ch3   +0.44 (max dev 0.07)
[meter] 5.2000 GHz  windows 21914  with tone 12360  worst SNR 8.6 dB | ch1   -2.04 (max dev 0.04)  ch2   -0.12 (max dev 0.06)  ch3   +0.44 (max dev 0.07)
[meter] 5.8000 GHz  windows 21919  with tone 128  worst SNR 9.1 dB | ch1   -0.17 (max dev 0.06)  ch2   +1.59 (max dev 0.13)  ch3   +2.53 (max dev 0.15)
[meter] 5.8000 GHz  windows 21919  with tone 128  worst SNR 9.1 dB | ch1   -0.17 (max dev 0.06)  ch2   +1.59 (max dev 0.13)  ch3   +2.53 (max dev 0.15)
[meter] 2.4000 GHz  windows 21997  with tone 9430  worst SNR 9.0 dB | ch1   +0.64 (max dev 0.06)  ch2   +0.79 (max dev 0.08)  ch3   +1.18 (max dev 0.08)
[meter] 5.2000 GHz  windows 21997  with tone 12443  worst SNR 8.6 dB | ch1   -2.04 (max dev 0.04)  ch2   -0.09 (max dev 0.08)  ch3   +0.47 (max dev 0.10)
[meter] 5.8000 GHz  windows 22002  with tone 128  worst SNR 9.1 dB | ch1   -0.17 (max dev 0.06)  ch2   +1.59 (max dev 0.13)  ch3   +2.53 (max dev 0.15)
[meter] 2.4000 GHz  windows 21998  with tone 9430  worst SNR 9.0 dB | ch1   +0.64 (max dev 0.06)  ch2   +0.79 (max dev 0.08)  ch3   +1.18 (max dev 0.08)
[meter] 5.2000 GHz  windows 21998  with tone 12444  worst SNR 8.6 dB | ch1   -2.04 (max dev 0.04)  ch2   -0.09 (max dev 0.08)  ch3   +0.47 (max dev 0.10)
[meter] 5.8000 GHz  windows 22002  with tone 128  worst SNR 9.1 dB | ch1   -0.17 (max dev 0.06)  ch2   +1.59 (max dev 0.13)  ch3   +2.53 (max dev 0.15)
[meter] 2.4000 GHz  windows 21998  with tone 9430  worst SNR 9.0 dB | ch1   +0.64 (max dev 0.06)  ch2   +0.79 (max dev 0.08)  ch3   +1.18 (max dev 0.08)
[meter] 5.2000 GHz  windows 21998  with tone 12444  worst SNR 8.6 dB | ch1   -2.04 (max dev 0.04)  ch2   -0.09 (max dev 0.08)  ch3   +0.47 (max dev 0.10)
[meter] 5.8000 GHz  windows 22002  with tone 128  worst SNR 9.1 dB | ch1   -0.17 (max dev 0.06)  ch2   +1.59 (max dev 0.13)  ch3   +2.53 (max dev 0.15)
[meter] 2.4000 GHz  windows 22081  with tone 9430  worst SNR 9.0 dB | ch1   +0.64 (max dev 0.06)  ch2   +0.79 (max dev 0.08)  ch3   +1.18 (max dev 0.08)
[meter] 5.2000 GHz  windows 22080  with tone 12526  worst SNR 8.6 dB | ch1   -2.04 (max dev 0.04)  ch2   -0.05 (max dev 0.09)  ch3   +0.52 (max dev 0.09)
[meter] 5.8000 GHz  windows 22085  with tone 128  worst SNR 9.1 dB | ch1   -0.17 (max dev 0.06)  ch2   +1.59 (max dev 0.13)  ch3   +2.53 (max dev 0.15)
[meter] 2.4000 GHz  windows 22081  with tone 9430  worst SNR 9.0 dB | ch1   +0.64 (max dev 0.06)  ch2   +0.79 (max dev 0.08)  ch3   +1.18 (max dev 0.08)
[meter] 2.4000 GHz  windows 22081  with tone 9430  worst SNR 9.0 dB | ch1   +0.64 (max dev 0.06)  ch2   +0.79 (max dev 0.08)  ch3   +1.18 (max dev 0.08)
[meter] 5.2000 GHz  windows 22081  with tone 12527  worst SNR 8.6 dB | ch1   -2.04 (max dev 0.04)  ch2   -0.05 (max dev 0.09)  ch3   +0.52 (max dev 0.09)
[meter] 5.8000 GHz  windows 22086  with tone 128  worst SNR 9.1 dB | ch1   -0.17 (max dev 0.06)  ch2   +1.59 (max dev 0.13)  ch3   +2.53 (max dev 0.15)
[meter] 5.2000 GHz  windows 22081  with tone 12527  worst SNR 8.6 dB | ch1   -2.04 (max dev 0.04)  ch2   -0.05 (max dev 0.09)  ch3   +0.52 (max dev 0.09)
[meter] 5.8000 GHz  windows 22086  with tone 128  worst SNR 9.1 dB | ch1   -0.17 (max dev 0.06)  ch2   +1.59 (max dev 0.13)  ch3   +2.53 (max dev 0.15)
[meter] 2.4000 GHz  windows 22164  with tone 9430  worst SNR 9.0 dB | ch1   +0.64 (max dev 0.06)  ch2   +0.79 (max dev 0.08)  ch3   +1.18 (max dev 0.08)
[meter] 5.2000 GHz  windows 22164  with tone 12610  worst SNR 8.6 dB | ch1   -2.04 (max dev 0.04)  ch2   -0.07 (max dev 0.12)  ch3   +0.50 (max dev 0.13)
[meter] 5.8000 GHz  windows 22168  with tone 128  worst SNR 9.1 dB | ch1   -0.17 (max dev 0.06)  ch2   +1.59 (max dev 0.13)  ch3   +2.53 (max dev 0.15)
[meter] 2.4000 GHz  windows 22165  with tone 9430  worst SNR 9.0 dB | ch1   +0.64 (max dev 0.06)  ch2   +0.79 (max dev 0.08)  ch3   +1.18 (max dev 0.08)
[meter] 5.2000 GHz  windows 22164  with tone 12610  worst SNR 8.6 dB | ch1   -2.04 (max dev 0.04)  ch2   -0.07 (max dev 0.12)  ch3   +0.50 (max dev 0.13)
[meter] 2.4000 GHz  windows 22165  with tone 9430  worst SNR 9.0 dB | ch1   +0.64 (max dev 0.06)  ch2   +0.79 (max dev 0.08)  ch3   +1.18 (max dev 0.08)
[meter] 5.8000 GHz  windows 22169  with tone 128  worst SNR 9.1 dB | ch1   -0.17 (max dev 0.06)  ch2   +1.59 (max dev 0.13)  ch3   +2.53 (max dev 0.15)
[meter] 5.2000 GHz  windows 22164  with tone 12610  worst SNR 8.6 dB | ch1   -2.04 (max dev 0.04)  ch2   -0.07 (max dev 0.12)  ch3   +0.50 (max dev 0.13)
[meter] 5.8000 GHz  windows 22169  with tone 128  worst SNR 9.1 dB | ch1   -0.17 (max dev 0.06)  ch2   +1.59 (max dev 0.13)  ch3   +2.53 (max dev 0.15)
[meter] 2.4000 GHz  windows 22248  with tone 9430  worst SNR 9.0 dB | ch1   +0.64 (max dev 0.06)  ch2   +0.79 (max dev 0.08)  ch3   +1.18 (max dev 0.08)
[meter] 5.2000 GHz  windows 22247  with tone 12693  worst SNR 8.6 dB | ch1   -2.00 (max dev 0.08)  ch2   -0.16 (max dev 0.34)  ch3   +0.41 (max dev 0.36)
[meter] 5.8000 GHz  windows 22252  with tone 128  worst SNR 9.1 dB | ch1   -0.17 (max dev 0.06)  ch2   +1.59 (max dev 0.13)  ch3   +2.53 (max dev 0.15)
[meter] 2.4000 GHz  windows 22248  with tone 9430  worst SNR 9.0 dB | ch1   +0.64 (max dev 0.06)  ch2   +0.79 (max dev 0.08)  ch3   +1.18 (max dev 0.08)
[meter] 5.2000 GHz  windows 22248  with tone 12694  worst SNR 8.6 dB | ch1   -2.00 (max dev 0.08)  ch2   -0.16 (max dev 0.35)  ch3   +0.40 (max dev 0.37)
[meter] 5.8000 GHz  windows 22252  with tone 128  worst SNR 9.1 dB | ch1   -0.17 (max dev 0.06)  ch2   +1.59 (max dev 0.13)  ch3   +2.53 (max dev 0.15)
[meter] 2.4000 GHz  windows 22248  with tone 9430  worst SNR 9.0 dB | ch1   +0.64 (max dev 0.06)  ch2   +0.79 (max dev 0.08)  ch3   +1.18 (max dev 0.08)
[meter] 5.2000 GHz  windows 22248  with tone 12694  worst SNR 8.6 dB | ch1   -2.00 (max dev 0.08)  ch2   -0.16 (max dev 0.35)  ch3   +0.40 (max dev 0.37)
[meter] 5.8000 GHz  windows 22252  with tone 128  worst SNR 9.1 dB | ch1   -0.17 (max dev 0.06)  ch2   +1.59 (max dev 0.13)  ch3   +2.53 (max dev 0.15)
[meter] 2.4000 GHz  windows 22331  with tone 9430  worst SNR 9.0 dB | ch1   +0.64 (max dev 0.06)  ch2   +0.79 (max dev 0.08)  ch3   +1.18 (max dev 0.08)
[meter] 5.2000 GHz  windows 22331  with tone 12777  worst SNR 8.6 dB | ch1   -1.96 (max dev 0.10)  ch2   -0.41 (max dev 0.41)  ch3   +0.15 (max dev 0.44)
[meter] 5.8000 GHz  windows 22335  with tone 128  worst SNR 9.1 dB | ch1   -0.17 (max dev 0.06)  ch2   +1.59 (max dev 0.13)  ch3   +2.53 (max dev 0.15)
[meter] 2.4000 GHz  windows 22332  with tone 9430  worst SNR 9.0 dB | ch1   +0.64 (max dev 0.06)  ch2   +0.79 (max dev 0.08)  ch3   +1.18 (max dev 0.08)
[meter] 5.2000 GHz  windows 22331  with tone 12777  worst SNR 8.6 dB | ch1   -1.96 (max dev 0.10)  ch2   -0.41 (max dev 0.41)  ch3   +0.15 (max dev 0.44)
[meter] 5.8000 GHz  windows 22336  with tone 128  worst SNR 9.1 dB | ch1   -0.17 (max dev 0.06)  ch2   +1.59 (max dev 0.13)  ch3   +2.53 (max dev 0.15)
[meter] 2.4000 GHz  windows 22332  with tone 9430  worst SNR 9.0 dB | ch1   +0.64 (max dev 0.06)  ch2   +0.79 (max dev 0.08)  ch3   +1.18 (max dev 0.08)
[meter] 5.2000 GHz  windows 22331  with tone 12777  worst SNR 8.6 dB | ch1   -1.96 (max dev 0.10)  ch2   -0.41 (max dev 0.41)  ch3   +0.15 (max dev 0.44)
[meter] 5.8000 GHz  windows 22336  with tone 128  worst SNR 9.1 dB | ch1   -0.17 (max dev 0.06)  ch2   +1.59 (max dev 0.13)  ch3   +2.53 (max dev 0.15)
[meter] 2.4000 GHz  windows 22414  with tone 9430  worst SNR 9.0 dB | ch1   +0.64 (max dev 0.06)  ch2   +0.79 (max dev 0.08)  ch3   +1.18 (max dev 0.08)
[meter] 5.2000 GHz  windows 22414  with tone 12860  worst SNR 8.6 dB | ch1   -1.92 (max dev 0.18)  ch2   -0.71 (max dev 0.44)  ch3   -0.17 (max dev 0.44)
[meter] 5.8000 GHz  windows 22419  with tone 128  worst SNR 9.1 dB | ch1   -0.17 (max dev 0.06)  ch2   +1.59 (max dev 0.13)  ch3   +2.53 (max dev 0.15)
[meter] 2.4000 GHz  windows 22415  with tone 9430  worst SNR 9.0 dB | ch1   +0.64 (max dev 0.06)  ch2   +0.79 (max dev 0.08)  ch3   +1.18 (max dev 0.08)[meter] 2.4000 GHz  windows 22415  with tone 9430  worst SNR 9.0 dB | ch1   +0.64 (max dev 0.06)  ch2   +0.79 (max dev 0.08)  ch3   +1.18 (max dev 0.08)

[meter] 5.2000 GHz  windows 22415  with tone 12861  worst SNR 8.6 dB | ch1   -1.92 (max dev 0.18)  ch2   -0.71 (max dev 0.43)  ch3   -0.17 (max dev 0.45)
[meter] 5.2000 GHz  windows 22415  with tone 12861  worst SNR 8.6 dB | ch1   -1.92 (max dev 0.18)  ch2   -0.71 (max dev 0.43)  ch3   -0.17 (max dev 0.45)
[meter] 5.8000 GHz  windows 22419  with tone 128  worst SNR 9.1 dB | ch1   -0.17 (max dev 0.06)  ch2   +1.59 (max dev 0.13)  ch3   +2.53 (max dev 0.15)
[meter] 5.8000 GHz  windows 22419  with tone 128  worst SNR 9.1 dB | ch1   -0.17 (max dev 0.06)  ch2   +1.59 (max dev 0.13)  ch3   +2.53 (max dev 0.15)
[meter] 2.4000 GHz  windows 22497  with tone 9430  worst SNR 9.0 dB | ch1   +0.64 (max dev 0.06)  ch2   +0.79 (max dev 0.08)  ch3   +1.18 (max dev 0.08)
[meter] 5.2000 GHz  windows 22497  with tone 12943  worst SNR 8.6 dB | ch1   -1.90 (max dev 0.16)  ch2   -0.84 (max dev 0.15)  ch3   -0.32 (max dev 0.19)
[meter] 5.8000 GHz  windows 22502  with tone 128  worst SNR 9.1 dB | ch1   -0.17 (max dev 0.06)  ch2   +1.59 (max dev 0.13)  ch3   +2.53 (max dev 0.15)
[meter] 2.4000 GHz  windows 22498  with tone 9430  worst SNR 9.0 dB | ch1   +0.64 (max dev 0.06)  ch2   +0.79 (max dev 0.08)  ch3   +1.18 (max dev 0.08)[meter] 2.4000 GHz  windows 22498  with tone 9430  worst SNR 9.0 dB | ch1   +0.64 (max dev 0.06)  ch2   +0.79 (max dev 0.08)  ch3   +1.18 (max dev 0.08)

[meter] 5.2000 GHz  windows 22498  with tone 12944  worst SNR 8.6 dB | ch1   -1.90 (max dev 0.16)  ch2   -0.84 (max dev 0.16)  ch3   -0.32 (max dev 0.17)
[meter] 5.2000 GHz  windows 22498  with tone 12944  worst SNR 8.6 dB | ch1   -1.90 (max dev 0.16)  ch2   -0.84 (max dev 0.16)  ch3   -0.32 (max dev 0.17)
[meter] 5.8000 GHz  windows 22503  with tone 128  worst SNR 9.1 dB | ch1   -0.17 (max dev 0.06)  ch2   +1.59 (max dev 0.13)  ch3   +2.53 (max dev 0.15)
[meter] 5.8000 GHz  windows 22503  with tone 128  worst SNR 9.1 dB | ch1   -0.17 (max dev 0.06)  ch2   +1.59 (max dev 0.13)  ch3   +2.53 (max dev 0.15)
[meter] 2.4000 GHz  windows 22581  with tone 9430  worst SNR 9.0 dB | ch1   +0.64 (max dev 0.06)  ch2   +0.79 (max dev 0.08)  ch3   +1.18 (max dev 0.08)
[meter] 5.2000 GHz  windows 22581  with tone 13027  worst SNR 8.6 dB | ch1   -1.90 (max dev 0.05)  ch2   -0.84 (max dev 0.10)  ch3   -0.34 (max dev 0.09)
[meter] 5.8000 GHz  windows 22585  with tone 128  worst SNR 9.1 dB | ch1   -0.17 (max dev 0.06)  ch2   +1.59 (max dev 0.13)  ch3   +2.53 (max dev 0.15)
[meter] 2.4000 GHz  windows 22582  with tone 9430  worst SNR 9.0 dB | ch1   +0.64 (max dev 0.06)  ch2   +0.79 (max dev 0.08)  ch3   +1.18 (max dev 0.08)[meter] 2.4000 GHz  windows 22582  with tone 9430  worst SNR 9.0 dB | ch1   +0.64 (max dev 0.06)  ch2   +0.79 (max dev 0.08)  ch3   +1.18 (max dev 0.08)

[meter] 5.2000 GHz  windows 22581  with tone 13027  worst SNR 8.6 dB | ch1   -1.90 (max dev 0.05)  ch2   -0.84 (max dev 0.10)  ch3   -0.34 (max dev 0.09)
[meter] 5.2000 GHz  windows 22581  with tone 13027  worst SNR 8.6 dB | ch1   -1.90 (max dev 0.05)  ch2   -0.84 (max dev 0.10)  ch3   -0.34 (max dev 0.09)
[meter] 5.8000 GHz  windows 22586  with tone 128  worst SNR 9.1 dB | ch1   -0.17 (max dev 0.06)  ch2   +1.59 (max dev 0.13)  ch3   +2.53 (max dev 0.15)
[meter] 5.8000 GHz  windows 22586  with tone 128  worst SNR 9.1 dB | ch1   -0.17 (max dev 0.06)  ch2   +1.59 (max dev 0.13)  ch3   +2.53 (max dev 0.15)
[meter] 2.4000 GHz  windows 22664  with tone 9430  worst SNR 9.0 dB | ch1   +0.64 (max dev 0.06)  ch2   +0.79 (max dev 0.08)  ch3   +1.18 (max dev 0.08)
[meter] 5.2000 GHz  windows 22664  with tone 13110  worst SNR 8.6 dB | ch1   -1.91 (max dev 0.05)  ch2   -0.95 (max dev 0.31)  ch3   -0.46 (max dev 0.33)
[meter] 5.8000 GHz  windows 22669  with tone 128  worst SNR 9.1 dB | ch1   -0.17 (max dev 0.06)  ch2   +1.59 (max dev 0.13)  ch3   +2.53 (max dev 0.15)
[meter] 2.4000 GHz  windows 22665  with tone 9430  worst SNR 9.0 dB | ch1   +0.64 (max dev 0.06)  ch2   +0.79 (max dev 0.08)  ch3   +1.18 (max dev 0.08)
[meter] 2.4000 GHz  windows 22665  with tone 9430  worst SNR 9.0 dB | ch1   +0.64 (max dev 0.06)  ch2   +0.79 (max dev 0.08)  ch3   +1.18 (max dev 0.08)
[meter] 5.2000 GHz  windows 22664  with tone 13110  worst SNR 8.6 dB | ch1   -1.91 (max dev 0.05)  ch2   -0.95 (max dev 0.31)  ch3   -0.46 (max dev 0.33)
[meter] 5.2000 GHz  windows 22664  with tone 13110  worst SNR 8.6 dB | ch1   -1.91 (max dev 0.05)  ch2   -0.95 (max dev 0.31)  ch3   -0.46 (max dev 0.33)
[meter] 5.8000 GHz  windows 22669  with tone 128  worst SNR 9.1 dB | ch1   -0.17 (max dev 0.06)  ch2   +1.59 (max dev 0.13)  ch3   +2.53 (max dev 0.15)
[meter] 5.8000 GHz  windows 22669  with tone 128  worst SNR 9.1 dB | ch1   -0.17 (max dev 0.06)  ch2   +1.59 (max dev 0.13)  ch3   +2.53 (max dev 0.15)
[meter] 2.4000 GHz  windows 22748  with tone 9430  worst SNR 9.0 dB | ch1   +0.64 (max dev 0.06)  ch2   +0.79 (max dev 0.08)  ch3   +1.18 (max dev 0.08)
[meter] 5.2000 GHz  windows 22747  with tone 13193  worst SNR 8.6 dB | ch1   -1.92 (max dev 0.05)  ch2   -1.10 (max dev 0.34)  ch3   -0.62 (max dev 0.35)
[meter] 5.8000 GHz  windows 22751  with tone 128  worst SNR 9.1 dB | ch1   -0.17 (max dev 0.06)  ch2   +1.59 (max dev 0.13)  ch3   +2.53 (max dev 0.15)
[meter] 2.4000 GHz  windows 22749  with tone 9430  worst SNR 9.0 dB | ch1   +0.64 (max dev 0.06)  ch2   +0.79 (max dev 0.08)  ch3   +1.18 (max dev 0.08)
[meter] 2.4000 GHz  windows 22749  with tone 9430  worst SNR 9.0 dB | ch1   +0.64 (max dev 0.06)  ch2   +0.79 (max dev 0.08)  ch3   +1.18 (max dev 0.08)[meter] 5.2000 GHz  windows 22748  with tone 13194  worst SNR 8.6 dB | ch1   -1.92 (max dev 0.05)  ch2   -1.10 (max dev 0.34)  ch3   -0.63 (max dev 0.35)

[meter] 5.8000 GHz  windows 22752  with tone 128  worst SNR 9.1 dB | ch1   -0.17 (max dev 0.06)  ch2   +1.59 (max dev 0.13)  ch3   +2.53 (max dev 0.15)
[meter] 5.2000 GHz  windows 22748  with tone 13194  worst SNR 8.6 dB | ch1   -1.92 (max dev 0.05)  ch2   -1.10 (max dev 0.34)  ch3   -0.63 (max dev 0.35)
[meter] 5.8000 GHz  windows 22752  with tone 128  worst SNR 9.1 dB | ch1   -0.17 (max dev 0.06)  ch2   +1.59 (max dev 0.13)  ch3   +2.53 (max dev 0.15)
[meter] 2.4000 GHz  windows 22831  with tone 9430  worst SNR 9.0 dB | ch1   +0.64 (max dev 0.06)  ch2   +0.79 (max dev 0.08)  ch3   +1.18 (max dev 0.08)
[meter] 5.2000 GHz  windows 22831  with tone 13277  worst SNR 8.6 dB | ch1   -1.94 (max dev 0.04)  ch2   -1.11 (max dev 0.17)  ch3   -0.64 (max dev 0.17)
[meter] 5.8000 GHz  windows 22835  with tone 128  worst SNR 9.1 dB | ch1   -0.17 (max dev 0.06)  ch2   +1.59 (max dev 0.13)  ch3   +2.53 (max dev 0.15)
[meter] 2.4000 GHz  windows 22832  with tone 9430  worst SNR 9.0 dB | ch1   +0.64 (max dev 0.06)  ch2   +0.79 (max dev 0.08)  ch3   +1.18 (max dev 0.08)
[meter] 2.4000 GHz  windows 22832  with tone 9430  worst SNR 9.0 dB | ch1   +0.64 (max dev 0.06)  ch2   +0.79 (max dev 0.08)  ch3   +1.18 (max dev 0.08)
[meter] 5.2000 GHz  windows 22832  with tone 13278  worst SNR 8.6 dB | ch1   -1.94 (max dev 0.04)  ch2   -1.11 (max dev 0.17)  ch3   -0.64 (max dev 0.17)
[meter] 5.2000 GHz  windows 22832  with tone 13278  worst SNR 8.6 dB | ch1   -1.94 (max dev 0.04)  ch2   -1.11 (max dev 0.17)  ch3   -0.64 (max dev 0.17)
[meter] 5.8000 GHz  windows 22835  with tone 128  worst SNR 9.1 dB | ch1   -0.17 (max dev 0.06)  ch2   +1.59 (max dev 0.13)  ch3   +2.53 (max dev 0.15)
[meter] 5.8000 GHz  windows 22835  with tone 128  worst SNR 9.1 dB | ch1   -0.17 (max dev 0.06)  ch2   +1.59 (max dev 0.13)  ch3   +2.53 (max dev 0.15)
[meter] 2.4000 GHz  windows 22915  with tone 9430  worst SNR 9.0 dB | ch1   +0.64 (max dev 0.06)  ch2   +0.79 (max dev 0.08)  ch3   +1.18 (max dev 0.08)
[meter] 5.2000 GHz  windows 22914  with tone 13360  worst SNR 8.6 dB | ch1   -1.93 (max dev 0.05)  ch2   -0.98 (max dev 0.22)  ch3   -0.51 (max dev 0.21)
[meter] 5.8000 GHz  windows 22918  with tone 128  worst SNR 9.1 dB | ch1   -0.17 (max dev 0.06)  ch2   +1.59 (max dev 0.13)  ch3   +2.53 (max dev 0.15)
[meter] 2.4000 GHz  windows 22915  with tone 9430  worst SNR 9.0 dB | ch1   +0.64 (max dev 0.06)  ch2   +0.79 (max dev 0.08)  ch3   +1.18 (max dev 0.08)
[meter] 2.4000 GHz  windows 22915  with tone 9430  worst SNR 9.0 dB | ch1   +0.64 (max dev 0.06)  ch2   +0.79 (max dev 0.08)  ch3   +1.18 (max dev 0.08)
[meter] 5.2000 GHz  windows 22915  with tone 13361  worst SNR 8.6 dB | ch1   -1.93 (max dev 0.05)  ch2   -0.98 (max dev 0.20)  ch3   -0.51 (max dev 0.21)
[meter] 5.2000 GHz  windows 22915  with tone 13361  worst SNR 8.6 dB | ch1   -1.93 (max dev 0.05)  ch2   -0.98 (max dev 0.20)  ch3   -0.51 (max dev 0.21)
[meter] 5.8000 GHz  windows 22919  with tone 128  worst SNR 9.1 dB | ch1   -0.17 (max dev 0.06)  ch2   +1.59 (max dev 0.13)  ch3   +2.53 (max dev 0.15)
[meter] 5.8000 GHz  windows 22919  with tone 128  worst SNR 9.1 dB | ch1   -0.17 (max dev 0.06)  ch2   +1.59 (max dev 0.13)  ch3   +2.53 (max dev 0.15)
[meter] 2.4000 GHz  windows 22998  with tone 9430  worst SNR 9.0 dB | ch1   +0.64 (max dev 0.06)  ch2   +0.79 (max dev 0.08)  ch3   +1.18 (max dev 0.08)
[meter] 5.2000 GHz  windows 22998  with tone 13444  worst SNR 8.6 dB | ch1   -1.92 (max dev 0.06)  ch2   -0.86 (max dev 0.17)  ch3   -0.38 (max dev 0.18)
[meter] 5.8000 GHz  windows 23001  with tone 128  worst SNR 9.1 dB | ch1   -0.17 (max dev 0.06)  ch2   +1.59 (max dev 0.13)  ch3   +2.53 (max dev 0.15)
[meter] 2.4000 GHz  windows 22999  with tone 9430  worst SNR 9.0 dB | ch1   +0.64 (max dev 0.06)  ch2   +0.79 (max dev 0.08)  ch3   +1.18 (max dev 0.08)
[meter] 2.4000 GHz  windows 22999  with tone 9430  worst SNR 9.0 dB | ch1   +0.64 (max dev 0.06)  ch2   +0.79 (max dev 0.08)  ch3   +1.18 (max dev 0.08)
[meter] 5.2000 GHz  windows 22998  with tone 13444  worst SNR 8.6 dB | ch1   -1.92 (max dev 0.06)  ch2   -0.86 (max dev 0.17)  ch3   -0.38 (max dev 0.18)
[meter] 5.2000 GHz  windows 22998  with tone 13444  worst SNR 8.6 dB | ch1   -1.92 (max dev 0.06)  ch2   -0.86 (max dev 0.17)  ch3   -0.38 (max dev 0.18)
[meter] 5.8000 GHz  windows 23002  with tone 128  worst SNR 9.1 dB | ch1   -0.17 (max dev 0.06)  ch2   +1.59 (max dev 0.13)  ch3   +2.53 (max dev 0.15)
[meter] 5.8000 GHz  windows 23002  with tone 128  worst SNR 9.1 dB | ch1   -0.17 (max dev 0.06)  ch2   +1.59 (max dev 0.13)  ch3   +2.53 (max dev 0.15)
[meter] 2.4000 GHz  windows 23081  with tone 9430  worst SNR 9.0 dB | ch1   +0.64 (max dev 0.06)  ch2   +0.79 (max dev 0.08)  ch3   +1.18 (max dev 0.08)
[meter] 5.2000 GHz  windows 23081  with tone 13527  worst SNR 8.6 dB | ch1   -1.89 (max dev 0.05)  ch2   -0.73 (max dev 0.19)  ch3   -0.25 (max dev 0.19)
[meter] 5.8000 GHz  windows 23085  with tone 128  worst SNR 9.1 dB | ch1   -0.17 (max dev 0.06)  ch2   +1.59 (max dev 0.13)  ch3   +2.53 (max dev 0.15)
[meter] 2.4000 GHz  windows 23082  with tone 9430  worst SNR 9.0 dB | ch1   +0.64 (max dev 0.06)  ch2   +0.79 (max dev 0.08)  ch3   +1.18 (max dev 0.08)
[meter] 5.2000 GHz  windows 23082  with tone 13528  worst SNR 8.6 dB | ch1   -1.89 (max dev 0.05)  ch2   -0.73 (max dev 0.19)  ch3   -0.24 (max dev 0.19)
[meter] 5.8000 GHz  windows 23085  with tone 128  worst SNR 9.1 dB | ch1   -0.17 (max dev 0.06)  ch2   +1.59 (max dev 0.13)  ch3   +2.53 (max dev 0.15)
[meter] 2.4000 GHz  windows 23082  with tone 9430  worst SNR 9.0 dB | ch1   +0.64 (max dev 0.06)  ch2   +0.79 (max dev 0.08)  ch3   +1.18 (max dev 0.08)
[meter] 5.2000 GHz  windows 23082  with tone 13528  worst SNR 8.6 dB | ch1   -1.89 (max dev 0.05)  ch2   -0.73 (max dev 0.19)  ch3   -0.24 (max dev 0.19)
[meter] 5.8000 GHz  windows 23086  with tone 128  worst SNR 9.1 dB | ch1   -0.17 (max dev 0.06)  ch2   +1.59 (max dev 0.13)  ch3   +2.53 (max dev 0.15)
[meter] 2.4000 GHz  windows 23165  with tone 9430  worst SNR 9.0 dB | ch1   +0.64 (max dev 0.06)  ch2   +0.79 (max dev 0.08)  ch3   +1.18 (max dev 0.08)
[meter] 5.2000 GHz  windows 23164  with tone 13610  worst SNR 8.6 dB | ch1   -1.87 (max dev 0.06)  ch2   -0.60 (max dev 0.21)  ch3   -0.10 (max dev 0.22)
[meter] 5.8000 GHz  windows 23168  with tone 128  worst SNR 9.1 dB | ch1   -0.17 (max dev 0.06)  ch2   +1.59 (max dev 0.13)  ch3   +2.53 (max dev 0.15)
[meter] 2.4000 GHz  windows 23165  with tone 9430  worst SNR 9.0 dB | ch1   +0.64 (max dev 0.06)  ch2   +0.79 (max dev 0.08)  ch3   +1.18 (max dev 0.08)
[meter] 5.2000 GHz  windows 23165  with tone 13611  worst SNR 8.6 dB | ch1   -1.87 (max dev 0.05)  ch2   -0.60 (max dev 0.17)  ch3   -0.10 (max dev 0.21)
[meter] 5.8000 GHz  windows 23169  with tone 128  worst SNR 9.1 dB | ch1   -0.17 (max dev 0.06)  ch2   +1.59 (max dev 0.13)  ch3   +2.53 (max dev 0.15)
[meter] 2.4000 GHz  windows 23166  with tone 9430  worst SNR 9.0 dB | ch1   +0.64 (max dev 0.06)  ch2   +0.79 (max dev 0.08)  ch3   +1.18 (max dev 0.08)
[meter] 5.2000 GHz  windows 23165  with tone 13611  worst SNR 8.6 dB | ch1   -1.87 (max dev 0.05)  ch2   -0.60 (max dev 0.17)  ch3   -0.10 (max dev 0.21)
[meter] 5.8000 GHz  windows 23169  with tone 128  worst SNR 9.1 dB | ch1   -0.17 (max dev 0.06)  ch2   +1.59 (max dev 0.13)  ch3   +2.53 (max dev 0.15)
[meter] 2.4000 GHz  windows 23248  with tone 9430  worst SNR 9.0 dB | ch1   +0.64 (max dev 0.06)  ch2   +0.79 (max dev 0.08)  ch3   +1.18 (max dev 0.08)
[meter] 5.2000 GHz  windows 23248  with tone 13694  worst SNR 8.6 dB | ch1   -1.84 (max dev 0.08)  ch2   -0.48 (max dev 0.15)  ch3   +0.02 (max dev 0.14)
[meter] 5.8000 GHz  windows 23251  with tone 128  worst SNR 9.1 dB | ch1   -0.17 (max dev 0.06)  ch2   +1.59 (max dev 0.13)  ch3   +2.53 (max dev 0.15)
[meter] 2.4000 GHz  windows 23249  with tone 9430  worst SNR 9.0 dB | ch1   +0.64 (max dev 0.06)  ch2   +0.79 (max dev 0.08)  ch3   +1.18 (max dev 0.08)
[meter] 2.4000 GHz  windows 23249  with tone 9430  worst SNR 9.0 dB | ch1   +0.64 (max dev 0.06)  ch2   +0.79 (max dev 0.08)  ch3   +1.18 (max dev 0.08)
[meter] 5.2000 GHz  windows 23248  with tone 13694  worst SNR 8.6 dB | ch1   -1.84 (max dev 0.08)  ch2   -0.48 (max dev 0.15)  ch3   +0.02 (max dev 0.14)
[meter] 5.8000 GHz  windows 23252  with tone 128  worst SNR 9.1 dB | ch1   -0.17 (max dev 0.06)  ch2   +1.59 (max dev 0.13)  ch3   +2.53 (max dev 0.15)
[meter] 5.2000 GHz  windows 23248  with tone 13694  worst SNR 8.6 dB | ch1   -1.84 (max dev 0.08)  ch2   -0.48 (max dev 0.15)  ch3   +0.02 (max dev 0.14)
[meter] 5.8000 GHz  windows 23252  with tone 128  worst SNR 9.1 dB | ch1   -0.17 (max dev 0.06)  ch2   +1.59 (max dev 0.13)  ch3   +2.53 (max dev 0.15)
[meter] 2.4000 GHz  windows 23331  with tone 9430  worst SNR 9.0 dB | ch1   +0.64 (max dev 0.06)  ch2   +0.79 (max dev 0.08)  ch3   +1.18 (max dev 0.08)
[meter] 5.2000 GHz  windows 23331  with tone 13777  worst SNR 8.6 dB | ch1   -1.80 (max dev 0.08)  ch2   -0.40 (max dev 0.11)  ch3   +0.11 (max dev 0.11)
[meter] 5.8000 GHz  windows 23335  with tone 128  worst SNR 9.1 dB | ch1   -0.17 (max dev 0.06)  ch2   +1.59 (max dev 0.13)  ch3   +2.53 (max dev 0.15)
[meter] 2.4000 GHz  windows 23332  with tone 9430  worst SNR 9.0 dB | ch1   +0.64 (max dev 0.06)  ch2   +0.79 (max dev 0.08)  ch3   +1.18 (max dev 0.08)
[meter] 2.4000 GHz  windows 23332  with tone 9430  worst SNR 9.0 dB | ch1   +0.64 (max dev 0.06)  ch2   +0.79 (max dev 0.08)  ch3   +1.18 (max dev 0.08)
[meter] 5.2000 GHz  windows 23332  with tone 13778  worst SNR 8.6 dB | ch1   -1.80 (max dev 0.08)  ch2   -0.40 (max dev 0.11)  ch3   +0.11 (max dev 0.11)
[meter] 5.8000 GHz  windows 23335  with tone 128  worst SNR 9.1 dB | ch1   -0.17 (max dev 0.06)  ch2   +1.59 (max dev 0.13)  ch3   +2.53 (max dev 0.15)
[meter] 5.2000 GHz  windows 23332  with tone 13778  worst SNR 8.6 dB | ch1   -1.80 (max dev 0.08)  ch2   -0.40 (max dev 0.11)  ch3   +0.11 (max dev 0.11)
[meter] 5.8000 GHz  windows 23335  with tone 128  worst SNR 9.1 dB | ch1   -0.17 (max dev 0.06)  ch2   +1.59 (max dev 0.13)  ch3   +2.53 (max dev 0.15)
[meter] 2.4000 GHz  windows 23415  with tone 9430  worst SNR 9.0 dB | ch1   +0.64 (max dev 0.06)  ch2   +0.79 (max dev 0.08)  ch3   +1.18 (max dev 0.08)
[meter] 5.2000 GHz  windows 23415  with tone 13861  worst SNR 8.6 dB | ch1   -1.77 (max dev 0.05)  ch2   -0.36 (max dev 0.06)  ch3   +0.16 (max dev 0.09)
[meter] 5.8000 GHz  windows 23418  with tone 128  worst SNR 9.1 dB | ch1   -0.17 (max dev 0.06)  ch2   +1.59 (max dev 0.13)  ch3   +2.53 (max dev 0.15)
[meter] 2.4000 GHz  windows 23416  with tone 9430  worst SNR 9.0 dB | ch1   +0.64 (max dev 0.06)  ch2   +0.79 (max dev 0.08)  ch3   +1.18 (max dev 0.08)[meter] 2.4000 GHz  windows 23416  with tone 9430  worst SNR 9.0 dB | ch1   +0.64 (max dev 0.06)  ch2   +0.79 (max dev 0.08)  ch3   +1.18 (max dev 0.08)

[meter] 5.2000 GHz  windows 23415  with tone 13861  worst SNR 8.6 dB | ch1   -1.77 (max dev 0.05)  ch2   -0.36 (max dev 0.06)  ch3   +0.16 (max dev 0.09)
[meter] 5.2000 GHz  windows 23415  with tone 13861  worst SNR 8.6 dB | ch1   -1.77 (max dev 0.05)  ch2   -0.36 (max dev 0.06)  ch3   +0.16 (max dev 0.09)
[meter] 5.8000 GHz  windows 23419  with tone 128  worst SNR 9.1 dB | ch1   -0.17 (max dev 0.06)  ch2   +1.59 (max dev 0.13)  ch3   +2.53 (max dev 0.15)
[meter] 5.8000 GHz  windows 23419  with tone 128  worst SNR 9.1 dB | ch1   -0.17 (max dev 0.06)  ch2   +1.59 (max dev 0.13)  ch3   +2.53 (max dev 0.15)
[meter] 2.4000 GHz  windows 23498  with tone 9430  worst SNR 9.0 dB | ch1   +0.64 (max dev 0.06)  ch2   +0.79 (max dev 0.08)  ch3   +1.18 (max dev 0.08)
[meter] 5.2000 GHz  windows 23498  with tone 13944  worst SNR 8.6 dB | ch1   -1.76 (max dev 0.03)  ch2   -0.34 (max dev 0.06)  ch3   +0.18 (max dev 0.06)
[meter] 5.8000 GHz  windows 23502  with tone 128  worst SNR 9.1 dB | ch1   -0.17 (max dev 0.06)  ch2   +1.59 (max dev 0.13)  ch3   +2.53 (max dev 0.15)
[meter] 2.4000 GHz  windows 23499  with tone 9430  worst SNR 9.0 dB | ch1   +0.64 (max dev 0.06)  ch2   +0.79 (max dev 0.08)  ch3   +1.18 (max dev 0.08)
[meter] 2.4000 GHz  windows 23499  with tone 9430  worst SNR 9.0 dB | ch1   +0.64 (max dev 0.06)  ch2   +0.79 (max dev 0.08)  ch3   +1.18 (max dev 0.08)
[meter] 5.2000 GHz  windows 23499  with tone 13945  worst SNR 8.6 dB | ch1   -1.76 (max dev 0.03)  ch2   -0.34 (max dev 0.06)  ch3   +0.18 (max dev 0.06)
[meter] 5.2000 GHz  windows 23499  with tone 13945  worst SNR 8.6 dB | ch1   -1.76 (max dev 0.03)  ch2   -0.34 (max dev 0.06)  ch3   +0.18 (max dev 0.06)
[meter] 5.8000 GHz  windows 23502  with tone 128  worst SNR 9.1 dB | ch1   -0.17 (max dev 0.06)  ch2   +1.59 (max dev 0.13)  ch3   +2.53 (max dev 0.15)
[meter] 5.8000 GHz  windows 23502  with tone 128  worst SNR 9.1 dB | ch1   -0.17 (max dev 0.06)  ch2   +1.59 (max dev 0.13)  ch3   +2.53 (max dev 0.15)
[meter] 2.4000 GHz  windows 23581  with tone 9430  worst SNR 9.0 dB | ch1   +0.64 (max dev 0.06)  ch2   +0.79 (max dev 0.08)  ch3   +1.18 (max dev 0.08)
[meter] 5.2000 GHz  windows 23581  with tone 14027  worst SNR 8.6 dB | ch1   -1.75 (max dev 0.04)  ch2   -0.32 (max dev 0.07)  ch3   +0.20 (max dev 0.08)
[meter] 5.8000 GHz  windows 23585  with tone 128  worst SNR 9.1 dB | ch1   -0.17 (max dev 0.06)  ch2   +1.59 (max dev 0.13)  ch3   +2.53 (max dev 0.15)
[meter] 2.4000 GHz  windows 23582  with tone 9430  worst SNR 9.0 dB | ch1   +0.64 (max dev 0.06)  ch2   +0.79 (max dev 0.08)  ch3   +1.18 (max dev 0.08)[meter] 2.4000 GHz  windows 23582  with tone 9430  worst SNR 9.0 dB | ch1   +0.64 (max dev 0.06)  ch2   +0.79 (max dev 0.08)  ch3   +1.18 (max dev 0.08)

[meter] 5.2000 GHz  windows 23582  with tone 14028  worst SNR 8.6 dB | ch1   -1.75 (max dev 0.04)  ch2   -0.32 (max dev 0.07)  ch3   +0.20 (max dev 0.08)
[meter] 5.2000 GHz  windows 23582  with tone 14028  worst SNR 8.6 dB | ch1   -1.75 (max dev 0.04)  ch2   -0.32 (max dev 0.07)  ch3   +0.20 (max dev 0.08)
[meter] 5.8000 GHz  windows 23586  with tone 128  worst SNR 9.1 dB | ch1   -0.17 (max dev 0.06)  ch2   +1.59 (max dev 0.13)  ch3   +2.53 (max dev 0.15)
[meter] 5.8000 GHz  windows 23586  with tone 128  worst SNR 9.1 dB | ch1   -0.17 (max dev 0.06)  ch2   +1.59 (max dev 0.13)  ch3   +2.53 (max dev 0.15)
[meter] 2.4000 GHz  windows 23665  with tone 9430  worst SNR 9.0 dB | ch1   +0.64 (max dev 0.06)  ch2   +0.79 (max dev 0.08)  ch3   +1.18 (max dev 0.08)
[meter] 5.2000 GHz  windows 23665  with tone 14111  worst SNR 8.6 dB | ch1   -1.75 (max dev 0.04)  ch2   -0.29 (max dev 0.07)  ch3   +0.23 (max dev 0.09)
[meter] 5.8000 GHz  windows 23668  with tone 128  worst SNR 9.1 dB | ch1   -0.17 (max dev 0.06)  ch2   +1.59 (max dev 0.13)  ch3   +2.53 (max dev 0.15)
[meter] 2.4000 GHz  windows 23666  with tone 9430  worst SNR 9.0 dB | ch1   +0.64 (max dev 0.06)  ch2   +0.79 (max dev 0.08)  ch3   +1.18 (max dev 0.08)
[meter] 2.4000 GHz  windows 23666  with tone 9430  worst SNR 9.0 dB | ch1   +0.64 (max dev 0.06)  ch2   +0.79 (max dev 0.08)  ch3   +1.18 (max dev 0.08)
[meter] 5.2000 GHz  windows 23665  with tone 14111  worst SNR 8.6 dB | ch1   -1.75 (max dev 0.04)  ch2   -0.29 (max dev 0.07)  ch3   +0.23 (max dev 0.09)
[meter] 5.2000 GHz  windows 23665  with tone 14111  worst SNR 8.6 dB | ch1   -1.75 (max dev 0.04)  ch2   -0.29 (max dev 0.07)  ch3   +0.23 (max dev 0.09)
[meter] 5.8000 GHz  windows 23669  with tone 128  worst SNR 9.1 dB | ch1   -0.17 (max dev 0.06)  ch2   +1.59 (max dev 0.13)  ch3   +2.53 (max dev 0.15)
[meter] 5.8000 GHz  windows 23669  with tone 128  worst SNR 9.1 dB | ch1   -0.17 (max dev 0.06)  ch2   +1.59 (max dev 0.13)  ch3   +2.53 (max dev 0.15)
[meter] 2.4000 GHz  windows 23748  with tone 9430  worst SNR 9.0 dB | ch1   +0.64 (max dev 0.06)  ch2   +0.79 (max dev 0.08)  ch3   +1.18 (max dev 0.08)
[meter] 5.2000 GHz  windows 23748  with tone 14194  worst SNR 8.6 dB | ch1   -1.75 (max dev 0.04)  ch2   -0.27 (max dev 0.08)  ch3   +0.26 (max dev 0.08)
[meter] 5.8000 GHz  windows 23752  with tone 128  worst SNR 9.1 dB | ch1   -0.17 (max dev 0.06)  ch2   +1.59 (max dev 0.13)  ch3   +2.53 (max dev 0.15)
[meter] 2.4000 GHz  windows 23749  with tone 9430  worst SNR 9.0 dB | ch1   +0.64 (max dev 0.06)  ch2   +0.79 (max dev 0.08)  ch3   +1.18 (max dev 0.08)
[meter] 5.2000 GHz  windows 23748  with tone 14194  worst SNR 8.6 dB | ch1   -1.75 (max dev 0.04)  ch2   -0.27 (max dev 0.08)  ch3   +0.26 (max dev 0.08)
[meter] 5.8000 GHz  windows 23752  with tone 128  worst SNR 9.1 dB | ch1   -0.17 (max dev 0.06)  ch2   +1.59 (max dev 0.13)  ch3   +2.53 (max dev 0.15)
[meter] 2.4000 GHz  windows 23749  with tone 9430  worst SNR 9.0 dB | ch1   +0.64 (max dev 0.06)  ch2   +0.79 (max dev 0.08)  ch3   +1.18 (max dev 0.08)
[meter] 5.2000 GHz  windows 23749  with tone 14195  worst SNR 8.6 dB | ch1   -1.75 (max dev 0.04)  ch2   -0.26 (max dev 0.08)  ch3   +0.26 (max dev 0.09)
[meter] 5.8000 GHz  windows 23752  with tone 128  worst SNR 9.1 dB | ch1   -0.17 (max dev 0.06)  ch2   +1.59 (max dev 0.13)  ch3   +2.53 (max dev 0.15)
[meter] 2.4000 GHz  windows 23832  with tone 9430  worst SNR 9.0 dB | ch1   +0.64 (max dev 0.06)  ch2   +0.79 (max dev 0.08)  ch3   +1.18 (max dev 0.08)
[meter] 5.2000 GHz  windows 23831  with tone 14277  worst SNR 8.6 dB | ch1   -1.74 (max dev 0.04)  ch2   -0.24 (max dev 0.06)  ch3   +0.29 (max dev 0.07)
[meter] 5.8000 GHz  windows 23835  with tone 128  worst SNR 9.1 dB | ch1   -0.17 (max dev 0.06)  ch2   +1.59 (max dev 0.13)  ch3   +2.53 (max dev 0.15)
[meter] 2.4000 GHz  windows 23832  with tone 9430  worst SNR 9.0 dB | ch1   +0.64 (max dev 0.06)  ch2   +0.79 (max dev 0.08)  ch3   +1.18 (max dev 0.08)
[meter] 5.2000 GHz  windows 23832  with tone 14278  worst SNR 8.6 dB | ch1   -1.74 (max dev 0.04)  ch2   -0.24 (max dev 0.06)  ch3   +0.29 (max dev 0.07)
[meter] 5.8000 GHz  windows 23835  with tone 128  worst SNR 9.1 dB | ch1   -0.17 (max dev 0.06)  ch2   +1.59 (max dev 0.13)  ch3   +2.53 (max dev 0.15)
[meter] 2.4000 GHz  windows 23832  with tone 9430  worst SNR 9.0 dB | ch1   +0.64 (max dev 0.06)  ch2   +0.79 (max dev 0.08)  ch3   +1.18 (max dev 0.08)
[meter] 5.2000 GHz  windows 23832  with tone 14278  worst SNR 8.6 dB | ch1   -1.74 (max dev 0.04)  ch2   -0.24 (max dev 0.06)  ch3   +0.29 (max dev 0.07)
[meter] 5.8000 GHz  windows 23836  with tone 128  worst SNR 9.1 dB | ch1   -0.17 (max dev 0.06)  ch2   +1.59 (max dev 0.13)  ch3   +2.53 (max dev 0.15)
[meter] 2.4000 GHz  windows 23915  with tone 9430  worst SNR 9.0 dB | ch1   +0.64 (max dev 0.06)  ch2   +0.79 (max dev 0.08)  ch3   +1.18 (max dev 0.08)
[meter] 5.2000 GHz  windows 23915  with tone 14361  worst SNR 8.6 dB | ch1   -1.74 (max dev 0.04)  ch2   -0.21 (max dev 0.05)  ch3   +0.32 (max dev 0.05)
[meter] 5.8000 GHz  windows 23919  with tone 128  worst SNR 9.1 dB | ch1   -0.17 (max dev 0.06)  ch2   +1.59 (max dev 0.13)  ch3   +2.53 (max dev 0.15)
[meter] 2.4000 GHz  windows 23916  with tone 9430  worst SNR 9.0 dB | ch1   +0.64 (max dev 0.06)  ch2   +0.79 (max dev 0.08)  ch3   +1.18 (max dev 0.08)
[meter] 5.2000 GHz  windows 23915  with tone 14361  worst SNR 8.6 dB | ch1   -1.74 (max dev 0.04)  ch2   -0.21 (max dev 0.05)  ch3   +0.32 (max dev 0.05)
[meter] 2.4000 GHz  windows 23916  with tone 9430  worst SNR 9.0 dB | ch1   +0.64 (max dev 0.06)  ch2   +0.79 (max dev 0.08)  ch3   +1.18 (max dev 0.08)
[meter] 5.8000 GHz  windows 23919  with tone 128  worst SNR 9.1 dB | ch1   -0.17 (max dev 0.06)  ch2   +1.59 (max dev 0.13)  ch3   +2.53 (max dev 0.15)
[meter] 5.2000 GHz  windows 23916  with tone 14362  worst SNR 8.6 dB | ch1   -1.74 (max dev 0.04)  ch2   -0.21 (max dev 0.05)  ch3   +0.32 (max dev 0.05)
[meter] 5.8000 GHz  windows 23919  with tone 128  worst SNR 9.1 dB | ch1   -0.17 (max dev 0.06)  ch2   +1.59 (max dev 0.13)  ch3   +2.53 (max dev 0.15)
[meter] 2.4000 GHz  windows 23999  with tone 9430  worst SNR 9.0 dB | ch1   +0.64 (max dev 0.06)  ch2   +0.79 (max dev 0.08)  ch3   +1.18 (max dev 0.08)
[meter] 5.2000 GHz  windows 23998  with tone 14444  worst SNR 8.6 dB | ch1   -1.74 (max dev 0.04)  ch2   -0.21 (max dev 0.05)  ch3   +0.33 (max dev 0.07)
[meter] 5.8000 GHz  windows 24002  with tone 128  worst SNR 9.1 dB | ch1   -0.17 (max dev 0.06)  ch2   +1.59 (max dev 0.13)  ch3   +2.53 (max dev 0.15)
[meter] 2.4000 GHz  windows 23999  with tone 9430  worst SNR 9.0 dB | ch1   +0.64 (max dev 0.06)  ch2   +0.79 (max dev 0.08)  ch3   +1.18 (max dev 0.08)
[meter] 5.2000 GHz  windows 23999  with tone 14445  worst SNR 8.6 dB | ch1   -1.74 (max dev 0.04)  ch2   -0.20 (max dev 0.05)  ch3   +0.33 (max dev 0.07)
[meter] 5.8000 GHz  windows 24002  with tone 128  worst SNR 9.1 dB | ch1   -0.17 (max dev 0.06)  ch2   +1.59 (max dev 0.13)  ch3   +2.53 (max dev 0.15)
[meter] 2.4000 GHz  windows 23999  with tone 9430  worst SNR 9.0 dB | ch1   +0.64 (max dev 0.06)  ch2   +0.79 (max dev 0.08)  ch3   +1.18 (max dev 0.08)
[meter] 5.2000 GHz  windows 23999  with tone 14445  worst SNR 8.6 dB | ch1   -1.74 (max dev 0.04)  ch2   -0.20 (max dev 0.05)  ch3   +0.33 (max dev 0.07)
[meter] 5.8000 GHz  windows 24003  with tone 128  worst SNR 9.1 dB | ch1   -0.17 (max dev 0.06)  ch2   +1.59 (max dev 0.13)  ch3   +2.53 (max dev 0.15)
[meter] 2.4000 GHz  windows 24082  with tone 9430  worst SNR 9.0 dB | ch1   +0.64 (max dev 0.06)  ch2   +0.79 (max dev 0.08)  ch3   +1.18 (max dev 0.08)
[meter] 5.2000 GHz  windows 24082  with tone 14528  worst SNR 8.6 dB | ch1   -1.74 (max dev 0.03)  ch2   -0.19 (max dev 0.06)  ch3   +0.34 (max dev 0.07)
[meter] 5.8000 GHz  windows 24086  with tone 128  worst SNR 9.1 dB | ch1   -0.17 (max dev 0.06)  ch2   +1.59 (max dev 0.13)  ch3   +2.53 (max dev 0.15)
[meter] 2.4000 GHz  windows 24083  with tone 9430  worst SNR 9.0 dB | ch1   +0.64 (max dev 0.06)  ch2   +0.79 (max dev 0.08)  ch3   +1.18 (max dev 0.08)
[meter] 5.2000 GHz  windows 24082  with tone 14528  worst SNR 8.6 dB | ch1   -1.74 (max dev 0.03)  ch2   -0.19 (max dev 0.06)  ch3   +0.34 (max dev 0.07)
[meter] 5.8000 GHz  windows 24086  with tone 128  worst SNR 9.1 dB | ch1   -0.17 (max dev 0.06)  ch2   +1.59 (max dev 0.13)  ch3   +2.53 (max dev 0.15)
[meter] 2.4000 GHz  windows 24083  with tone 9430  worst SNR 9.0 dB | ch1   +0.64 (max dev 0.06)  ch2   +0.79 (max dev 0.08)  ch3   +1.18 (max dev 0.08)
[meter] 5.2000 GHz  windows 24082  with tone 14528  worst SNR 8.6 dB | ch1   -1.74 (max dev 0.03)  ch2   -0.19 (max dev 0.06)  ch3   +0.34 (max dev 0.07)
[meter] 5.8000 GHz  windows 24086  with tone 128  worst SNR 9.1 dB | ch1   -0.17 (max dev 0.06)  ch2   +1.59 (max dev 0.13)  ch3   +2.53 (max dev 0.15)
[meter] 2.4000 GHz  windows 24165  with tone 9430  worst SNR 9.0 dB | ch1   +0.64 (max dev 0.06)  ch2   +0.79 (max dev 0.08)  ch3   +1.18 (max dev 0.08)
[meter] 5.2000 GHz  windows 24165  with tone 14611  worst SNR 8.6 dB | ch1   -1.74 (max dev 0.04)  ch2   -0.17 (max dev 0.08)  ch3   +0.36 (max dev 0.06)
[meter] 5.8000 GHz  windows 24169  with tone 128  worst SNR 9.1 dB | ch1   -0.17 (max dev 0.06)  ch2   +1.59 (max dev 0.13)  ch3   +2.53 (max dev 0.15)
[meter] 2.4000 GHz  windows 24166  with tone 9430  worst SNR 9.0 dB | ch1   +0.64 (max dev 0.06)  ch2   +0.79 (max dev 0.08)  ch3   +1.18 (max dev 0.08)
[meter] 5.2000 GHz  windows 24166  with tone 14612  worst SNR 8.6 dB | ch1   -1.74 (max dev 0.04)  ch2   -0.17 (max dev 0.08)  ch3   +0.36 (max dev 0.06)
[meter] 5.8000 GHz  windows 24169  with tone 128  worst SNR 9.1 dB | ch1   -0.17 (max dev 0.06)  ch2   +1.59 (max dev 0.13)  ch3   +2.53 (max dev 0.15)
[meter] 2.4000 GHz  windows 24166  with tone 9430  worst SNR 9.0 dB | ch1   +0.64 (max dev 0.06)  ch2   +0.79 (max dev 0.08)  ch3   +1.18 (max dev 0.08)
[meter] 5.2000 GHz  windows 24166  with tone 14612  worst SNR 8.6 dB | ch1   -1.74 (max dev 0.04)  ch2   -0.17 (max dev 0.08)  ch3   +0.36 (max dev 0.06)
[meter] 5.8000 GHz  windows 24170  with tone 128  worst SNR 9.1 dB | ch1   -0.17 (max dev 0.06)  ch2   +1.59 (max dev 0.13)  ch3   +2.53 (max dev 0.15)
[meter] 2.4000 GHz  windows 24248  with tone 9430  worst SNR 9.0 dB | ch1   +0.64 (max dev 0.06)  ch2   +0.79 (max dev 0.08)  ch3   +1.18 (max dev 0.08)
[meter] 5.2000 GHz  windows 24247  with tone 14693  worst SNR 8.6 dB | ch1   -1.73 (max dev 0.04)  ch2   -0.19 (max dev 0.16)  ch3   +0.34 (max dev 0.17)
[meter] 5.8000 GHz  windows 24252  with tone 128  worst SNR 9.1 dB | ch1   -0.17 (max dev 0.06)  ch2   +1.59 (max dev 0.13)  ch3   +2.53 (max dev 0.15)
[meter] 2.4000 GHz  windows 24249  with tone 9430  worst SNR 9.0 dB | ch1   +0.64 (max dev 0.06)  ch2   +0.79 (max dev 0.08)  ch3   +1.18 (max dev 0.08)
[meter] 5.2000 GHz  windows 24247  with tone 14693  worst SNR 8.6 dB | ch1   -1.73 (max dev 0.04)  ch2   -0.19 (max dev 0.16)  ch3   +0.34 (max dev 0.17)
[meter] 5.8000 GHz  windows 24252  with tone 128  worst SNR 9.1 dB | ch1   -0.17 (max dev 0.06)  ch2   +1.59 (max dev 0.13)  ch3   +2.53 (max dev 0.15)
[meter] 2.4000 GHz  windows 24249  with tone 9430  worst SNR 9.0 dB | ch1   +0.64 (max dev 0.06)  ch2   +0.79 (max dev 0.08)  ch3   +1.18 (max dev 0.08)
[meter] 5.2000 GHz  windows 24248  with tone 14694  worst SNR 8.6 dB | ch1   -1.73 (max dev 0.04)  ch2   -0.19 (max dev 0.16)  ch3   +0.34 (max dev 0.17)
[meter] 5.8000 GHz  windows 24252  with tone 128  worst SNR 9.1 dB | ch1   -0.17 (max dev 0.06)  ch2   +1.59 (max dev 0.13)  ch3   +2.53 (max dev 0.15)
[meter] 2.4000 GHz  windows 24332  with tone 9430  worst SNR 9.0 dB | ch1   +0.64 (max dev 0.06)  ch2   +0.79 (max dev 0.08)  ch3   +1.18 (max dev 0.08)
[meter] 5.2000 GHz  windows 24331  with tone 14777  worst SNR 8.6 dB | ch1   -1.73 (max dev 0.04)  ch2   -0.27 (max dev 0.18)  ch3   +0.27 (max dev 0.16)
[meter] 5.8000 GHz  windows 24335  with tone 128  worst SNR 9.1 dB | ch1   -0.17 (max dev 0.06)  ch2   +1.59 (max dev 0.13)  ch3   +2.53 (max dev 0.15)
[meter] 2.4000 GHz  windows 24333  with tone 9430  worst SNR 9.0 dB | ch1   +0.64 (max dev 0.06)  ch2   +0.79 (max dev 0.08)  ch3   +1.18 (max dev 0.08)
[meter] 5.2000 GHz  windows 24331  with tone 14777  worst SNR 8.6 dB | ch1   -1.73 (max dev 0.04)  ch2   -0.27 (max dev 0.18)  ch3   +0.27 (max dev 0.16)
[meter] 5.8000 GHz  windows 24336  with tone 128  worst SNR 9.1 dB | ch1   -0.17 (max dev 0.06)  ch2   +1.59 (max dev 0.13)  ch3   +2.53 (max dev 0.15)
[meter] 2.4000 GHz  windows 24333  with tone 9430  worst SNR 9.0 dB | ch1   +0.64 (max dev 0.06)  ch2   +0.79 (max dev 0.08)  ch3   +1.18 (max dev 0.08)
[meter] 5.2000 GHz  windows 24332  with tone 14778  worst SNR 8.6 dB | ch1   -1.73 (max dev 0.04)  ch2   -0.27 (max dev 0.18)  ch3   +0.27 (max dev 0.16)
[meter] 5.8000 GHz  windows 24336  with tone 128  worst SNR 9.1 dB | ch1   -0.17 (max dev 0.06)  ch2   +1.59 (max dev 0.13)  ch3   +2.53 (max dev 0.15)
[meter] 2.4000 GHz  windows 24416  with tone 9430  worst SNR 9.0 dB | ch1   +0.64 (max dev 0.06)  ch2   +0.79 (max dev 0.08)  ch3   +1.18 (max dev 0.08)
[meter] 5.2000 GHz  windows 24414  with tone 14860  worst SNR 8.6 dB | ch1   -1.73 (max dev 0.05)  ch2   -0.34 (max dev 0.08)  ch3   +0.19 (max dev 0.10)
[meter] 5.8000 GHz  windows 24419  with tone 128  worst SNR 9.1 dB | ch1   -0.17 (max dev 0.06)  ch2   +1.59 (max dev 0.13)  ch3   +2.53 (max dev 0.15)
[meter] 2.4000 GHz  windows 24416  with tone 9430  worst SNR 9.0 dB | ch1   +0.64 (max dev 0.06)  ch2   +0.79 (max dev 0.08)  ch3   +1.18 (max dev 0.08)
[meter] 5.2000 GHz  windows 24415  with tone 14861  worst SNR 8.6 dB | ch1   -1.73 (max dev 0.05)  ch2   -0.34 (max dev 0.08)  ch3   +0.19 (max dev 0.08)
[meter] 5.8000 GHz  windows 24419  with tone 128  worst SNR 9.1 dB | ch1   -0.17 (max dev 0.06)  ch2   +1.59 (max dev 0.13)  ch3   +2.53 (max dev 0.15)
[meter] 2.4000 GHz  windows 24416  with tone 9430  worst SNR 9.0 dB | ch1   +0.64 (max dev 0.06)  ch2   +0.79 (max dev 0.08)  ch3   +1.18 (max dev 0.08)
[meter] 5.2000 GHz  windows 24415  with tone 14861  worst SNR 8.6 dB | ch1   -1.73 (max dev 0.05)  ch2   -0.34 (max dev 0.08)  ch3   +0.19 (max dev 0.08)
[meter] 5.8000 GHz  windows 24420  with tone 128  worst SNR 9.1 dB | ch1   -0.17 (max dev 0.06)  ch2   +1.59 (max dev 0.13)  ch3   +2.53 (max dev 0.15)
[meter] 2.4000 GHz  windows 24499  with tone 9430  worst SNR 9.0 dB | ch1   +0.64 (max dev 0.06)  ch2   +0.79 (max dev 0.08)  ch3   +1.18 (max dev 0.08)
[meter] 5.2000 GHz  windows 24498  with tone 14944  worst SNR 8.6 dB | ch1   -1.75 (max dev 0.04)  ch2   -0.34 (max dev 0.10)  ch3   +0.19 (max dev 0.09)
[meter] 5.8000 GHz  windows 24502  with tone 128  worst SNR 9.1 dB | ch1   -0.17 (max dev 0.06)  ch2   +1.59 (max dev 0.13)  ch3   +2.53 (max dev 0.15)
[meter] 2.4000 GHz  windows 24499  with tone 9430  worst SNR 9.0 dB | ch1   +0.64 (max dev 0.06)  ch2   +0.79 (max dev 0.08)  ch3   +1.18 (max dev 0.08)
[meter] 5.2000 GHz  windows 24498  with tone 14944  worst SNR 8.6 dB | ch1   -1.75 (max dev 0.04)  ch2   -0.34 (max dev 0.10)  ch3   +0.19 (max dev 0.09)
[meter] 5.8000 GHz  windows 24503  with tone 128  worst SNR 9.1 dB | ch1   -0.17 (max dev 0.06)  ch2   +1.59 (max dev 0.13)  ch3   +2.53 (max dev 0.15)
[meter] 2.4000 GHz  windows 24500  with tone 9430  worst SNR 9.0 dB | ch1   +0.64 (max dev 0.06)  ch2   +0.79 (max dev 0.08)  ch3   +1.18 (max dev 0.08)
[meter] 5.2000 GHz  windows 24499  with tone 14945  worst SNR 8.6 dB | ch1   -1.75 (max dev 0.04)  ch2   -0.34 (max dev 0.09)  ch3   +0.19 (max dev 0.08)
[meter] 5.8000 GHz  windows 24503  with tone 128  worst SNR 9.1 dB | ch1   -0.17 (max dev 0.06)  ch2   +1.59 (max dev 0.13)  ch3   +2.53 (max dev 0.15)
[meter] 2.4000 GHz  windows 24582  with tone 9430  worst SNR 9.0 dB | ch1   +0.64 (max dev 0.06)  ch2   +0.79 (max dev 0.08)  ch3   +1.18 (max dev 0.08)
[meter] 5.2000 GHz  windows 24581  with tone 15027  worst SNR 8.6 dB | ch1   -1.75 (max dev 0.04)  ch2   -0.28 (max dev 0.12)  ch3   +0.24 (max dev 0.14)
[meter] 5.8000 GHz  windows 24586  with tone 128  worst SNR 9.1 dB | ch1   -0.17 (max dev 0.06)  ch2   +1.59 (max dev 0.13)  ch3   +2.53 (max dev 0.15)
[meter] 2.4000 GHz  windows 24583  with tone 9430  worst SNR 9.0 dB | ch1   +0.64 (max dev 0.06)  ch2   +0.79 (max dev 0.08)  ch3   +1.18 (max dev 0.08)
[meter] 5.2000 GHz  windows 24581  with tone 15027  worst SNR 8.6 dB | ch1   -1.75 (max dev 0.04)  ch2   -0.28 (max dev 0.12)  ch3   +0.24 (max dev 0.14)
[meter] 5.8000 GHz  windows 24586  with tone 128  worst SNR 9.1 dB | ch1   -0.17 (max dev 0.06)  ch2   +1.59 (max dev 0.13)  ch3   +2.53 (max dev 0.15)
[meter] 2.4000 GHz  windows 24583  with tone 9430  worst SNR 9.0 dB | ch1   +0.64 (max dev 0.06)  ch2   +0.79 (max dev 0.08)  ch3   +1.18 (max dev 0.08)
[meter] 5.2000 GHz  windows 24582  with tone 15028  worst SNR 8.6 dB | ch1   -1.75 (max dev 0.04)  ch2   -0.27 (max dev 0.12)  ch3   +0.24 (max dev 0.13)
[meter] 5.8000 GHz  windows 24587  with tone 128  worst SNR 9.1 dB | ch1   -0.17 (max dev 0.06)  ch2   +1.59 (max dev 0.13)  ch3   +2.53 (max dev 0.15)
[meter] 2.4000 GHz  windows 24666  with tone 9430  worst SNR 9.0 dB | ch1   +0.64 (max dev 0.06)  ch2   +0.79 (max dev 0.08)  ch3   +1.18 (max dev 0.08)
[meter] 5.2000 GHz  windows 24664  with tone 15110  worst SNR 8.6 dB | ch1   -1.76 (max dev 0.07)  ch2   -0.19 (max dev 0.13)  ch3   +0.33 (max dev 0.15)
[meter] 5.8000 GHz  windows 24669  with tone 128  worst SNR 9.1 dB | ch1   -0.17 (max dev 0.06)  ch2   +1.59 (max dev 0.13)  ch3   +2.53 (max dev 0.15)
[meter] 2.4000 GHz  windows 24666  with tone 9430  worst SNR 9.0 dB | ch1   +0.64 (max dev 0.06)  ch2   +0.79 (max dev 0.08)  ch3   +1.18 (max dev 0.08)
[meter] 5.2000 GHz  windows 24665  with tone 15111  worst SNR 8.6 dB | ch1   -1.76 (max dev 0.08)  ch2   -0.19 (max dev 0.13)  ch3   +0.33 (max dev 0.15)
[meter] 5.8000 GHz  windows 24670  with tone 128  worst SNR 9.1 dB | ch1   -0.17 (max dev 0.06)  ch2   +1.59 (max dev 0.13)  ch3   +2.53 (max dev 0.15)
[meter] 2.4000 GHz  windows 24667  with tone 9430  worst SNR 9.0 dB | ch1   +0.64 (max dev 0.06)  ch2   +0.79 (max dev 0.08)  ch3   +1.18 (max dev 0.08)
[meter] 5.2000 GHz  windows 24666  with tone 15112  worst SNR 8.6 dB | ch1   -1.76 (max dev 0.08)  ch2   -0.19 (max dev 0.13)  ch3   +0.33 (max dev 0.15)
[meter] 5.8000 GHz  windows 24670  with tone 128  worst SNR 9.1 dB | ch1   -0.17 (max dev 0.06)  ch2   +1.59 (max dev 0.13)  ch3   +2.53 (max dev 0.15)
[meter] 2.4000 GHz  windows 24749  with tone 9430  worst SNR 9.0 dB | ch1   +0.64 (max dev 0.06)  ch2   +0.79 (max dev 0.08)  ch3   +1.18 (max dev 0.08)
[meter] 5.2000 GHz  windows 24746  with tone 15192  worst SNR 8.6 dB | ch1   -1.82 (max dev 0.16)  ch2   -0.13 (max dev 0.07)  ch3   +0.39 (max dev 0.10)
[meter] 5.8000 GHz  windows 24752  with tone 128  worst SNR 9.1 dB | ch1   -0.17 (max dev 0.06)  ch2   +1.59 (max dev 0.13)  ch3   +2.53 (max dev 0.15)
[meter] 2.4000 GHz  windows 24749  with tone 9430  worst SNR 9.0 dB | ch1   +0.64 (max dev 0.06)  ch2   +0.79 (max dev 0.08)  ch3   +1.18 (max dev 0.08)
[meter] 5.2000 GHz  windows 24747  with tone 15193  worst SNR 8.6 dB | ch1   -1.82 (max dev 0.16)  ch2   -0.13 (max dev 0.07)  ch3   +0.39 (max dev 0.10)
[meter] 5.8000 GHz  windows 24752  with tone 128  worst SNR 9.1 dB | ch1   -0.17 (max dev 0.06)  ch2   +1.59 (max dev 0.13)  ch3   +2.53 (max dev 0.15)
[meter] 2.4000 GHz  windows 24750  with tone 9430  worst SNR 9.0 dB | ch1   +0.64 (max dev 0.06)  ch2   +0.79 (max dev 0.08)  ch3   +1.18 (max dev 0.08)
[meter] 5.2000 GHz  windows 24748  with tone 15194  worst SNR 8.6 dB | ch1   -1.83 (max dev 0.16)  ch2   -0.13 (max dev 0.07)  ch3   +0.39 (max dev 0.10)
[meter] 5.8000 GHz  windows 24754  with tone 128  worst SNR 9.1 dB | ch1   -0.17 (max dev 0.06)  ch2   +1.59 (max dev 0.13)  ch3   +2.53 (max dev 0.15)
[meter] 2.4000 GHz  windows 24832  with tone 9430  worst SNR 9.0 dB | ch1   +0.64 (max dev 0.06)  ch2   +0.79 (max dev 0.08)  ch3   +1.18 (max dev 0.08)
[meter] 5.2000 GHz  windows 24830  with tone 15276  worst SNR 8.6 dB | ch1   -1.93 (max dev 0.17)  ch2   -0.09 (max dev 0.08)  ch3   +0.44 (max dev 0.09)
[meter] 5.8000 GHz  windows 24836  with tone 128  worst SNR 9.1 dB | ch1   -0.17 (max dev 0.06)  ch2   +1.59 (max dev 0.13)  ch3   +2.53 (max dev 0.15)
[meter] 2.4000 GHz  windows 24833  with tone 9430  worst SNR 9.0 dB | ch1   +0.64 (max dev 0.06)  ch2   +0.79 (max dev 0.08)  ch3   +1.18 (max dev 0.08)
[meter] 5.2000 GHz  windows 24830  with tone 15276  worst SNR 8.6 dB | ch1   -1.93 (max dev 0.17)  ch2   -0.09 (max dev 0.08)  ch3   +0.44 (max dev 0.09)
[meter] 5.8000 GHz  windows 24836  with tone 128  worst SNR 9.1 dB | ch1   -0.17 (max dev 0.06)  ch2   +1.59 (max dev 0.13)  ch3   +2.53 (max dev 0.15)
[meter] 2.4000 GHz  windows 24834  with tone 9430  worst SNR 9.0 dB | ch1   +0.64 (max dev 0.06)  ch2   +0.79 (max dev 0.08)  ch3   +1.18 (max dev 0.08)
[meter] 5.2000 GHz  windows 24831  with tone 15277  worst SNR 8.6 dB | ch1   -1.93 (max dev 0.17)  ch2   -0.09 (max dev 0.08)  ch3   +0.44 (max dev 0.09)
[meter] 5.8000 GHz  windows 24837  with tone 128  worst SNR 9.1 dB | ch1   -0.17 (max dev 0.06)  ch2   +1.59 (max dev 0.13)  ch3   +2.53 (max dev 0.15)
[meter] 2.4000 GHz  windows 24916  with tone 9430  worst SNR 9.0 dB | ch1   +0.64 (max dev 0.06)  ch2   +0.79 (max dev 0.08)  ch3   +1.18 (max dev 0.08)
[meter] 5.2000 GHz  windows 24914  with tone 15360  worst SNR 8.6 dB | ch1   -2.05 (max dev 0.17)  ch2   -0.06 (max dev 0.06)  ch3   +0.47 (max dev 0.07)
[meter] 5.8000 GHz  windows 24919  with tone 128  worst SNR 9.1 dB | ch1   -0.17 (max dev 0.06)  ch2   +1.59 (max dev 0.13)  ch3   +2.53 (max dev 0.15)
[meter] 2.4000 GHz  windows 24916  with tone 9430  worst SNR 9.0 dB | ch1   +0.64 (max dev 0.06)  ch2   +0.79 (max dev 0.08)  ch3   +1.18 (max dev 0.08)
[meter] 5.2000 GHz  windows 24914  with tone 15360  worst SNR 8.6 dB | ch1   -2.05 (max dev 0.17)  ch2   -0.06 (max dev 0.06)  ch3   +0.47 (max dev 0.07)
[meter] 5.8000 GHz  windows 24920  with tone 128  worst SNR 9.1 dB | ch1   -0.17 (max dev 0.06)  ch2   +1.59 (max dev 0.13)  ch3   +2.53 (max dev 0.15)
[meter] 2.4000 GHz  windows 24917  with tone 9430  worst SNR 9.0 dB | ch1   +0.64 (max dev 0.06)  ch2   +0.79 (max dev 0.08)  ch3   +1.18 (max dev 0.08)
[meter] 5.2000 GHz  windows 24915  with tone 15361  worst SNR 8.6 dB | ch1   -2.05 (max dev 0.16)  ch2   -0.06 (max dev 0.06)  ch3   +0.47 (max dev 0.07)
[meter] 5.8000 GHz  windows 24920  with tone 128  worst SNR 9.1 dB | ch1   -0.17 (max dev 0.06)  ch2   +1.59 (max dev 0.13)  ch3   +2.53 (max dev 0.15)
[meter] 2.4000 GHz  windows 24999  with tone 9430  worst SNR 9.0 dB | ch1   +0.64 (max dev 0.06)  ch2   +0.79 (max dev 0.08)  ch3   +1.18 (max dev 0.08)
[meter] 5.2000 GHz  windows 24997  with tone 15443  worst SNR 8.6 dB | ch1   -2.17 (max dev 0.20)  ch2   -0.04 (max dev 0.06)  ch3   +0.49 (max dev 0.06)
[meter] 5.8000 GHz  windows 25003  with tone 128  worst SNR 9.1 dB | ch1   -0.17 (max dev 0.06)  ch2   +1.59 (max dev 0.13)  ch3   +2.53 (max dev 0.15)
[meter] 2.4000 GHz  windows 25000  with tone 9430  worst SNR 9.0 dB | ch1   +0.64 (max dev 0.06)  ch2   +0.79 (max dev 0.08)  ch3   +1.18 (max dev 0.08)
[meter] 5.2000 GHz  windows 24997  with tone 15443  worst SNR 8.6 dB | ch1   -2.17 (max dev 0.20)  ch2   -0.04 (max dev 0.06)  ch3   +0.49 (max dev 0.06)
[meter] 5.8000 GHz  windows 25003  with tone 128  worst SNR 9.1 dB | ch1   -0.17 (max dev 0.06)  ch2   +1.59 (max dev 0.13)  ch3   +2.53 (max dev 0.15)
[meter] 2.4000 GHz  windows 25000  with tone 9430  worst SNR 9.0 dB | ch1   +0.64 (max dev 0.06)  ch2   +0.79 (max dev 0.08)  ch3   +1.18 (max dev 0.08)
[meter] 5.2000 GHz  windows 24998  with tone 15444  worst SNR 8.6 dB | ch1   -2.17 (max dev 0.20)  ch2   -0.04 (max dev 0.06)  ch3   +0.49 (max dev 0.06)
[meter] 5.8000 GHz  windows 25004  with tone 128  worst SNR 9.1 dB | ch1   -0.17 (max dev 0.06)  ch2   +1.59 (max dev 0.13)  ch3   +2.53 (max dev 0.15)
[meter] 2.4000 GHz  windows 25083  with tone 9430  worst SNR 9.0 dB | ch1   +0.64 (max dev 0.06)  ch2   +0.79 (max dev 0.08)  ch3   +1.18 (max dev 0.08)
[meter] 5.2000 GHz  windows 25080  with tone 15526  worst SNR 8.6 dB | ch1   -2.32 (max dev 0.23)  ch2   -0.06 (max dev 0.06)  ch3   +0.47 (max dev 0.07)
[meter] 5.8000 GHz  windows 25086  with tone 128  worst SNR 9.1 dB | ch1   -0.17 (max dev 0.06)  ch2   +1.59 (max dev 0.13)  ch3   +2.53 (max dev 0.15)
[meter] 2.4000 GHz  windows 25083  with tone 9430  worst SNR 9.0 dB | ch1   +0.64 (max dev 0.06)  ch2   +0.79 (max dev 0.08)  ch3   +1.18 (max dev 0.08)
[meter] 5.2000 GHz  windows 25081  with tone 15527  worst SNR 8.6 dB | ch1   -2.32 (max dev 0.23)  ch2   -0.06 (max dev 0.06)  ch3   +0.47 (max dev 0.07)
[meter] 5.8000 GHz  windows 25086  with tone 128  worst SNR 9.1 dB | ch1   -0.17 (max dev 0.06)  ch2   +1.59 (max dev 0.13)  ch3   +2.53 (max dev 0.15)
[meter] 2.4000 GHz  windows 25084  with tone 9430  worst SNR 9.0 dB | ch1   +0.64 (max dev 0.06)  ch2   +0.79 (max dev 0.08)  ch3   +1.18 (max dev 0.08)
[meter] 5.2000 GHz  windows 25082  with tone 15528  worst SNR 8.6 dB | ch1   -2.32 (max dev 0.22)  ch2   -0.06 (max dev 0.06)  ch3   +0.47 (max dev 0.07)
[meter] 5.8000 GHz  windows 25087  with tone 128  worst SNR 9.1 dB | ch1   -0.17 (max dev 0.06)  ch2   +1.59 (max dev 0.13)  ch3   +2.53 (max dev 0.15)
[meter] 2.4000 GHz  windows 25166  with tone 9430  worst SNR 9.0 dB | ch1   +0.64 (max dev 0.06)  ch2   +0.79 (max dev 0.08)  ch3   +1.18 (max dev 0.08)
[meter] 5.2000 GHz  windows 25164  with tone 15610  worst SNR 8.6 dB | ch1   -2.48 (max dev 0.21)  ch2   -0.10 (max dev 0.09)  ch3   +0.43 (max dev 0.09)
[meter] 5.8000 GHz  windows 25170  with tone 128  worst SNR 9.1 dB | ch1   -0.17 (max dev 0.06)  ch2   +1.59 (max dev 0.13)  ch3   +2.53 (max dev 0.15)
[meter] 2.4000 GHz  windows 25167  with tone 9430  worst SNR 9.0 dB | ch1   +0.64 (max dev 0.06)  ch2   +0.79 (max dev 0.08)  ch3   +1.18 (max dev 0.08)
[meter] 5.2000 GHz  windows 25164  with tone 15610  worst SNR 8.6 dB | ch1   -2.48 (max dev 0.21)  ch2   -0.10 (max dev 0.09)  ch3   +0.43 (max dev 0.09)
[meter] 5.8000 GHz  windows 25170  with tone 128  worst SNR 9.1 dB | ch1   -0.17 (max dev 0.06)  ch2   +1.59 (max dev 0.13)  ch3   +2.53 (max dev 0.15)
[meter] 2.4000 GHz  windows 25168  with tone 9430  worst SNR 9.0 dB | ch1   +0.64 (max dev 0.06)  ch2   +0.79 (max dev 0.08)  ch3   +1.18 (max dev 0.08)
[meter] 5.2000 GHz  windows 25165  with tone 15611  worst SNR 8.6 dB | ch1   -2.48 (max dev 0.21)  ch2   -0.10 (max dev 0.08)  ch3   +0.43 (max dev 0.09)
[meter] 5.8000 GHz  windows 25171  with tone 128  worst SNR 9.1 dB | ch1   -0.17 (max dev 0.06)  ch2   +1.59 (max dev 0.13)  ch3   +2.53 (max dev 0.15)
[meter] 2.4000 GHz  windows 25249  with tone 9430  worst SNR 9.0 dB | ch1   +0.64 (max dev 0.06)  ch2   +0.79 (max dev 0.08)  ch3   +1.18 (max dev 0.08)
[meter] 5.2000 GHz  windows 25247  with tone 15693  worst SNR 8.6 dB | ch1   -2.61 (max dev 0.18)  ch2   -0.14 (max dev 0.08)  ch3   +0.39 (max dev 0.08)
[meter] 5.8000 GHz  windows 25253  with tone 128  worst SNR 9.1 dB | ch1   -0.17 (max dev 0.06)  ch2   +1.59 (max dev 0.13)  ch3   +2.53 (max dev 0.15)
[meter] 2.4000 GHz  windows 25250  with tone 9430  worst SNR 9.0 dB | ch1   +0.64 (max dev 0.06)  ch2   +0.79 (max dev 0.08)  ch3   +1.18 (max dev 0.08)
[meter] 5.2000 GHz  windows 25248  with tone 15694  worst SNR 8.6 dB | ch1   -2.61 (max dev 0.17)  ch2   -0.14 (max dev 0.08)  ch3   +0.39 (max dev 0.08)
[meter] 5.8000 GHz  windows 25253  with tone 128  worst SNR 9.1 dB | ch1   -0.17 (max dev 0.06)  ch2   +1.59 (max dev 0.13)  ch3   +2.53 (max dev 0.15)
[meter] 2.4000 GHz  windows 25251  with tone 9430  worst SNR 9.0 dB | ch1   +0.64 (max dev 0.06)  ch2   +0.79 (max dev 0.08)  ch3   +1.18 (max dev 0.08)
[meter] 5.2000 GHz  windows 25249  with tone 15695  worst SNR 8.6 dB | ch1   -2.61 (max dev 0.17)  ch2   -0.14 (max dev 0.08)  ch3   +0.39 (max dev 0.08)
[meter] 5.8000 GHz  windows 25254  with tone 128  worst SNR 9.1 dB | ch1   -0.17 (max dev 0.06)  ch2   +1.59 (max dev 0.13)  ch3   +2.53 (max dev 0.15)
[meter] 2.4000 GHz  windows 25333  with tone 9430  worst SNR 9.0 dB | ch1   +0.64 (max dev 0.06)  ch2   +0.79 (max dev 0.08)  ch3   +1.18 (max dev 0.08)
[meter] 5.2000 GHz  windows 25330  with tone 15776  worst SNR 8.6 dB | ch1   -2.71 (max dev 0.13)  ch2   -0.18 (max dev 0.06)  ch3   +0.35 (max dev 0.07)
[meter] 5.8000 GHz  windows 25336  with tone 128  worst SNR 9.1 dB | ch1   -0.17 (max dev 0.06)  ch2   +1.59 (max dev 0.13)  ch3   +2.53 (max dev 0.15)
[meter] 2.4000 GHz  windows 25333  with tone 9430  worst SNR 9.0 dB | ch1   +0.64 (max dev 0.06)  ch2   +0.79 (max dev 0.08)  ch3   +1.18 (max dev 0.08)
[meter] 5.2000 GHz  windows 25331  with tone 15777  worst SNR 8.6 dB | ch1   -2.71 (max dev 0.13)  ch2   -0.18 (max dev 0.06)  ch3   +0.35 (max dev 0.07)
[meter] 5.8000 GHz  windows 25337  with tone 128  worst SNR 9.1 dB | ch1   -0.17 (max dev 0.06)  ch2   +1.59 (max dev 0.13)  ch3   +2.53 (max dev 0.15)
[meter] 2.4000 GHz  windows 25334  with tone 9430  worst SNR 9.0 dB | ch1   +0.64 (max dev 0.06)  ch2   +0.79 (max dev 0.08)  ch3   +1.18 (max dev 0.08)
[meter] 5.2000 GHz  windows 25332  with tone 15778  worst SNR 8.6 dB | ch1   -2.71 (max dev 0.13)  ch2   -0.18 (max dev 0.05)  ch3   +0.35 (max dev 0.07)
[meter] 5.8000 GHz  windows 25338  with tone 128  worst SNR 9.1 dB | ch1   -0.17 (max dev 0.06)  ch2   +1.59 (max dev 0.13)  ch3   +2.53 (max dev 0.15)
[meter] 2.4000 GHz  windows 25416  with tone 9430  worst SNR 9.0 dB | ch1   +0.64 (max dev 0.06)  ch2   +0.79 (max dev 0.08)  ch3   +1.18 (max dev 0.08)
[meter] 5.2000 GHz  windows 25414  with tone 15860  worst SNR 8.6 dB | ch1   -2.81 (max dev 0.15)  ch2   -0.20 (max dev 0.05)  ch3   +0.33 (max dev 0.06)
[meter] 5.8000 GHz  windows 25419  with tone 128  worst SNR 9.1 dB | ch1   -0.17 (max dev 0.06)  ch2   +1.59 (max dev 0.13)  ch3   +2.53 (max dev 0.15)
[meter] 2.4000 GHz  windows 25417  with tone 9430  worst SNR 9.0 dB | ch1   +0.64 (max dev 0.06)  ch2   +0.79 (max dev 0.08)  ch3   +1.18 (max dev 0.08)
[meter] 5.2000 GHz  windows 25414  with tone 15860  worst SNR 8.6 dB | ch1   -2.81 (max dev 0.15)  ch2   -0.20 (max dev 0.05)  ch3   +0.33 (max dev 0.06)
[meter] 5.8000 GHz  windows 25420  with tone 128  worst SNR 9.1 dB | ch1   -0.17 (max dev 0.06)  ch2   +1.59 (max dev 0.13)  ch3   +2.53 (max dev 0.15)
[meter] 2.4000 GHz  windows 25418  with tone 9430  worst SNR 9.0 dB | ch1   +0.64 (max dev 0.06)  ch2   +0.79 (max dev 0.08)  ch3   +1.18 (max dev 0.08)
[meter] 5.2000 GHz  windows 25415  with tone 15861  worst SNR 8.6 dB | ch1   -2.81 (max dev 0.15)  ch2   -0.20 (max dev 0.05)  ch3   +0.33 (max dev 0.06)
[meter] 5.8000 GHz  windows 25421  with tone 128  worst SNR 9.1 dB | ch1   -0.17 (max dev 0.06)  ch2   +1.59 (max dev 0.13)  ch3   +2.53 (max dev 0.15)
[meter] 2.4000 GHz  windows 25499  with tone 9430  worst SNR 9.0 dB | ch1   +0.64 (max dev 0.06)  ch2   +0.79 (max dev 0.08)  ch3   +1.18 (max dev 0.08)
[meter] 5.2000 GHz  windows 25497  with tone 15943  worst SNR 8.6 dB | ch1   -2.96 (max dev 0.36)  ch2   -0.21 (max dev 0.10)  ch3   +0.31 (max dev 0.09)
[meter] 5.8000 GHz  windows 25503  with tone 128  worst SNR 9.1 dB | ch1   -0.17 (max dev 0.06)  ch2   +1.59 (max dev 0.13)  ch3   +2.53 (max dev 0.15)
[meter] 2.4000 GHz  windows 25500  with tone 9430  worst SNR 9.0 dB | ch1   +0.64 (max dev 0.06)  ch2   +0.79 (max dev 0.08)  ch3   +1.18 (max dev 0.08)
[meter] 5.2000 GHz  windows 25498  with tone 15944  worst SNR 8.6 dB | ch1   -2.97 (max dev 0.36)  ch2   -0.21 (max dev 0.10)  ch3   +0.31 (max dev 0.09)
[meter] 5.8000 GHz  windows 25503  with tone 128  worst SNR 9.1 dB | ch1   -0.17 (max dev 0.06)  ch2   +1.59 (max dev 0.13)  ch3   +2.53 (max dev 0.15)
[meter] 2.4000 GHz  windows 25501  with tone 9430  worst SNR 9.0 dB | ch1   +0.64 (max dev 0.06)  ch2   +0.79 (max dev 0.08)  ch3   +1.18 (max dev 0.08)
[meter] 5.2000 GHz  windows 25499  with tone 15945  worst SNR 8.6 dB | ch1   -2.97 (max dev 0.36)  ch2   -0.21 (max dev 0.10)  ch3   +0.31 (max dev 0.09)
[meter] 5.8000 GHz  windows 25504  with tone 128  worst SNR 9.1 dB | ch1   -0.17 (max dev 0.06)  ch2   +1.59 (max dev 0.13)  ch3   +2.53 (max dev 0.15)
[meter] 2.4000 GHz  windows 25583  with tone 9430  worst SNR 9.0 dB | ch1   +0.64 (max dev 0.06)  ch2   +0.79 (max dev 0.08)  ch3   +1.18 (max dev 0.08)
[meter] 5.2000 GHz  windows 25581  with tone 16027  worst SNR 8.6 dB | ch1   -3.28 (max dev 0.39)  ch2   -0.29 (max dev 0.17)  ch3   +0.23 (max dev 0.17)
[meter] 5.8000 GHz  windows 25586  with tone 128  worst SNR 9.1 dB | ch1   -0.17 (max dev 0.06)  ch2   +1.59 (max dev 0.13)  ch3   +2.53 (max dev 0.15)
[meter] 2.4000 GHz  windows 25584  with tone 9430  worst SNR 9.0 dB | ch1   +0.64 (max dev 0.06)  ch2   +0.79 (max dev 0.08)  ch3   +1.18 (max dev 0.08)
[meter] 5.2000 GHz  windows 25581  with tone 16027  worst SNR 8.6 dB | ch1   -3.28 (max dev 0.39)  ch2   -0.29 (max dev 0.17)  ch3   +0.23 (max dev 0.17)
[meter] 5.8000 GHz  windows 25587  with tone 128  worst SNR 9.1 dB | ch1   -0.17 (max dev 0.06)  ch2   +1.59 (max dev 0.13)  ch3   +2.53 (max dev 0.15)
[meter] 2.4000 GHz  windows 25584  with tone 9430  worst SNR 9.0 dB | ch1   +0.64 (max dev 0.06)  ch2   +0.79 (max dev 0.08)  ch3   +1.18 (max dev 0.08)
[meter] 5.2000 GHz  windows 25582  with tone 16028  worst SNR 8.6 dB | ch1   -3.29 (max dev 0.38)  ch2   -0.29 (max dev 0.16)  ch3   +0.23 (max dev 0.16)
[meter] 5.8000 GHz  windows 25587  with tone 128  worst SNR 9.1 dB | ch1   -0.17 (max dev 0.06)  ch2   +1.59 (max dev 0.13)  ch3   +2.53 (max dev 0.15)
[meter] 2.4000 GHz  windows 25667  with tone 9430  worst SNR 9.0 dB | ch1   +0.64 (max dev 0.06)  ch2   +0.79 (max dev 0.08)  ch3   +1.18 (max dev 0.08)
[meter] 5.2000 GHz  windows 25664  with tone 16110  worst SNR 8.6 dB | ch1   -3.58 (max dev 0.47)  ch2   -0.35 (max dev 0.16)  ch3   +0.15 (max dev 0.16)
[meter] 5.8000 GHz  windows 25670  with tone 128  worst SNR 9.1 dB | ch1   -0.17 (max dev 0.06)  ch2   +1.59 (max dev 0.13)  ch3   +2.53 (max dev 0.15)
[meter] 2.4000 GHz  windows 25667  with tone 9430  worst SNR 9.0 dB | ch1   +0.64 (max dev 0.06)  ch2   +0.79 (max dev 0.08)  ch3   +1.18 (max dev 0.08)
[meter] 5.2000 GHz  windows 25665  with tone 16111  worst SNR 8.6 dB | ch1   -3.59 (max dev 0.46)  ch2   -0.35 (max dev 0.16)  ch3   +0.15 (max dev 0.16)
[meter] 5.8000 GHz  windows 25670  with tone 128  worst SNR 9.1 dB | ch1   -0.17 (max dev 0.06)  ch2   +1.59 (max dev 0.13)  ch3   +2.53 (max dev 0.15)
[meter] 2.4000 GHz  windows 25668  with tone 9430  worst SNR 9.0 dB | ch1   +0.64 (max dev 0.06)  ch2   +0.79 (max dev 0.08)  ch3   +1.18 (max dev 0.08)
[meter] 5.2000 GHz  windows 25665  with tone 16111  worst SNR 8.6 dB | ch1   -3.59 (max dev 0.46)  ch2   -0.35 (max dev 0.16)  ch3   +0.15 (max dev 0.16)
[meter] 5.8000 GHz  windows 25671  with tone 128  worst SNR 9.1 dB | ch1   -0.17 (max dev 0.06)  ch2   +1.59 (max dev 0.13)  ch3   +2.53 (max dev 0.15)
[meter] 2.4000 GHz  windows 25750  with tone 9430  worst SNR 9.0 dB | ch1   +0.64 (max dev 0.06)  ch2   +0.79 (max dev 0.08)  ch3   +1.18 (max dev 0.08)
[meter] 5.2000 GHz  windows 25748  with tone 16194  worst SNR 8.6 dB | ch1   -3.79 (max dev 0.21)  ch2   -0.39 (max dev 0.19)  ch3   +0.10 (max dev 0.14)
[meter] 5.8000 GHz  windows 25753  with tone 128  worst SNR 9.1 dB | ch1   -0.17 (max dev 0.06)  ch2   +1.59 (max dev 0.13)  ch3   +2.53 (max dev 0.15)
[meter] 2.4000 GHz  windows 25751  with tone 9430  worst SNR 9.0 dB | ch1   +0.64 (max dev 0.06)  ch2   +0.79 (max dev 0.08)  ch3   +1.18 (max dev 0.08)
[meter] 5.2000 GHz  windows 25748  with tone 16194  worst SNR 8.6 dB | ch1   -3.79 (max dev 0.21)  ch2   -0.39 (max dev 0.19)  ch3   +0.10 (max dev 0.14)
[meter] 5.8000 GHz  windows 25754  with tone 128  worst SNR 9.1 dB | ch1   -0.17 (max dev 0.06)  ch2   +1.59 (max dev 0.13)  ch3   +2.53 (max dev 0.15)
[meter] 2.4000 GHz  windows 25751  with tone 9430  worst SNR 9.0 dB | ch1   +0.64 (max dev 0.06)  ch2   +0.79 (max dev 0.08)  ch3   +1.18 (max dev 0.08)
[meter] 5.2000 GHz  windows 25749  with tone 16195  worst SNR 8.6 dB | ch1   -3.79 (max dev 0.21)  ch2   -0.39 (max dev 0.19)  ch3   +0.10 (max dev 0.14)
[meter] 5.8000 GHz  windows 25754  with tone 128  worst SNR 9.1 dB | ch1   -0.17 (max dev 0.06)  ch2   +1.59 (max dev 0.13)  ch3   +2.53 (max dev 0.15)
[meter] 2.4000 GHz  windows 25833  with tone 9430  worst SNR 9.0 dB | ch1   +0.64 (max dev 0.06)  ch2   +0.79 (max dev 0.08)  ch3   +1.18 (max dev 0.08)
[meter] 5.2000 GHz  windows 25831  with tone 16277  worst SNR 8.6 dB | ch1   -3.93 (max dev 0.27)  ch2   -0.42 (max dev 0.22)  ch3   +0.08 (max dev 0.18)
[meter] 5.8000 GHz  windows 25837  with tone 128  worst SNR 9.1 dB | ch1   -0.17 (max dev 0.06)  ch2   +1.59 (max dev 0.13)  ch3   +2.53 (max dev 0.15)
[meter] 2.4000 GHz  windows 25834  with tone 9430  worst SNR 9.0 dB | ch1   +0.64 (max dev 0.06)  ch2   +0.79 (max dev 0.08)  ch3   +1.18 (max dev 0.08)
[meter] 5.2000 GHz  windows 25832  with tone 16278  worst SNR 8.6 dB | ch1   -3.93 (max dev 0.27)  ch2   -0.42 (max dev 0.22)  ch3   +0.08 (max dev 0.18)
[meter] 5.8000 GHz  windows 25837  with tone 128  worst SNR 9.1 dB | ch1   -0.17 (max dev 0.06)  ch2   +1.59 (max dev 0.13)  ch3   +2.53 (max dev 0.15)
[meter] 2.4000 GHz  windows 25835  with tone 9430  worst SNR 9.0 dB | ch1   +0.64 (max dev 0.06)  ch2   +0.79 (max dev 0.08)  ch3   +1.18 (max dev 0.08)
[meter] 5.2000 GHz  windows 25832  with tone 16278  worst SNR 8.6 dB | ch1   -3.93 (max dev 0.27)  ch2   -0.42 (max dev 0.22)  ch3   +0.08 (max dev 0.18)
[meter] 5.8000 GHz  windows 25838  with tone 128  worst SNR 9.1 dB | ch1   -0.17 (max dev 0.06)  ch2   +1.59 (max dev 0.13)  ch3   +2.53 (max dev 0.15)
[meter] 2.4000 GHz  windows 25916  with tone 9430  worst SNR 9.0 dB | ch1   +0.64 (max dev 0.06)  ch2   +0.79 (max dev 0.08)  ch3   +1.18 (max dev 0.08)
[meter] 5.2000 GHz  windows 25914  with tone 16360  worst SNR 8.6 dB | ch1   -4.10 (max dev 0.36)  ch2   -0.47 (max dev 0.35)  ch3   +0.02 (max dev 0.35)
[meter] 5.8000 GHz  windows 25920  with tone 128  worst SNR 9.1 dB | ch1   -0.17 (max dev 0.06)  ch2   +1.59 (max dev 0.13)  ch3   +2.53 (max dev 0.15)
[meter] 2.4000 GHz  windows 25917  with tone 9430  worst SNR 9.0 dB | ch1   +0.64 (max dev 0.06)  ch2   +0.79 (max dev 0.08)  ch3   +1.18 (max dev 0.08)
[meter] 5.2000 GHz  windows 25915  with tone 16361  worst SNR 8.6 dB | ch1   -4.11 (max dev 0.36)  ch2   -0.47 (max dev 0.35)  ch3   +0.02 (max dev 0.35)
[meter] 5.8000 GHz  windows 25921  with tone 128  worst SNR 9.1 dB | ch1   -0.17 (max dev 0.06)  ch2   +1.59 (max dev 0.13)  ch3   +2.53 (max dev 0.15)
[meter] 2.4000 GHz  windows 25918  with tone 9430  worst SNR 9.0 dB | ch1   +0.64 (max dev 0.06)  ch2   +0.79 (max dev 0.08)  ch3   +1.18 (max dev 0.08)
[meter] 5.2000 GHz  windows 25916  with tone 16362  worst SNR 8.6 dB | ch1   -4.11 (max dev 0.35)  ch2   -0.48 (max dev 0.34)  ch3   +0.02 (max dev 0.35)
[meter] 5.8000 GHz  windows 25921  with tone 128  worst SNR 9.1 dB | ch1   -0.17 (max dev 0.06)  ch2   +1.59 (max dev 0.13)  ch3   +2.53 (max dev 0.15)
[meter] 2.4000 GHz  windows 26000  with tone 9430  worst SNR 9.0 dB | ch1   +0.64 (max dev 0.06)  ch2   +0.79 (max dev 0.08)  ch3   +1.18 (max dev 0.08)
[meter] 5.2000 GHz  windows 25998  with tone 16444  worst SNR 8.6 dB | ch1   -4.32 (max dev 0.37)  ch2   -0.59 (max dev 0.32)  ch3   -0.09 (max dev 0.31)
[meter] 5.8000 GHz  windows 26003  with tone 128  worst SNR 9.1 dB | ch1   -0.17 (max dev 0.06)  ch2   +1.59 (max dev 0.13)  ch3   +2.53 (max dev 0.15)
[meter] 2.4000 GHz  windows 26001  with tone 9430  worst SNR 9.0 dB | ch1   +0.64 (max dev 0.06)  ch2   +0.79 (max dev 0.08)  ch3   +1.18 (max dev 0.08)
[meter] 5.2000 GHz  windows 25998  with tone 16444  worst SNR 8.6 dB | ch1   -4.32 (max dev 0.37)  ch2   -0.59 (max dev 0.32)  ch3   -0.09 (max dev 0.31)
[meter] 5.8000 GHz  windows 26004  with tone 128  worst SNR 9.1 dB | ch1   -0.17 (max dev 0.06)  ch2   +1.59 (max dev 0.13)  ch3   +2.53 (max dev 0.15)
[meter] 2.4000 GHz  windows 26001  with tone 9430  worst SNR 9.0 dB | ch1   +0.64 (max dev 0.06)  ch2   +0.79 (max dev 0.08)  ch3   +1.18 (max dev 0.08)
[meter] 5.2000 GHz  windows 25999  with tone 16445  worst SNR 8.6 dB | ch1   -4.32 (max dev 0.38)  ch2   -0.59 (max dev 0.32)  ch3   -0.09 (max dev 0.31)
[meter] 5.8000 GHz  windows 26005  with tone 128  worst SNR 9.1 dB | ch1   -0.17 (max dev 0.06)  ch2   +1.59 (max dev 0.13)  ch3   +2.53 (max dev 0.15)
[meter] 2.4000 GHz  windows 26083  with tone 9430  worst SNR 9.0 dB | ch1   +0.64 (max dev 0.06)  ch2   +0.79 (max dev 0.08)  ch3   +1.18 (max dev 0.08)
[meter] 5.2000 GHz  windows 26081  with tone 16527  worst SNR 8.6 dB | ch1   -4.47 (max dev 0.26)  ch2   -0.71 (max dev 0.33)  ch3   -0.23 (max dev 0.28)
[meter] 5.8000 GHz  windows 26087  with tone 128  worst SNR 9.1 dB | ch1   -0.17 (max dev 0.06)  ch2   +1.59 (max dev 0.13)  ch3   +2.53 (max dev 0.15)
[meter] 2.4000 GHz  windows 26084  with tone 9430  worst SNR 9.0 dB | ch1   +0.64 (max dev 0.06)  ch2   +0.79 (max dev 0.08)  ch3   +1.18 (max dev 0.08)
[meter] 5.2000 GHz  windows 26082  with tone 16528  worst SNR 8.6 dB | ch1   -4.47 (max dev 0.26)  ch2   -0.71 (max dev 0.33)  ch3   -0.23 (max dev 0.28)
[meter] 5.8000 GHz  windows 26088  with tone 128  worst SNR 9.1 dB | ch1   -0.17 (max dev 0.06)  ch2   +1.59 (max dev 0.13)  ch3   +2.53 (max dev 0.15)
[meter] 2.4000 GHz  windows 26085  with tone 9430  worst SNR 9.0 dB | ch1   +0.64 (max dev 0.06)  ch2   +0.79 (max dev 0.08)  ch3   +1.18 (max dev 0.08)
[meter] 5.2000 GHz  windows 26082  with tone 16528  worst SNR 8.6 dB | ch1   -4.47 (max dev 0.26)  ch2   -0.71 (max dev 0.33)  ch3   -0.23 (max dev 0.28)
[meter] 5.8000 GHz  windows 26088  with tone 128  worst SNR 9.1 dB | ch1   -0.17 (max dev 0.06)  ch2   +1.59 (max dev 0.13)  ch3   +2.53 (max dev 0.15)
[meter] 2.4000 GHz  windows 26167  with tone 9430  worst SNR 9.0 dB | ch1   +0.64 (max dev 0.06)  ch2   +0.79 (max dev 0.08)  ch3   +1.18 (max dev 0.08)
[meter] 5.2000 GHz  windows 26164  with tone 16610  worst SNR 8.6 dB | ch1   -4.52 (max dev 0.12)  ch2   -0.79 (max dev 0.28)  ch3   -0.30 (max dev 0.26)
[meter] 5.8000 GHz  windows 26170  with tone 128  worst SNR 9.1 dB | ch1   -0.17 (max dev 0.06)  ch2   +1.59 (max dev 0.13)  ch3   +2.53 (max dev 0.15)
[meter] 2.4000 GHz  windows 26167  with tone 9430  worst SNR 9.0 dB | ch1   +0.64 (max dev 0.06)  ch2   +0.79 (max dev 0.08)  ch3   +1.18 (max dev 0.08)
[meter] 5.2000 GHz  windows 26165  with tone 16611  worst SNR 8.6 dB | ch1   -4.52 (max dev 0.12)  ch2   -0.79 (max dev 0.28)  ch3   -0.30 (max dev 0.26)
[meter] 5.8000 GHz  windows 26171  with tone 128  worst SNR 9.1 dB | ch1   -0.17 (max dev 0.06)  ch2   +1.59 (max dev 0.13)  ch3   +2.53 (max dev 0.15)
[meter] 2.4000 GHz  windows 26168  with tone 9430  worst SNR 9.0 dB | ch1   +0.64 (max dev 0.06)  ch2   +0.79 (max dev 0.08)  ch3   +1.18 (max dev 0.08)
[meter] 5.2000 GHz  windows 26166  with tone 16612  worst SNR 8.6 dB | ch1   -4.52 (max dev 0.12)  ch2   -0.79 (max dev 0.28)  ch3   -0.30 (max dev 0.26)
[meter] 5.8000 GHz  windows 26171  with tone 128  worst SNR 9.1 dB | ch1   -0.17 (max dev 0.06)  ch2   +1.59 (max dev 0.13)  ch3   +2.53 (max dev 0.15)
[meter] 2.4000 GHz  windows 26250  with tone 9430  worst SNR 9.0 dB | ch1   +0.64 (max dev 0.06)  ch2   +0.79 (max dev 0.08)  ch3   +1.18 (max dev 0.08)
[meter] 5.2000 GHz  windows 26248  with tone 16694  worst SNR 8.6 dB | ch1   -4.52 (max dev 0.08)  ch2   -0.72 (max dev 0.27)  ch3   -0.25 (max dev 0.23)
[meter] 5.8000 GHz  windows 26254  with tone 128  worst SNR 9.1 dB | ch1   -0.17 (max dev 0.06)  ch2   +1.59 (max dev 0.13)  ch3   +2.53 (max dev 0.15)
[meter] 2.4000 GHz  windows 26251  with tone 9430  worst SNR 9.0 dB | ch1   +0.64 (max dev 0.06)  ch2   +0.79 (max dev 0.08)  ch3   +1.18 (max dev 0.08)
[meter] 5.2000 GHz  windows 26249  with tone 16695  worst SNR 8.6 dB | ch1   -4.52 (max dev 0.08)  ch2   -0.72 (max dev 0.27)  ch3   -0.25 (max dev 0.23)
[meter] 5.8000 GHz  windows 26254  with tone 128  worst SNR 9.1 dB | ch1   -0.17 (max dev 0.06)  ch2   +1.59 (max dev 0.13)  ch3   +2.53 (max dev 0.15)
[meter] 2.4000 GHz  windows 26252  with tone 9430  worst SNR 9.0 dB | ch1   +0.64 (max dev 0.06)  ch2   +0.79 (max dev 0.08)  ch3   +1.18 (max dev 0.08)
[meter] 5.2000 GHz  windows 26249  with tone 16695  worst SNR 8.6 dB | ch1   -4.52 (max dev 0.08)  ch2   -0.72 (max dev 0.27)  ch3   -0.25 (max dev 0.23)
[meter] 5.8000 GHz  windows 26255  with tone 128  worst SNR 9.1 dB | ch1   -0.17 (max dev 0.06)  ch2   +1.59 (max dev 0.13)  ch3   +2.53 (max dev 0.15)
[meter] 2.4000 GHz  windows 26334  with tone 9430  worst SNR 9.0 dB | ch1   +0.64 (max dev 0.06)  ch2   +0.79 (max dev 0.08)  ch3   +1.18 (max dev 0.08)
[meter] 5.2000 GHz  windows 26331  with tone 16777  worst SNR 8.6 dB | ch1   -4.52 (max dev 0.08)  ch2   -0.63 (max dev 0.29)  ch3   -0.18 (max dev 0.22)
[meter] 5.8000 GHz  windows 26337  with tone 128  worst SNR 9.1 dB | ch1   -0.17 (max dev 0.06)  ch2   +1.59 (max dev 0.13)  ch3   +2.53 (max dev 0.15)
[meter] 2.4000 GHz  windows 26334  with tone 9430  worst SNR 9.0 dB | ch1   +0.64 (max dev 0.06)  ch2   +0.79 (max dev 0.08)  ch3   +1.18 (max dev 0.08)
[meter] 5.2000 GHz  windows 26332  with tone 16778  worst SNR 8.6 dB | ch1   -4.52 (max dev 0.08)  ch2   -0.63 (max dev 0.29)  ch3   -0.18 (max dev 0.22)
[meter] 5.8000 GHz  windows 26338  with tone 128  worst SNR 9.1 dB | ch1   -0.17 (max dev 0.06)  ch2   +1.59 (max dev 0.13)  ch3   +2.53 (max dev 0.15)
[meter] 2.4000 GHz  windows 26335  with tone 9430  worst SNR 9.0 dB | ch1   +0.64 (max dev 0.06)  ch2   +0.79 (max dev 0.08)  ch3   +1.18 (max dev 0.08)
[meter] 5.2000 GHz  windows 26333  with tone 16779  worst SNR 8.6 dB | ch1   -4.52 (max dev 0.08)  ch2   -0.63 (max dev 0.30)  ch3   -0.18 (max dev 0.22)
[meter] 5.8000 GHz  windows 26338  with tone 128  worst SNR 9.1 dB | ch1   -0.17 (max dev 0.06)  ch2   +1.59 (max dev 0.13)  ch3   +2.53 (max dev 0.15)
[meter] 2.4000 GHz  windows 26417  with tone 9430  worst SNR 9.0 dB | ch1   +0.64 (max dev 0.06)  ch2   +0.79 (max dev 0.08)  ch3   +1.18 (max dev 0.08)
[meter] 5.2000 GHz  windows 26414  with tone 16860  worst SNR 8.6 dB | ch1   -4.54 (max dev 0.07)  ch2   -0.55 (max dev 0.11)  ch3   -0.12 (max dev 0.10)
[meter] 5.8000 GHz  windows 26420  with tone 128  worst SNR 9.1 dB | ch1   -0.17 (max dev 0.06)  ch2   +1.59 (max dev 0.13)  ch3   +2.53 (max dev 0.15)
[meter] 2.4000 GHz  windows 26417  with tone 9430  worst SNR 9.0 dB | ch1   +0.64 (max dev 0.06)  ch2   +0.79 (max dev 0.08)  ch3   +1.18 (max dev 0.08)
[meter] 5.2000 GHz  windows 26415  with tone 16861  worst SNR 8.6 dB | ch1   -4.54 (max dev 0.07)  ch2   -0.55 (max dev 0.11)  ch3   -0.12 (max dev 0.10)
[meter] 5.8000 GHz  windows 26421  with tone 128  worst SNR 9.1 dB | ch1   -0.17 (max dev 0.06)  ch2   +1.59 (max dev 0.13)  ch3   +2.53 (max dev 0.15)
[meter] 2.4000 GHz  windows 26418  with tone 9430  worst SNR 9.0 dB | ch1   +0.64 (max dev 0.06)  ch2   +0.79 (max dev 0.08)  ch3   +1.18 (max dev 0.08)
[meter] 5.2000 GHz  windows 26416  with tone 16862  worst SNR 8.6 dB | ch1   -4.54 (max dev 0.07)  ch2   -0.55 (max dev 0.11)  ch3   -0.12 (max dev 0.10)
[meter] 5.8000 GHz  windows 26422  with tone 128  worst SNR 9.1 dB | ch1   -0.17 (max dev 0.06)  ch2   +1.59 (max dev 0.13)  ch3   +2.53 (max dev 0.15)
[meter] 2.4000 GHz  windows 26500  with tone 9430  worst SNR 9.0 dB | ch1   +0.64 (max dev 0.06)  ch2   +0.79 (max dev 0.08)  ch3   +1.18 (max dev 0.08)
[meter] 5.2000 GHz  windows 26498  with tone 16944  worst SNR 8.6 dB | ch1   -4.56 (max dev 0.05)  ch2   -0.54 (max dev 0.12)  ch3   -0.09 (max dev 0.11)
[meter] 5.8000 GHz  windows 26504  with tone 128  worst SNR 9.1 dB | ch1   -0.17 (max dev 0.06)  ch2   +1.59 (max dev 0.13)  ch3   +2.53 (max dev 0.15)
[meter] 2.4000 GHz  windows 26501  with tone 9430  worst SNR 9.0 dB | ch1   +0.64 (max dev 0.06)  ch2   +0.79 (max dev 0.08)  ch3   +1.18 (max dev 0.08)
[meter] 5.2000 GHz  windows 26499  with tone 16945  worst SNR 8.6 dB | ch1   -4.56 (max dev 0.05)  ch2   -0.54 (max dev 0.12)  ch3   -0.09 (max dev 0.11)
[meter] 5.8000 GHz  windows 26504  with tone 128  worst SNR 9.1 dB | ch1   -0.17 (max dev 0.06)  ch2   +1.59 (max dev 0.13)  ch3   +2.53 (max dev 0.15)
[meter] 2.4000 GHz  windows 26502  with tone 9430  worst SNR 9.0 dB | ch1   +0.64 (max dev 0.06)  ch2   +0.79 (max dev 0.08)  ch3   +1.18 (max dev 0.08)
[meter] 5.2000 GHz  windows 26499  with tone 16945  worst SNR 8.6 dB | ch1   -4.56 (max dev 0.05)  ch2   -0.54 (max dev 0.12)  ch3   -0.09 (max dev 0.11)
[meter] 5.8000 GHz  windows 26505  with tone 128  worst SNR 9.1 dB | ch1   -0.17 (max dev 0.06)  ch2   +1.59 (max dev 0.13)  ch3   +2.53 (max dev 0.15)
[meter] 2.4000 GHz  windows 26584  with tone 9430  worst SNR 9.0 dB | ch1   +0.64 (max dev 0.06)  ch2   +0.79 (max dev 0.08)  ch3   +1.18 (max dev 0.08)
[meter] 5.2000 GHz  windows 26581  with tone 17027  worst SNR 8.6 dB | ch1   -4.56 (max dev 0.05)  ch2   -0.51 (max dev 0.08)  ch3   -0.06 (max dev 0.10)
[meter] 5.8000 GHz  windows 26587  with tone 128  worst SNR 9.1 dB | ch1   -0.17 (max dev 0.06)  ch2   +1.59 (max dev 0.13)  ch3   +2.53 (max dev 0.15)
[meter] 2.4000 GHz  windows 26585  with tone 9430  worst SNR 9.0 dB | ch1   +0.64 (max dev 0.06)  ch2   +0.79 (max dev 0.08)  ch3   +1.18 (max dev 0.08)
[meter] 5.2000 GHz  windows 26582  with tone 17028  worst SNR 8.6 dB | ch1   -4.56 (max dev 0.05)  ch2   -0.51 (max dev 0.08)  ch3   -0.06 (max dev 0.10)
[meter] 5.8000 GHz  windows 26588  with tone 128  worst SNR 9.1 dB | ch1   -0.17 (max dev 0.06)  ch2   +1.59 (max dev 0.13)  ch3   +2.53 (max dev 0.15)
[meter] 2.4000 GHz  windows 26585  with tone 9430  worst SNR 9.0 dB | ch1   +0.64 (max dev 0.06)  ch2   +0.79 (max dev 0.08)  ch3   +1.18 (max dev 0.08)
[meter] 5.2000 GHz  windows 26583  with tone 17029  worst SNR 8.6 dB | ch1   -4.56 (max dev 0.05)  ch2   -0.51 (max dev 0.08)  ch3   -0.06 (max dev 0.10)
[meter] 5.8000 GHz  windows 26588  with tone 128  worst SNR 9.1 dB | ch1   -0.17 (max dev 0.06)  ch2   +1.59 (max dev 0.13)  ch3   +2.53 (max dev 0.15)
[meter] 2.4000 GHz  windows 26667  with tone 9430  worst SNR 9.0 dB | ch1   +0.64 (max dev 0.06)  ch2   +0.79 (max dev 0.08)  ch3   +1.18 (max dev 0.08)
[meter] 5.2000 GHz  windows 26665  with tone 17111  worst SNR 8.6 dB | ch1   -4.56 (max dev 0.06)  ch2   -0.53 (max dev 0.23)  ch3   -0.07 (max dev 0.14)
[meter] 5.8000 GHz  windows 26670  with tone 128  worst SNR 9.1 dB | ch1   -0.17 (max dev 0.06)  ch2   +1.59 (max dev 0.13)  ch3   +2.53 (max dev 0.15)
[meter] 2.4000 GHz  windows 26668  with tone 9430  worst SNR 9.0 dB | ch1   +0.64 (max dev 0.06)  ch2   +0.79 (max dev 0.08)  ch3   +1.18 (max dev 0.08)
[meter] 5.2000 GHz  windows 26666  with tone 17112  worst SNR 8.6 dB | ch1   -4.56 (max dev 0.06)  ch2   -0.53 (max dev 0.22)  ch3   -0.07 (max dev 0.13)
[meter] 5.8000 GHz  windows 26671  with tone 128  worst SNR 9.1 dB | ch1   -0.17 (max dev 0.06)  ch2   +1.59 (max dev 0.13)  ch3   +2.53 (max dev 0.15)
[meter] 2.4000 GHz  windows 26669  with tone 9430  worst SNR 9.0 dB | ch1   +0.64 (max dev 0.06)  ch2   +0.79 (max dev 0.08)  ch3   +1.18 (max dev 0.08)
[meter] 5.2000 GHz  windows 26666  with tone 17112  worst SNR 8.6 dB | ch1   -4.56 (max dev 0.06)  ch2   -0.53 (max dev 0.22)  ch3   -0.07 (max dev 0.13)
[meter] 5.8000 GHz  windows 26672  with tone 128  worst SNR 9.1 dB | ch1   -0.17 (max dev 0.06)  ch2   +1.59 (max dev 0.13)  ch3   +2.53 (max dev 0.15)
[meter] 2.4000 GHz  windows 26751  with tone 9430  worst SNR 9.0 dB | ch1   +0.64 (max dev 0.06)  ch2   +0.79 (max dev 0.08)  ch3   +1.18 (max dev 0.08)
[meter] 5.2000 GHz  windows 26748  with tone 17194  worst SNR 8.6 dB | ch1   -4.56 (max dev 0.06)  ch2   -0.57 (max dev 0.24)  ch3   -0.10 (max dev 0.15)
[meter] 5.8000 GHz  windows 26754  with tone 128  worst SNR 9.1 dB | ch1   -0.17 (max dev 0.06)  ch2   +1.59 (max dev 0.13)  ch3   +2.53 (max dev 0.15)
[meter] 2.4000 GHz  windows 26751  with tone 9430  worst SNR 9.0 dB | ch1   +0.64 (max dev 0.06)  ch2   +0.79 (max dev 0.08)  ch3   +1.18 (max dev 0.08)
[meter] 5.2000 GHz  windows 26749  with tone 17195  worst SNR 8.6 dB | ch1   -4.56 (max dev 0.06)  ch2   -0.57 (max dev 0.24)  ch3   -0.10 (max dev 0.15)
[meter] 5.8000 GHz  windows 26755  with tone 128  worst SNR 9.1 dB | ch1   -0.17 (max dev 0.06)  ch2   +1.59 (max dev 0.13)  ch3   +2.53 (max dev 0.15)
[meter] 2.4000 GHz  windows 26752  with tone 9430  worst SNR 9.0 dB | ch1   +0.64 (max dev 0.06)  ch2   +0.79 (max dev 0.08)  ch3   +1.18 (max dev 0.08)
[meter] 5.2000 GHz  windows 26750  with tone 17196  worst SNR 8.6 dB | ch1   -4.56 (max dev 0.06)  ch2   -0.57 (max dev 0.24)  ch3   -0.10 (max dev 0.15)
[meter] 5.8000 GHz  windows 26755  with tone 128  worst SNR 9.1 dB | ch1   -0.17 (max dev 0.06)  ch2   +1.59 (max dev 0.13)  ch3   +2.53 (max dev 0.15)
[meter] 2.4000 GHz  windows 26834  with tone 9430  worst SNR 9.0 dB | ch1   +0.64 (max dev 0.06)  ch2   +0.79 (max dev 0.08)  ch3   +1.18 (max dev 0.08)
[meter] 5.2000 GHz  windows 26831  with tone 17277  worst SNR 8.6 dB | ch1   -4.54 (max dev 0.06)  ch2   -0.60 (max dev 0.27)  ch3   -0.12 (max dev 0.17)
[meter] 5.8000 GHz  windows 26837  with tone 128  worst SNR 9.1 dB | ch1   -0.17 (max dev 0.06)  ch2   +1.59 (max dev 0.13)  ch3   +2.53 (max dev 0.15)
[meter] 2.4000 GHz  windows 26835  with tone 9430  worst SNR 9.0 dB | ch1   +0.64 (max dev 0.06)  ch2   +0.79 (max dev 0.08)  ch3   +1.18 (max dev 0.08)
[meter] 5.2000 GHz  windows 26833  with tone 17279  worst SNR 8.6 dB | ch1   -4.54 (max dev 0.06)  ch2   -0.60 (max dev 0.27)  ch3   -0.12 (max dev 0.17)
[meter] 5.8000 GHz  windows 26838  with tone 128  worst SNR 9.1 dB | ch1   -0.17 (max dev 0.06)  ch2   +1.59 (max dev 0.13)  ch3   +2.53 (max dev 0.15)
[meter] 2.4000 GHz  windows 26836  with tone 9430  worst SNR 9.0 dB | ch1   +0.64 (max dev 0.06)  ch2   +0.79 (max dev 0.08)  ch3   +1.18 (max dev 0.08)
[meter] 5.2000 GHz  windows 26833  with tone 17279  worst SNR 8.6 dB | ch1   -4.54 (max dev 0.06)  ch2   -0.60 (max dev 0.27)  ch3   -0.12 (max dev 0.17)
[meter] 5.8000 GHz  windows 26839  with tone 128  worst SNR 9.1 dB | ch1   -0.17 (max dev 0.06)  ch2   +1.59 (max dev 0.13)  ch3   +2.53 (max dev 0.15)
[meter] 2.4000 GHz  windows 26917  with tone 9430  worst SNR 9.0 dB | ch1   +0.64 (max dev 0.06)  ch2   +0.79 (max dev 0.08)  ch3   +1.18 (max dev 0.08)
[meter] 5.2000 GHz  windows 26915  with tone 17361  worst SNR 8.6 dB | ch1   -4.53 (max dev 0.06)  ch2   -0.61 (max dev 0.11)  ch3   -0.14 (max dev 0.11)
[meter] 5.8000 GHz  windows 26920  with tone 128  worst SNR 9.1 dB | ch1   -0.17 (max dev 0.06)  ch2   +1.59 (max dev 0.13)  ch3   +2.53 (max dev 0.15)
[meter] 2.4000 GHz  windows 26918  with tone 9430  worst SNR 9.0 dB | ch1   +0.64 (max dev 0.06)  ch2   +0.79 (max dev 0.08)  ch3   +1.18 (max dev 0.08)
[meter] 5.2000 GHz  windows 26916  with tone 17362  worst SNR 8.6 dB | ch1   -4.53 (max dev 0.06)  ch2   -0.61 (max dev 0.11)  ch3   -0.14 (max dev 0.17)
[meter] 5.8000 GHz  windows 26922  with tone 128  worst SNR 9.1 dB | ch1   -0.17 (max dev 0.06)  ch2   +1.59 (max dev 0.13)  ch3   +2.53 (max dev 0.15)
[meter] 2.4000 GHz  windows 26919  with tone 9430  worst SNR 9.0 dB | ch1   +0.64 (max dev 0.06)  ch2   +0.79 (max dev 0.08)  ch3   +1.18 (max dev 0.08)
[meter] 5.2000 GHz  windows 26917  with tone 17363  worst SNR 8.6 dB | ch1   -4.53 (max dev 0.06)  ch2   -0.61 (max dev 0.11)  ch3   -0.14 (max dev 0.17)
[meter] 5.8000 GHz  windows 26922  with tone 128  worst SNR 9.1 dB | ch1   -0.17 (max dev 0.06)  ch2   +1.59 (max dev 0.13)  ch3   +2.53 (max dev 0.15)
[meter] 2.4000 GHz  windows 27001  with tone 9430  worst SNR 9.0 dB | ch1   +0.64 (max dev 0.06)  ch2   +0.79 (max dev 0.08)  ch3   +1.18 (max dev 0.08)
[meter] 5.2000 GHz  windows 26998  with tone 17444  worst SNR 8.6 dB | ch1   -4.53 (max dev 0.06)  ch2   -0.59 (max dev 0.11)  ch3   -0.11 (max dev 0.14)
[meter] 5.8000 GHz  windows 27004  with tone 128  worst SNR 9.1 dB | ch1   -0.17 (max dev 0.06)  ch2   +1.59 (max dev 0.13)  ch3   +2.53 (max dev 0.15)
[meter] 2.4000 GHz  windows 27002  with tone 9430  worst SNR 9.0 dB | ch1   +0.64 (max dev 0.06)  ch2   +0.79 (max dev 0.08)  ch3   +1.18 (max dev 0.08)
[meter] 5.2000 GHz  windows 26999  with tone 17445  worst SNR 8.6 dB | ch1   -4.53 (max dev 0.06)  ch2   -0.59 (max dev 0.11)  ch3   -0.11 (max dev 0.14)
[meter] 5.8000 GHz  windows 27005  with tone 128  worst SNR 9.1 dB | ch1   -0.17 (max dev 0.06)  ch2   +1.59 (max dev 0.13)  ch3   +2.53 (max dev 0.15)
[meter] 2.4000 GHz  windows 27002  with tone 9430  worst SNR 9.0 dB | ch1   +0.64 (max dev 0.06)  ch2   +0.79 (max dev 0.08)  ch3   +1.18 (max dev 0.08)
[meter] 5.2000 GHz  windows 27000  with tone 17446  worst SNR 8.6 dB | ch1   -4.53 (max dev 0.06)  ch2   -0.59 (max dev 0.10)  ch3   -0.11 (max dev 0.14)
[meter] 5.8000 GHz  windows 27006  with tone 128  worst SNR 9.1 dB | ch1   -0.17 (max dev 0.06)  ch2   +1.59 (max dev 0.13)  ch3   +2.53 (max dev 0.15)
[meter] 2.4000 GHz  windows 27084  with tone 9430  worst SNR 9.0 dB | ch1   +0.64 (max dev 0.06)  ch2   +0.79 (max dev 0.08)  ch3   +1.18 (max dev 0.08)
[meter] 5.2000 GHz  windows 27082  with tone 17528  worst SNR 8.6 dB | ch1   -4.53 (max dev 0.06)  ch2   -0.61 (max dev 0.12)  ch3   -0.11 (max dev 0.14)
[meter] 5.8000 GHz  windows 27087  with tone 128  worst SNR 9.1 dB | ch1   -0.17 (max dev 0.06)  ch2   +1.59 (max dev 0.13)  ch3   +2.53 (max dev 0.15)
[meter] 2.4000 GHz  windows 27085  with tone 9430  worst SNR 9.0 dB | ch1   +0.64 (max dev 0.06)  ch2   +0.79 (max dev 0.08)  ch3   +1.18 (max dev 0.08)
[meter] 5.2000 GHz  windows 27082  with tone 17528  worst SNR 8.6 dB | ch1   -4.53 (max dev 0.06)  ch2   -0.61 (max dev 0.12)  ch3   -0.11 (max dev 0.14)
[meter] 5.8000 GHz  windows 27088  with tone 128  worst SNR 9.1 dB | ch1   -0.17 (max dev 0.06)  ch2   +1.59 (max dev 0.13)  ch3   +2.53 (max dev 0.15)
[meter] 2.4000 GHz  windows 27086  with tone 9430  worst SNR 9.0 dB | ch1   +0.64 (max dev 0.06)  ch2   +0.79 (max dev 0.08)  ch3   +1.18 (max dev 0.08)
[meter] 5.2000 GHz  windows 27084  with tone 17530  worst SNR 8.6 dB | ch1   -4.53 (max dev 0.06)  ch2   -0.61 (max dev 0.12)  ch3   -0.11 (max dev 0.14)
[meter] 5.8000 GHz  windows 27089  with tone 128  worst SNR 9.1 dB | ch1   -0.17 (max dev 0.06)  ch2   +1.59 (max dev 0.13)  ch3   +2.53 (max dev 0.15)
[meter] 2.4000 GHz  windows 27167  with tone 9430  worst SNR 9.0 dB | ch1   +0.64 (max dev 0.06)  ch2   +0.79 (max dev 0.08)  ch3   +1.18 (max dev 0.08)
[meter] 5.2000 GHz  windows 27165  with tone 17611  worst SNR 8.6 dB | ch1   -4.54 (max dev 0.05)  ch2   -0.64 (max dev 0.16)  ch3   -0.15 (max dev 0.12)
[meter] 5.8000 GHz  windows 27171  with tone 128  worst SNR 9.1 dB | ch1   -0.17 (max dev 0.06)  ch2   +1.59 (max dev 0.13)  ch3   +2.53 (max dev 0.15)
[meter] 2.4000 GHz  windows 27168  with tone 9430  worst SNR 9.0 dB | ch1   +0.64 (max dev 0.06)  ch2   +0.79 (max dev 0.08)  ch3   +1.18 (max dev 0.08)
[meter] 5.2000 GHz  windows 27166  with tone 17612  worst SNR 8.6 dB | ch1   -4.54 (max dev 0.05)  ch2   -0.65 (max dev 0.16)  ch3   -0.15 (max dev 0.12)
[meter] 5.8000 GHz  windows 27171  with tone 128  worst SNR 9.1 dB | ch1   -0.17 (max dev 0.06)  ch2   +1.59 (max dev 0.13)  ch3   +2.53 (max dev 0.15)
[meter] 2.4000 GHz  windows 27169  with tone 9430  worst SNR 9.0 dB | ch1   +0.64 (max dev 0.06)  ch2   +0.79 (max dev 0.08)  ch3   +1.18 (max dev 0.08)
[meter] 5.2000 GHz  windows 27167  with tone 17613  worst SNR 8.6 dB | ch1   -4.54 (max dev 0.05)  ch2   -0.65 (max dev 0.16)  ch3   -0.15 (max dev 0.12)
[meter] 5.8000 GHz  windows 27172  with tone 128  worst SNR 9.1 dB | ch1   -0.17 (max dev 0.06)  ch2   +1.59 (max dev 0.13)  ch3   +2.53 (max dev 0.15)
[meter] 2.4000 GHz  windows 27251  with tone 9430  worst SNR 9.0 dB | ch1   +0.64 (max dev 0.06)  ch2   +0.79 (max dev 0.08)  ch3   +1.18 (max dev 0.08)
[meter] 5.2000 GHz  windows 27249  with tone 17695  worst SNR 8.6 dB | ch1   -4.54 (max dev 0.08)  ch2   -0.67 (max dev 0.10)  ch3   -0.16 (max dev 0.10)
[meter] 5.8000 GHz  windows 27254  with tone 128  worst SNR 9.1 dB | ch1   -0.17 (max dev 0.06)  ch2   +1.59 (max dev 0.13)  ch3   +2.53 (max dev 0.15)
[meter] 2.4000 GHz  windows 27252  with tone 9430  worst SNR 9.0 dB | ch1   +0.64 (max dev 0.06)  ch2   +0.79 (max dev 0.08)  ch3   +1.18 (max dev 0.08)
[meter] 5.2000 GHz  windows 27249  with tone 17695  worst SNR 8.6 dB | ch1   -4.54 (max dev 0.08)  ch2   -0.67 (max dev 0.10)  ch3   -0.16 (max dev 0.10)
[meter] 5.8000 GHz  windows 27255  with tone 128  worst SNR 9.1 dB | ch1   -0.17 (max dev 0.06)  ch2   +1.59 (max dev 0.13)  ch3   +2.53 (max dev 0.15)
[meter] 2.4000 GHz  windows 27253  with tone 9430  worst SNR 9.0 dB | ch1   +0.64 (max dev 0.06)  ch2   +0.79 (max dev 0.08)  ch3   +1.18 (max dev 0.08)
[meter] 5.2000 GHz  windows 27250  with tone 17696  worst SNR 8.6 dB | ch1   -4.54 (max dev 0.08)  ch2   -0.66 (max dev 0.10)  ch3   -0.16 (max dev 0.10)
[meter] 5.8000 GHz  windows 27256  with tone 128  worst SNR 9.1 dB | ch1   -0.17 (max dev 0.06)  ch2   +1.59 (max dev 0.13)  ch3   +2.53 (max dev 0.15)
[meter] 2.4000 GHz  windows 27334  with tone 9430  worst SNR 9.0 dB | ch1   +0.64 (max dev 0.06)  ch2   +0.79 (max dev 0.08)  ch3   +1.18 (max dev 0.08)
[meter] 5.2000 GHz  windows 27332  with tone 17778  worst SNR 8.6 dB | ch1   -4.52 (max dev 0.10)  ch2   -0.66 (max dev 0.10)  ch3   -0.14 (max dev 0.11)
[meter] 5.8000 GHz  windows 27338  with tone 128  worst SNR 9.1 dB | ch1   -0.17 (max dev 0.06)  ch2   +1.59 (max dev 0.13)  ch3   +2.53 (max dev 0.15)
[meter] 2.4000 GHz  windows 27335  with tone 9430  worst SNR 9.0 dB | ch1   +0.64 (max dev 0.06)  ch2   +0.79 (max dev 0.08)  ch3   +1.18 (max dev 0.08)
[meter] 5.2000 GHz  windows 27333  with tone 17779  worst SNR 8.6 dB | ch1   -4.52 (max dev 0.10)  ch2   -0.66 (max dev 0.10)  ch3   -0.14 (max dev 0.10)
[meter] 5.8000 GHz  windows 27338  with tone 128  worst SNR 9.1 dB | ch1   -0.17 (max dev 0.06)  ch2   +1.59 (max dev 0.13)  ch3   +2.53 (max dev 0.15)
[meter] 2.4000 GHz  windows 27336  with tone 9430  worst SNR 9.0 dB | ch1   +0.64 (max dev 0.06)  ch2   +0.79 (max dev 0.08)  ch3   +1.18 (max dev 0.08)
[meter] 5.2000 GHz  windows 27334  with tone 17780  worst SNR 8.6 dB | ch1   -4.52 (max dev 0.10)  ch2   -0.65 (max dev 0.09)  ch3   -0.14 (max dev 0.10)
[meter] 5.8000 GHz  windows 27339  with tone 128  worst SNR 9.1 dB | ch1   -0.17 (max dev 0.06)  ch2   +1.59 (max dev 0.13)  ch3   +2.53 (max dev 0.15)
[meter] 2.4000 GHz  windows 27418  with tone 9430  worst SNR 9.0 dB | ch1   +0.64 (max dev 0.06)  ch2   +0.79 (max dev 0.08)  ch3   +1.18 (max dev 0.08)
[meter] 5.2000 GHz  windows 27415  with tone 17861  worst SNR 8.6 dB | ch1   -4.52 (max dev 0.05)  ch2   -0.63 (max dev 0.09)  ch3   -0.11 (max dev 0.10)
[meter] 5.8000 GHz  windows 27421  with tone 128  worst SNR 9.1 dB | ch1   -0.17 (max dev 0.06)  ch2   +1.59 (max dev 0.13)  ch3   +2.53 (max dev 0.15)
[meter] 2.4000 GHz  windows 27418  with tone 9430  worst SNR 9.0 dB | ch1   +0.64 (max dev 0.06)  ch2   +0.79 (max dev 0.08)  ch3   +1.18 (max dev 0.08)
[meter] 5.2000 GHz  windows 27416  with tone 17862  worst SNR 8.6 dB | ch1   -4.52 (max dev 0.05)  ch2   -0.63 (max dev 0.09)  ch3   -0.11 (max dev 0.10)
[meter] 5.8000 GHz  windows 27422  with tone 128  worst SNR 9.1 dB | ch1   -0.17 (max dev 0.06)  ch2   +1.59 (max dev 0.13)  ch3   +2.53 (max dev 0.15)
[meter] 2.4000 GHz  windows 27419  with tone 9430  worst SNR 9.0 dB | ch1   +0.64 (max dev 0.06)  ch2   +0.79 (max dev 0.08)  ch3   +1.18 (max dev 0.08)
[meter] 5.2000 GHz  windows 27417  with tone 17863  worst SNR 8.6 dB | ch1   -4.52 (max dev 0.05)  ch2   -0.63 (max dev 0.09)  ch3   -0.11 (max dev 0.10)
[meter] 5.8000 GHz  windows 27423  with tone 128  worst SNR 9.1 dB | ch1   -0.17 (max dev 0.06)  ch2   +1.59 (max dev 0.13)  ch3   +2.53 (max dev 0.15)
[meter] 2.4000 GHz  windows 27501  with tone 9430  worst SNR 9.0 dB | ch1   +0.64 (max dev 0.06)  ch2   +0.79 (max dev 0.08)  ch3   +1.18 (max dev 0.08)
[meter] 5.2000 GHz  windows 27499  with tone 17945  worst SNR 8.6 dB | ch1   -4.53 (max dev 0.06)  ch2   -0.62 (max dev 0.15)  ch3   -0.10 (max dev 0.10)
[meter] 5.8000 GHz  windows 27504  with tone 128  worst SNR 9.1 dB | ch1   -0.17 (max dev 0.06)  ch2   +1.59 (max dev 0.13)  ch3   +2.53 (max dev 0.15)
[meter] 2.4000 GHz  windows 27502  with tone 9430  worst SNR 9.0 dB | ch1   +0.64 (max dev 0.06)  ch2   +0.79 (max dev 0.08)  ch3   +1.18 (max dev 0.08)
[meter] 5.2000 GHz  windows 27500  with tone 17946  worst SNR 8.6 dB | ch1   -4.53 (max dev 0.06)  ch2   -0.62 (max dev 0.15)  ch3   -0.10 (max dev 0.10)
[meter] 5.8000 GHz  windows 27505  with tone 128  worst SNR 9.1 dB | ch1   -0.17 (max dev 0.06)  ch2   +1.59 (max dev 0.13)  ch3   +2.53 (max dev 0.15)
[meter] 2.4000 GHz  windows 27503  with tone 9430  worst SNR 9.0 dB | ch1   +0.64 (max dev 0.06)  ch2   +0.79 (max dev 0.08)  ch3   +1.18 (max dev 0.08)
[meter] 5.2000 GHz  windows 27500  with tone 17946  worst SNR 8.6 dB | ch1   -4.53 (max dev 0.06)  ch2   -0.62 (max dev 0.15)  ch3   -0.10 (max dev 0.10)
[meter] 5.8000 GHz  windows 27506  with tone 128  worst SNR 9.1 dB | ch1   -0.17 (max dev 0.06)  ch2   +1.59 (max dev 0.13)  ch3   +2.53 (max dev 0.15)
[meter] 2.4000 GHz  windows 27585  with tone 9430  worst SNR 9.0 dB | ch1   +0.64 (max dev 0.06)  ch2   +0.79 (max dev 0.08)  ch3   +1.18 (max dev 0.08)
[meter] 5.2000 GHz  windows 27582  with tone 18028  worst SNR 8.6 dB | ch1   -4.53 (max dev 0.06)  ch2   -0.61 (max dev 0.14)  ch3   -0.10 (max dev 0.10)
[meter] 5.8000 GHz  windows 27588  with tone 128  worst SNR 9.1 dB | ch1   -0.17 (max dev 0.06)  ch2   +1.59 (max dev 0.13)  ch3   +2.53 (max dev 0.15)
[meter] 2.4000 GHz  windows 27585  with tone 9430  worst SNR 9.0 dB | ch1   +0.64 (max dev 0.06)  ch2   +0.79 (max dev 0.08)  ch3   +1.18 (max dev 0.08)
[meter] 5.2000 GHz  windows 27583  with tone 18029  worst SNR 8.6 dB | ch1   -4.53 (max dev 0.06)  ch2   -0.61 (max dev 0.14)  ch3   -0.10 (max dev 0.10)
[meter] 5.8000 GHz  windows 27589  with tone 128  worst SNR 9.1 dB | ch1   -0.17 (max dev 0.06)  ch2   +1.59 (max dev 0.13)  ch3   +2.53 (max dev 0.15)
[meter] 2.4000 GHz  windows 27586  with tone 9430  worst SNR 9.0 dB | ch1   +0.64 (max dev 0.06)  ch2   +0.79 (max dev 0.08)  ch3   +1.18 (max dev 0.08)
[meter] 5.2000 GHz  windows 27584  with tone 18030  worst SNR 8.6 dB | ch1   -4.53 (max dev 0.06)  ch2   -0.61 (max dev 0.13)  ch3   -0.10 (max dev 0.10)
[meter] 5.8000 GHz  windows 27590  with tone 128  worst SNR 9.1 dB | ch1   -0.17 (max dev 0.06)  ch2   +1.59 (max dev 0.13)  ch3   +2.53 (max dev 0.15)
[meter] 2.4000 GHz  windows 27668  with tone 9430  worst SNR 9.0 dB | ch1   +0.64 (max dev 0.06)  ch2   +0.79 (max dev 0.08)  ch3   +1.18 (max dev 0.08)
[meter] 5.2000 GHz  windows 27665  with tone 18111  worst SNR 8.6 dB | ch1   -4.49 (max dev 0.23)  ch2   -0.60 (max dev 0.24)  ch3   -0.09 (max dev 0.24)
[meter] 5.8000 GHz  windows 27671  with tone 128  worst SNR 9.1 dB | ch1   -0.17 (max dev 0.06)  ch2   +1.59 (max dev 0.13)  ch3   +2.53 (max dev 0.15)
[meter] 2.4000 GHz  windows 27668  with tone 9430  worst SNR 9.0 dB | ch1   +0.64 (max dev 0.06)  ch2   +0.79 (max dev 0.08)  ch3   +1.18 (max dev 0.08)
[meter] 5.2000 GHz  windows 27666  with tone 18112  worst SNR 8.6 dB | ch1   -4.49 (max dev 0.23)  ch2   -0.60 (max dev 0.24)  ch3   -0.09 (max dev 0.24)
[meter] 5.8000 GHz  windows 27672  with tone 128  worst SNR 9.1 dB | ch1   -0.17 (max dev 0.06)  ch2   +1.59 (max dev 0.13)  ch3   +2.53 (max dev 0.15)
[meter] 2.4000 GHz  windows 27669  with tone 9430  worst SNR 9.0 dB | ch1   +0.64 (max dev 0.06)  ch2   +0.79 (max dev 0.08)  ch3   +1.18 (max dev 0.08)
[meter] 5.2000 GHz  windows 27667  with tone 18113  worst SNR 8.6 dB | ch1   -4.49 (max dev 0.23)  ch2   -0.60 (max dev 0.24)  ch3   -0.09 (max dev 0.24)
[meter] 5.8000 GHz  windows 27673  with tone 128  worst SNR 9.1 dB | ch1   -0.17 (max dev 0.06)  ch2   +1.59 (max dev 0.13)  ch3   +2.53 (max dev 0.15)
[meter] 2.4000 GHz  windows 27751  with tone 9430  worst SNR 9.0 dB | ch1   +0.64 (max dev 0.06)  ch2   +0.79 (max dev 0.08)  ch3   +1.18 (max dev 0.08)
[meter] 5.2000 GHz  windows 27749  with tone 18195  worst SNR 8.6 dB | ch1   -4.40 (max dev 0.20)  ch2   -0.61 (max dev 0.23)  ch3   -0.11 (max dev 0.23)
[meter] 5.8000 GHz  windows 27755  with tone 128  worst SNR 9.1 dB | ch1   -0.17 (max dev 0.06)  ch2   +1.59 (max dev 0.13)  ch3   +2.53 (max dev 0.15)
[meter] 2.4000 GHz  windows 27752  with tone 9430  worst SNR 9.0 dB | ch1   +0.64 (max dev 0.06)  ch2   +0.79 (max dev 0.08)  ch3   +1.18 (max dev 0.08)
[meter] 5.2000 GHz  windows 27750  with tone 18196  worst SNR 8.6 dB | ch1   -4.40 (max dev 0.20)  ch2   -0.61 (max dev 0.23)  ch3   -0.11 (max dev 0.23)
[meter] 5.8000 GHz  windows 27755  with tone 128  worst SNR 9.1 dB | ch1   -0.17 (max dev 0.06)  ch2   +1.59 (max dev 0.13)  ch3   +2.53 (max dev 0.15)
[meter] 2.4000 GHz  windows 27753  with tone 9430  worst SNR 9.0 dB | ch1   +0.64 (max dev 0.06)  ch2   +0.79 (max dev 0.08)  ch3   +1.18 (max dev 0.08)
[meter] 5.2000 GHz  windows 27751  with tone 18197  worst SNR 8.6 dB | ch1   -4.40 (max dev 0.20)  ch2   -0.61 (max dev 0.23)  ch3   -0.11 (max dev 0.23)
[meter] 5.8000 GHz  windows 27756  with tone 128  worst SNR 9.1 dB | ch1   -0.17 (max dev 0.06)  ch2   +1.59 (max dev 0.13)  ch3   +2.53 (max dev 0.15)
[meter] 2.4000 GHz  windows 27835  with tone 9430  worst SNR 9.0 dB | ch1   +0.64 (max dev 0.06)  ch2   +0.79 (max dev 0.08)  ch3   +1.18 (max dev 0.08)
[meter] 5.2000 GHz  windows 27832  with tone 18278  worst SNR 8.6 dB | ch1   -4.32 (max dev 0.12)  ch2   -0.67 (max dev 0.27)  ch3   -0.17 (max dev 0.26)
[meter] 5.8000 GHz  windows 27838  with tone 128  worst SNR 9.1 dB | ch1   -0.17 (max dev 0.06)  ch2   +1.59 (max dev 0.13)  ch3   +2.53 (max dev 0.15)
[meter] 2.4000 GHz  windows 27835  with tone 9430  worst SNR 9.0 dB | ch1   +0.64 (max dev 0.06)  ch2   +0.79 (max dev 0.08)  ch3   +1.18 (max dev 0.08)
[meter] 5.2000 GHz  windows 27833  with tone 18279  worst SNR 8.6 dB | ch1   -4.32 (max dev 0.12)  ch2   -0.67 (max dev 0.27)  ch3   -0.17 (max dev 0.26)
[meter] 5.8000 GHz  windows 27839  with tone 128  worst SNR 9.1 dB | ch1   -0.17 (max dev 0.06)  ch2   +1.59 (max dev 0.13)  ch3   +2.53 (max dev 0.15)
[meter] 2.4000 GHz  windows 27836  with tone 9430  worst SNR 9.0 dB | ch1   +0.64 (max dev 0.06)  ch2   +0.79 (max dev 0.08)  ch3   +1.18 (max dev 0.08)
[meter] 5.2000 GHz  windows 27834  with tone 18280  worst SNR 8.6 dB | ch1   -4.32 (max dev 0.12)  ch2   -0.68 (max dev 0.27)  ch3   -0.17 (max dev 0.26)
[meter] 5.8000 GHz  windows 27839  with tone 128  worst SNR 9.1 dB | ch1   -0.17 (max dev 0.06)  ch2   +1.59 (max dev 0.13)  ch3   +2.53 (max dev 0.15)
[meter] 2.4000 GHz  windows 27918  with tone 9430  worst SNR 9.0 dB | ch1   +0.64 (max dev 0.06)  ch2   +0.79 (max dev 0.08)  ch3   +1.18 (max dev 0.08)
[meter] 5.2000 GHz  windows 27916  with tone 18362  worst SNR 8.6 dB | ch1   -4.32 (max dev 0.12)  ch2   -0.75 (max dev 0.21)  ch3   -0.24 (max dev 0.21)
[meter] 5.8000 GHz  windows 27922  with tone 128  worst SNR 9.1 dB | ch1   -0.17 (max dev 0.06)  ch2   +1.59 (max dev 0.13)  ch3   +2.53 (max dev 0.15)
[meter] 2.4000 GHz  windows 27919  with tone 9430  worst SNR 9.0 dB | ch1   +0.64 (max dev 0.06)  ch2   +0.79 (max dev 0.08)  ch3   +1.18 (max dev 0.08)
[meter] 5.2000 GHz  windows 27916  with tone 18362  worst SNR 8.6 dB | ch1   -4.32 (max dev 0.12)  ch2   -0.75 (max dev 0.21)  ch3   -0.24 (max dev 0.21)
[meter] 5.8000 GHz  windows 27922  with tone 128  worst SNR 9.1 dB | ch1   -0.17 (max dev 0.06)  ch2   +1.59 (max dev 0.13)  ch3   +2.53 (max dev 0.15)
[meter] 2.4000 GHz  windows 27920  with tone 9430  worst SNR 9.0 dB | ch1   +0.64 (max dev 0.06)  ch2   +0.79 (max dev 0.08)  ch3   +1.18 (max dev 0.08)
[meter] 5.2000 GHz  windows 27917  with tone 18363  worst SNR 8.6 dB | ch1   -4.32 (max dev 0.12)  ch2   -0.75 (max dev 0.21)  ch3   -0.24 (max dev 0.21)
[meter] 5.8000 GHz  windows 27923  with tone 128  worst SNR 9.1 dB | ch1   -0.17 (max dev 0.06)  ch2   +1.59 (max dev 0.13)  ch3   +2.53 (max dev 0.15)
[meter] 2.4000 GHz  windows 28002  with tone 9430  worst SNR 9.0 dB | ch1   +0.64 (max dev 0.06)  ch2   +0.79 (max dev 0.08)  ch3   +1.18 (max dev 0.08)
[meter] 5.2000 GHz  windows 27999  with tone 18445  worst SNR 8.6 dB | ch1   -4.33 (max dev 0.09)  ch2   -0.78 (max dev 0.13)  ch3   -0.24 (max dev 0.09)
[meter] 5.8000 GHz  windows 28005  with tone 128  worst SNR 9.1 dB | ch1   -0.17 (max dev 0.06)  ch2   +1.59 (max dev 0.13)  ch3   +2.53 (max dev 0.15)
[meter] 2.4000 GHz  windows 28002  with tone 9430  worst SNR 9.0 dB | ch1   +0.64 (max dev 0.06)  ch2   +0.79 (max dev 0.08)  ch3   +1.18 (max dev 0.08)
[meter] 5.2000 GHz  windows 28000  with tone 18446  worst SNR 8.6 dB | ch1   -4.33 (max dev 0.09)  ch2   -0.78 (max dev 0.13)  ch3   -0.24 (max dev 0.09)
[meter] 5.8000 GHz  windows 28006  with tone 128  worst SNR 9.1 dB | ch1   -0.17 (max dev 0.06)  ch2   +1.59 (max dev 0.13)  ch3   +2.53 (max dev 0.15)
[meter] 2.4000 GHz  windows 28003  with tone 9430  worst SNR 9.0 dB | ch1   +0.64 (max dev 0.06)  ch2   +0.79 (max dev 0.08)  ch3   +1.18 (max dev 0.08)
[meter] 5.2000 GHz  windows 28001  with tone 18447  worst SNR 8.6 dB | ch1   -4.33 (max dev 0.09)  ch2   -0.78 (max dev 0.13)  ch3   -0.24 (max dev 0.09)
[meter] 5.8000 GHz  windows 28006  with tone 128  worst SNR 9.1 dB | ch1   -0.17 (max dev 0.06)  ch2   +1.59 (max dev 0.13)  ch3   +2.53 (max dev 0.15)
[meter] 2.4000 GHz  windows 28085  with tone 9430  worst SNR 9.0 dB | ch1   +0.64 (max dev 0.06)  ch2   +0.79 (max dev 0.08)  ch3   +1.18 (max dev 0.08)
[meter] 5.2000 GHz  windows 28083  with tone 18529  worst SNR 8.6 dB | ch1   -4.32 (max dev 0.15)  ch2   -0.69 (max dev 0.50)  ch3   -0.17 (max dev 0.39)
[meter] 5.8000 GHz  windows 28088  with tone 128  worst SNR 9.1 dB | ch1   -0.17 (max dev 0.06)  ch2   +1.59 (max dev 0.13)  ch3   +2.53 (max dev 0.15)
[meter] 2.4000 GHz  windows 28086  with tone 9430  worst SNR 9.0 dB | ch1   +0.64 (max dev 0.06)  ch2   +0.79 (max dev 0.08)  ch3   +1.18 (max dev 0.08)
[meter] 5.2000 GHz  windows 28083  with tone 18529  worst SNR 8.6 dB | ch1   -4.32 (max dev 0.15)  ch2   -0.69 (max dev 0.50)  ch3   -0.17 (max dev 0.39)
[meter] 5.8000 GHz  windows 28089  with tone 128  worst SNR 9.1 dB | ch1   -0.17 (max dev 0.06)  ch2   +1.59 (max dev 0.13)  ch3   +2.53 (max dev 0.15)
[meter] 2.4000 GHz  windows 28087  with tone 9430  worst SNR 9.0 dB | ch1   +0.64 (max dev 0.06)  ch2   +0.79 (max dev 0.08)  ch3   +1.18 (max dev 0.08)
[meter] 5.2000 GHz  windows 28084  with tone 18530  worst SNR 8.6 dB | ch1   -4.32 (max dev 0.15)  ch2   -0.69 (max dev 0.50)  ch3   -0.16 (max dev 0.38)
[meter] 5.8000 GHz  windows 28090  with tone 128  worst SNR 9.1 dB | ch1   -0.17 (max dev 0.06)  ch2   +1.59 (max dev 0.13)  ch3   +2.53 (max dev 0.15)
[meter] 2.4000 GHz  windows 28168  with tone 9430  worst SNR 9.0 dB | ch1   +0.64 (max dev 0.06)  ch2   +0.79 (max dev 0.08)  ch3   +1.18 (max dev 0.08)
[meter] 5.2000 GHz  windows 28166  with tone 18612  worst SNR 8.6 dB | ch1   -4.30 (max dev 0.14)  ch2   -0.56 (max dev 0.37)  ch3   -0.06 (max dev 0.31)
[meter] 5.8000 GHz  windows 28172  with tone 128  worst SNR 9.1 dB | ch1   -0.17 (max dev 0.06)  ch2   +1.59 (max dev 0.13)  ch3   +2.53 (max dev 0.15)
[meter] 2.4000 GHz  windows 28169  with tone 9430  worst SNR 9.0 dB | ch1   +0.64 (max dev 0.06)  ch2   +0.79 (max dev 0.08)  ch3   +1.18 (max dev 0.08)
[meter] 5.2000 GHz  windows 28167  with tone 18613  worst SNR 8.6 dB | ch1   -4.30 (max dev 0.14)  ch2   -0.55 (max dev 0.36)  ch3   -0.06 (max dev 0.30)
[meter] 5.8000 GHz  windows 28172  with tone 128  worst SNR 9.1 dB | ch1   -0.17 (max dev 0.06)  ch2   +1.59 (max dev 0.13)  ch3   +2.53 (max dev 0.15)
[meter] 2.4000 GHz  windows 28170  with tone 9430  worst SNR 9.0 dB | ch1   +0.64 (max dev 0.06)  ch2   +0.79 (max dev 0.08)  ch3   +1.18 (max dev 0.08)
[meter] 5.2000 GHz  windows 28168  with tone 18614  worst SNR 8.6 dB | ch1   -4.30 (max dev 0.14)  ch2   -0.55 (max dev 0.36)  ch3   -0.06 (max dev 0.30)
[meter] 5.8000 GHz  windows 28173  with tone 128  worst SNR 9.1 dB | ch1   -0.17 (max dev 0.06)  ch2   +1.59 (max dev 0.13)  ch3   +2.53 (max dev 0.15)
[meter] 2.4000 GHz  windows 28252  with tone 9430  worst SNR 9.0 dB | ch1   +0.64 (max dev 0.06)  ch2   +0.79 (max dev 0.08)  ch3   +1.18 (max dev 0.08)
[meter] 5.2000 GHz  windows 28249  with tone 18695  worst SNR 8.6 dB | ch1   -4.30 (max dev 0.07)  ch2   -0.48 (max dev 0.24)  ch3   +0.01 (max dev 0.27)
[meter] 5.8000 GHz  windows 28255  with tone 128  worst SNR 9.1 dB | ch1   -0.17 (max dev 0.06)  ch2   +1.59 (max dev 0.13)  ch3   +2.53 (max dev 0.15)
[meter] 2.4000 GHz  windows 28252  with tone 9430  worst SNR 9.0 dB | ch1   +0.64 (max dev 0.06)  ch2   +0.79 (max dev 0.08)  ch3   +1.18 (max dev 0.08)
[meter] 5.2000 GHz  windows 28250  with tone 18696  worst SNR 8.6 dB | ch1   -4.30 (max dev 0.07)  ch2   -0.48 (max dev 0.24)  ch3   +0.01 (max dev 0.27)
[meter] 5.8000 GHz  windows 28256  with tone 128  worst SNR 9.1 dB | ch1   -0.17 (max dev 0.06)  ch2   +1.59 (max dev 0.13)  ch3   +2.53 (max dev 0.15)
[meter] 2.4000 GHz  windows 28253  with tone 9430  worst SNR 9.0 dB | ch1   +0.64 (max dev 0.06)  ch2   +0.79 (max dev 0.08)  ch3   +1.18 (max dev 0.08)
[meter] 5.2000 GHz  windows 28251  with tone 18697  worst SNR 8.6 dB | ch1   -4.30 (max dev 0.07)  ch2   -0.48 (max dev 0.24)  ch3   +0.01 (max dev 0.27)
[meter] 5.8000 GHz  windows 28257  with tone 128  worst SNR 9.1 dB | ch1   -0.17 (max dev 0.06)  ch2   +1.59 (max dev 0.13)  ch3   +2.53 (max dev 0.15)
[meter] 2.4000 GHz  windows 28335  with tone 9430  worst SNR 9.0 dB | ch1   +0.64 (max dev 0.06)  ch2   +0.79 (max dev 0.08)  ch3   +1.18 (max dev 0.08)
[meter] 5.2000 GHz  windows 28333  with tone 18779  worst SNR 8.6 dB | ch1   -4.31 (max dev 0.08)  ch2   -0.49 (max dev 0.27)  ch3   +0.01 (max dev 0.27)
[meter] 5.8000 GHz  windows 28338  with tone 128  worst SNR 9.1 dB | ch1   -0.17 (max dev 0.06)  ch2   +1.59 (max dev 0.13)  ch3   +2.53 (max dev 0.15)
[meter] 2.4000 GHz  windows 28336  with tone 9430  worst SNR 9.0 dB | ch1   +0.64 (max dev 0.06)  ch2   +0.79 (max dev 0.08)  ch3   +1.18 (max dev 0.08)
[meter] 5.2000 GHz  windows 28333  with tone 18779  worst SNR 8.6 dB | ch1   -4.31 (max dev 0.08)  ch2   -0.49 (max dev 0.27)  ch3   +0.01 (max dev 0.27)
[meter] 5.8000 GHz  windows 28339  with tone 128  worst SNR 9.1 dB | ch1   -0.17 (max dev 0.06)  ch2   +1.59 (max dev 0.13)  ch3   +2.53 (max dev 0.15)
[meter] 2.4000 GHz  windows 28336  with tone 9430  worst SNR 9.0 dB | ch1   +0.64 (max dev 0.06)  ch2   +0.79 (max dev 0.08)  ch3   +1.18 (max dev 0.08)
[meter] 5.2000 GHz  windows 28334  with tone 18780  worst SNR 8.6 dB | ch1   -4.31 (max dev 0.08)  ch2   -0.49 (max dev 0.27)  ch3   +0.01 (max dev 0.27)
[meter] 5.8000 GHz  windows 28340  with tone 128  worst SNR 9.1 dB | ch1   -0.17 (max dev 0.06)  ch2   +1.59 (max dev 0.13)  ch3   +2.53 (max dev 0.15)
[meter] 2.4000 GHz  windows 28419  with tone 9430  worst SNR 9.0 dB | ch1   +0.64 (max dev 0.06)  ch2   +0.79 (max dev 0.08)  ch3   +1.18 (max dev 0.08)
[meter] 5.2000 GHz  windows 28416  with tone 18862  worst SNR 8.6 dB | ch1   -4.33 (max dev 0.08)  ch2   -0.59 (max dev 0.37)  ch3   -0.07 (max dev 0.30)
[meter] 5.8000 GHz  windows 28422  with tone 128  worst SNR 9.1 dB | ch1   -0.17 (max dev 0.06)  ch2   +1.59 (max dev 0.13)  ch3   +2.53 (max dev 0.15)
[meter] 2.4000 GHz  windows 28419  with tone 9430  worst SNR 9.0 dB | ch1   +0.64 (max dev 0.06)  ch2   +0.79 (max dev 0.08)  ch3   +1.18 (max dev 0.08)
[meter] 5.2000 GHz  windows 28417  with tone 18863  worst SNR 8.6 dB | ch1   -4.33 (max dev 0.08)  ch2   -0.59 (max dev 0.37)  ch3   -0.07 (max dev 0.30)
[meter] 5.8000 GHz  windows 28422  with tone 128  worst SNR 9.1 dB | ch1   -0.17 (max dev 0.06)  ch2   +1.59 (max dev 0.13)  ch3   +2.53 (max dev 0.15)
[meter] 2.4000 GHz  windows 28420  with tone 9430  worst SNR 9.0 dB | ch1   +0.64 (max dev 0.06)  ch2   +0.79 (max dev 0.08)  ch3   +1.18 (max dev 0.08)
[meter] 5.2000 GHz  windows 28418  with tone 18864  worst SNR 8.6 dB | ch1   -4.33 (max dev 0.08)  ch2   -0.59 (max dev 0.37)  ch3   -0.08 (max dev 0.30)
[meter] 5.8000 GHz  windows 28424  with tone 128  worst SNR 9.1 dB | ch1   -0.17 (max dev 0.06)  ch2   +1.59 (max dev 0.13)  ch3   +2.53 (max dev 0.15)
[meter] 2.4000 GHz  windows 28502  with tone 9430  worst SNR 9.0 dB | ch1   +0.64 (max dev 0.06)  ch2   +0.79 (max dev 0.08)  ch3   +1.18 (max dev 0.08)
[meter] 5.2000 GHz  windows 28500  with tone 18946  worst SNR 8.6 dB | ch1   -4.34 (max dev 0.08)  ch2   -0.68 (max dev 0.36)  ch3   -0.16 (max dev 0.33)
[meter] 5.8000 GHz  windows 28505  with tone 128  worst SNR 9.1 dB | ch1   -0.17 (max dev 0.06)  ch2   +1.59 (max dev 0.13)  ch3   +2.53 (max dev 0.15)
[meter] 2.4000 GHz  windows 28503  with tone 9430  worst SNR 9.0 dB | ch1   +0.64 (max dev 0.06)  ch2   +0.79 (max dev 0.08)  ch3   +1.18 (max dev 0.08)
[meter] 5.2000 GHz  windows 28500  with tone 18946  worst SNR 8.6 dB | ch1   -4.34 (max dev 0.08)  ch2   -0.68 (max dev 0.36)  ch3   -0.16 (max dev 0.33)
[meter] 5.8000 GHz  windows 28506  with tone 128  worst SNR 9.1 dB | ch1   -0.17 (max dev 0.06)  ch2   +1.59 (max dev 0.13)  ch3   +2.53 (max dev 0.15)
[meter] 2.4000 GHz  windows 28504  with tone 9430  worst SNR 9.0 dB | ch1   +0.64 (max dev 0.06)  ch2   +0.79 (max dev 0.08)  ch3   +1.18 (max dev 0.08)
[meter] 5.2000 GHz  windows 28501  with tone 18947  worst SNR 8.6 dB | ch1   -4.34 (max dev 0.08)  ch2   -0.68 (max dev 0.36)  ch3   -0.16 (max dev 0.33)
[meter] 5.8000 GHz  windows 28507  with tone 128  worst SNR 9.1 dB | ch1   -0.17 (max dev 0.06)  ch2   +1.59 (max dev 0.13)  ch3   +2.53 (max dev 0.15)
[meter] 2.4000 GHz  windows 28586  with tone 9430  worst SNR 9.0 dB | ch1   +0.64 (max dev 0.06)  ch2   +0.79 (max dev 0.08)  ch3   +1.18 (max dev 0.08)
[meter] 5.2000 GHz  windows 28583  with tone 19029  worst SNR 8.6 dB | ch1   -4.30 (max dev 0.29)  ch2   -0.56 (max dev 0.47)  ch3   -0.07 (max dev 0.43)
[meter] 5.8000 GHz  windows 28589  with tone 128  worst SNR 9.1 dB | ch1   -0.17 (max dev 0.06)  ch2   +1.59 (max dev 0.13)  ch3   +2.53 (max dev 0.15)
[meter] 2.4000 GHz  windows 28586  with tone 9430  worst SNR 9.0 dB | ch1   +0.64 (max dev 0.06)  ch2   +0.79 (max dev 0.08)  ch3   +1.18 (max dev 0.08)
[meter] 5.2000 GHz  windows 28584  with tone 19030  worst SNR 8.6 dB | ch1   -4.30 (max dev 0.29)  ch2   -0.55 (max dev 0.47)  ch3   -0.07 (max dev 0.43)
[meter] 5.8000 GHz  windows 28590  with tone 128  worst SNR 9.1 dB | ch1   -0.17 (max dev 0.06)  ch2   +1.59 (max dev 0.13)  ch3   +2.53 (max dev 0.15)
[meter] 2.4000 GHz  windows 28587  with tone 9430  worst SNR 9.0 dB | ch1   +0.64 (max dev 0.06)  ch2   +0.79 (max dev 0.08)  ch3   +1.18 (max dev 0.08)
[meter] 5.2000 GHz  windows 28585  with tone 19031  worst SNR 8.6 dB | ch1   -4.30 (max dev 0.29)  ch2   -0.55 (max dev 0.47)  ch3   -0.06 (max dev 0.43)
[meter] 5.8000 GHz  windows 28590  with tone 128  worst SNR 9.1 dB | ch1   -0.17 (max dev 0.06)  ch2   +1.59 (max dev 0.13)  ch3   +2.53 (max dev 0.15)
[meter] 2.4000 GHz  windows 28669  with tone 9430  worst SNR 9.0 dB | ch1   +0.64 (max dev 0.06)  ch2   +0.79 (max dev 0.08)  ch3   +1.18 (max dev 0.08)
[meter] 5.2000 GHz  windows 28666  with tone 19112  worst SNR 8.6 dB | ch1   -4.25 (max dev 0.24)  ch2   -0.37 (max dev 0.44)  ch3   +0.11 (max dev 0.42)
[meter] 5.8000 GHz  windows 28672  with tone 128  worst SNR 9.1 dB | ch1   -0.17 (max dev 0.06)  ch2   +1.59 (max dev 0.13)  ch3   +2.53 (max dev 0.15)
[meter] 2.4000 GHz  windows 28670  with tone 9430  worst SNR 9.0 dB | ch1   +0.64 (max dev 0.06)  ch2   +0.79 (max dev 0.08)  ch3   +1.18 (max dev 0.08)
[meter] 5.2000 GHz  windows 28666  with tone 19112  worst SNR 8.6 dB | ch1   -4.25 (max dev 0.24)  ch2   -0.37 (max dev 0.44)  ch3   +0.11 (max dev 0.42)
[meter] 5.8000 GHz  windows 28673  with tone 128  worst SNR 9.1 dB | ch1   -0.17 (max dev 0.06)  ch2   +1.59 (max dev 0.13)  ch3   +2.53 (max dev 0.15)
[meter] 2.4000 GHz  windows 28671  with tone 9430  worst SNR 9.0 dB | ch1   +0.64 (max dev 0.06)  ch2   +0.79 (max dev 0.08)  ch3   +1.18 (max dev 0.08)
[meter] 5.2000 GHz  windows 28667  with tone 19113  worst SNR 8.6 dB | ch1   -4.25 (max dev 0.24)  ch2   -0.37 (max dev 0.44)  ch3   +0.11 (max dev 0.43)
[meter] 5.8000 GHz  windows 28674  with tone 128  worst SNR 9.1 dB | ch1   -0.17 (max dev 0.06)  ch2   +1.59 (max dev 0.13)  ch3   +2.53 (max dev 0.15)
[meter] 2.4000 GHz  windows 28752  with tone 9430  worst SNR 9.0 dB | ch1   +0.64 (max dev 0.06)  ch2   +0.79 (max dev 0.08)  ch3   +1.18 (max dev 0.08)
[meter] 5.2000 GHz  windows 28749  with tone 19195  worst SNR 8.6 dB | ch1   -4.21 (max dev 0.08)  ch2   -0.28 (max dev 0.29)  ch3   +0.19 (max dev 0.27)
[meter] 5.8000 GHz  windows 28756  with tone 128  worst SNR 9.1 dB | ch1   -0.17 (max dev 0.06)  ch2   +1.59 (max dev 0.13)  ch3   +2.53 (max dev 0.15)
[meter] 2.4000 GHz  windows 28753  with tone 9430  worst SNR 9.0 dB | ch1   +0.64 (max dev 0.06)  ch2   +0.79 (max dev 0.08)  ch3   +1.18 (max dev 0.08)
[meter] 5.2000 GHz  windows 28750  with tone 19196  worst SNR 8.6 dB | ch1   -4.21 (max dev 0.08)  ch2   -0.28 (max dev 0.29)  ch3   +0.19 (max dev 0.27)
[meter] 5.8000 GHz  windows 28756  with tone 128  worst SNR 9.1 dB | ch1   -0.17 (max dev 0.06)  ch2   +1.59 (max dev 0.13)  ch3   +2.53 (max dev 0.15)
[meter] 2.4000 GHz  windows 28754  with tone 9430  worst SNR 9.0 dB | ch1   +0.64 (max dev 0.06)  ch2   +0.79 (max dev 0.08)  ch3   +1.18 (max dev 0.08)
[meter] 5.2000 GHz  windows 28751  with tone 19197  worst SNR 8.6 dB | ch1   -4.21 (max dev 0.08)  ch2   -0.29 (max dev 0.29)  ch3   +0.19 (max dev 0.27)
[meter] 5.8000 GHz  windows 28757  with tone 128  worst SNR 9.1 dB | ch1   -0.17 (max dev 0.06)  ch2   +1.59 (max dev 0.13)  ch3   +2.53 (max dev 0.15)
[meter] 2.4000 GHz  windows 28836  with tone 9430  worst SNR 9.0 dB | ch1   +0.64 (max dev 0.06)  ch2   +0.79 (max dev 0.08)  ch3   +1.18 (max dev 0.08)
[meter] 5.2000 GHz  windows 28832  with tone 19278  worst SNR 8.6 dB | ch1   -4.21 (max dev 0.08)  ch2   -0.31 (max dev 0.27)  ch3   +0.16 (max dev 0.23)
[meter] 5.8000 GHz  windows 28839  with tone 128  worst SNR 9.1 dB | ch1   -0.17 (max dev 0.06)  ch2   +1.59 (max dev 0.13)  ch3   +2.53 (max dev 0.15)
[meter] 2.4000 GHz  windows 28837  with tone 9430  worst SNR 9.0 dB | ch1   +0.64 (max dev 0.06)  ch2   +0.79 (max dev 0.08)  ch3   +1.18 (max dev 0.08)
[meter] 5.2000 GHz  windows 28833  with tone 19279  worst SNR 8.6 dB | ch1   -4.21 (max dev 0.08)  ch2   -0.31 (max dev 0.27)  ch3   +0.16 (max dev 0.23)
[meter] 5.8000 GHz  windows 28840  with tone 128  worst SNR 9.1 dB | ch1   -0.17 (max dev 0.06)  ch2   +1.59 (max dev 0.13)  ch3   +2.53 (max dev 0.15)
[meter] 2.4000 GHz  windows 28837  with tone 9430  worst SNR 9.0 dB | ch1   +0.64 (max dev 0.06)  ch2   +0.79 (max dev 0.08)  ch3   +1.18 (max dev 0.08)
[meter] 5.2000 GHz  windows 28834  with tone 19280  worst SNR 8.6 dB | ch1   -4.21 (max dev 0.08)  ch2   -0.31 (max dev 0.27)  ch3   +0.16 (max dev 0.23)
[meter] 5.8000 GHz  windows 28841  with tone 128  worst SNR 9.1 dB | ch1   -0.17 (max dev 0.06)  ch2   +1.59 (max dev 0.13)  ch3   +2.53 (max dev 0.15)
[meter] 2.4000 GHz  windows 28919  with tone 9430  worst SNR 9.0 dB | ch1   +0.64 (max dev 0.06)  ch2   +0.79 (max dev 0.08)  ch3   +1.18 (max dev 0.08)
[meter] 5.2000 GHz  windows 28916  with tone 19362  worst SNR 8.6 dB | ch1   -4.21 (max dev 0.05)  ch2   -0.29 (max dev 0.26)  ch3   +0.17 (max dev 0.22)
[meter] 5.8000 GHz  windows 28922  with tone 128  worst SNR 9.1 dB | ch1   -0.17 (max dev 0.06)  ch2   +1.59 (max dev 0.13)  ch3   +2.53 (max dev 0.15)
[meter] 2.4000 GHz  windows 28920  with tone 9430  worst SNR 9.0 dB | ch1   +0.64 (max dev 0.06)  ch2   +0.79 (max dev 0.08)  ch3   +1.18 (max dev 0.08)
[meter] 5.2000 GHz  windows 28916  with tone 19362  worst SNR 8.6 dB | ch1   -4.21 (max dev 0.05)  ch2   -0.29 (max dev 0.26)  ch3   +0.17 (max dev 0.22)
[meter] 5.8000 GHz  windows 28923  with tone 128  worst SNR 9.1 dB | ch1   -0.17 (max dev 0.06)  ch2   +1.59 (max dev 0.13)  ch3   +2.53 (max dev 0.15)
[meter] 2.4000 GHz  windows 28921  with tone 9430  worst SNR 9.0 dB | ch1   +0.64 (max dev 0.06)  ch2   +0.79 (max dev 0.08)  ch3   +1.18 (max dev 0.08)
[meter] 5.2000 GHz  windows 28917  with tone 19363  worst SNR 8.6 dB | ch1   -4.21 (max dev 0.05)  ch2   -0.29 (max dev 0.26)  ch3   +0.17 (max dev 0.22)
[meter] 5.8000 GHz  windows 28924  with tone 128  worst SNR 9.1 dB | ch1   -0.17 (max dev 0.06)  ch2   +1.59 (max dev 0.13)  ch3   +2.53 (max dev 0.15)
[meter] 2.4000 GHz  windows 29003  with tone 9430  worst SNR 9.0 dB | ch1   +0.64 (max dev 0.06)  ch2   +0.79 (max dev 0.08)  ch3   +1.18 (max dev 0.08)
[meter] 5.2000 GHz  windows 28999  with tone 19445  worst SNR 8.6 dB | ch1   -4.21 (max dev 0.05)  ch2   -0.28 (max dev 0.20)  ch3   +0.18 (max dev 0.14)
[meter] 5.8000 GHz  windows 29006  with tone 128  worst SNR 9.1 dB | ch1   -0.17 (max dev 0.06)  ch2   +1.59 (max dev 0.13)  ch3   +2.53 (max dev 0.15)
[meter] 2.4000 GHz  windows 29003  with tone 9430  worst SNR 9.0 dB | ch1   +0.64 (max dev 0.06)  ch2   +0.79 (max dev 0.08)  ch3   +1.18 (max dev 0.08)
[meter] 5.2000 GHz  windows 29000  with tone 19446  worst SNR 8.6 dB | ch1   -4.21 (max dev 0.05)  ch2   -0.28 (max dev 0.20)  ch3   +0.18 (max dev 0.14)
[meter] 5.8000 GHz  windows 29006  with tone 128  worst SNR 9.1 dB | ch1   -0.17 (max dev 0.06)  ch2   +1.59 (max dev 0.13)  ch3   +2.53 (max dev 0.15)
[meter] 2.4000 GHz  windows 29004  with tone 9430  worst SNR 9.0 dB | ch1   +0.64 (max dev 0.06)  ch2   +0.79 (max dev 0.08)  ch3   +1.18 (max dev 0.08)
[meter] 5.2000 GHz  windows 29001  with tone 19447  worst SNR 8.6 dB | ch1   -4.21 (max dev 0.05)  ch2   -0.28 (max dev 0.20)  ch3   +0.18 (max dev 0.14)
[meter] 5.8000 GHz  windows 29007  with tone 128  worst SNR 9.1 dB | ch1   -0.17 (max dev 0.06)  ch2   +1.59 (max dev 0.13)  ch3   +2.53 (max dev 0.15)
[meter] 2.4000 GHz  windows 29086  with tone 9430  worst SNR 9.0 dB | ch1   +0.64 (max dev 0.06)  ch2   +0.79 (max dev 0.08)  ch3   +1.18 (max dev 0.08)
[meter] 5.2000 GHz  windows 29083  with tone 19529  worst SNR 8.6 dB | ch1   -4.20 (max dev 0.07)  ch2   -0.27 (max dev 0.21)  ch3   +0.20 (max dev 0.15)
[meter] 5.8000 GHz  windows 29090  with tone 128  worst SNR 9.1 dB | ch1   -0.17 (max dev 0.06)  ch2   +1.59 (max dev 0.13)  ch3   +2.53 (max dev 0.15)
[meter] 2.4000 GHz  windows 29087  with tone 9430  worst SNR 9.0 dB | ch1   +0.64 (max dev 0.06)  ch2   +0.79 (max dev 0.08)  ch3   +1.18 (max dev 0.08)
[meter] 5.2000 GHz  windows 29083  with tone 19529  worst SNR 8.6 dB | ch1   -4.20 (max dev 0.07)  ch2   -0.27 (max dev 0.21)  ch3   +0.20 (max dev 0.15)
[meter] 5.8000 GHz  windows 29090  with tone 128  worst SNR 9.1 dB | ch1   -0.17 (max dev 0.06)  ch2   +1.59 (max dev 0.13)  ch3   +2.53 (max dev 0.15)
[meter] 2.4000 GHz  windows 29088  with tone 9430  worst SNR 9.0 dB | ch1   +0.64 (max dev 0.06)  ch2   +0.79 (max dev 0.08)  ch3   +1.18 (max dev 0.08)
[meter] 5.2000 GHz  windows 29084  with tone 19530  worst SNR 8.6 dB | ch1   -4.20 (max dev 0.07)  ch2   -0.27 (max dev 0.23)  ch3   +0.20 (max dev 0.17)
[meter] 5.8000 GHz  windows 29091  with tone 128  worst SNR 9.1 dB | ch1   -0.17 (max dev 0.06)  ch2   +1.59 (max dev 0.13)  ch3   +2.53 (max dev 0.15)
[meter] 2.4000 GHz  windows 29169  with tone 9430  worst SNR 9.0 dB | ch1   +0.64 (max dev 0.06)  ch2   +0.79 (max dev 0.08)  ch3   +1.18 (max dev 0.08)
[meter] 5.2000 GHz  windows 29166  with tone 19612  worst SNR 8.6 dB | ch1   -4.20 (max dev 0.07)  ch2   -0.32 (max dev 0.24)  ch3   +0.17 (max dev 0.20)
[meter] 5.8000 GHz  windows 29173  with tone 128  worst SNR 9.1 dB | ch1   -0.17 (max dev 0.06)  ch2   +1.59 (max dev 0.13)  ch3   +2.53 (max dev 0.15)
[meter] 2.4000 GHz  windows 29169  with tone 9430  worst SNR 9.0 dB | ch1   +0.64 (max dev 0.06)  ch2   +0.79 (max dev 0.08)  ch3   +1.18 (max dev 0.08)
[meter] 5.2000 GHz  windows 29167  with tone 19613  worst SNR 8.6 dB | ch1   -4.20 (max dev 0.07)  ch2   -0.32 (max dev 0.23)  ch3   +0.17 (max dev 0.20)
[meter] 5.8000 GHz  windows 29174  with tone 128  worst SNR 9.1 dB | ch1   -0.17 (max dev 0.06)  ch2   +1.59 (max dev 0.13)  ch3   +2.53 (max dev 0.15)
[meter] 2.4000 GHz  windows 29170  with tone 9430  worst SNR 9.0 dB | ch1   +0.64 (max dev 0.06)  ch2   +0.79 (max dev 0.08)  ch3   +1.18 (max dev 0.08)
[meter] 5.2000 GHz  windows 29168  with tone 19614  worst SNR 8.6 dB | ch1   -4.20 (max dev 0.07)  ch2   -0.33 (max dev 0.23)  ch3   +0.17 (max dev 0.20)
[meter] 5.8000 GHz  windows 29174  with tone 128  worst SNR 9.1 dB | ch1   -0.17 (max dev 0.06)  ch2   +1.59 (max dev 0.13)  ch3   +2.53 (max dev 0.15)
[meter] 2.4000 GHz  windows 29252  with tone 9430  worst SNR 9.0 dB | ch1   +0.64 (max dev 0.06)  ch2   +0.79 (max dev 0.08)  ch3   +1.18 (max dev 0.08)
[meter] 5.2000 GHz  windows 29249  with tone 19695  worst SNR 8.6 dB | ch1   -4.21 (max dev 0.07)  ch2   -0.44 (max dev 0.28)  ch3   +0.08 (max dev 0.23)
[meter] 5.8000 GHz  windows 29256  with tone 128  worst SNR 9.1 dB | ch1   -0.17 (max dev 0.06)  ch2   +1.59 (max dev 0.13)  ch3   +2.53 (max dev 0.15)
[meter] 2.4000 GHz  windows 29252  with tone 9430  worst SNR 9.0 dB | ch1   +0.64 (max dev 0.06)  ch2   +0.79 (max dev 0.08)  ch3   +1.18 (max dev 0.08)
[meter] 5.2000 GHz  windows 29250  with tone 19696  worst SNR 8.6 dB | ch1   -4.21 (max dev 0.07)  ch2   -0.44 (max dev 0.28)  ch3   +0.08 (max dev 0.23)
[meter] 5.8000 GHz  windows 29257  with tone 128  worst SNR 9.1 dB | ch1   -0.17 (max dev 0.06)  ch2   +1.59 (max dev 0.13)  ch3   +2.53 (max dev 0.15)
[meter] 2.4000 GHz  windows 29253  with tone 9430  worst SNR 9.0 dB | ch1   +0.64 (max dev 0.06)  ch2   +0.79 (max dev 0.08)  ch3   +1.18 (max dev 0.08)
[meter] 5.2000 GHz  windows 29251  with tone 19697  worst SNR 8.6 dB | ch1   -4.21 (max dev 0.07)  ch2   -0.44 (max dev 0.28)  ch3   +0.07 (max dev 0.23)
[meter] 5.8000 GHz  windows 29258  with tone 128  worst SNR 9.1 dB | ch1   -0.17 (max dev 0.06)  ch2   +1.59 (max dev 0.13)  ch3   +2.53 (max dev 0.15)
[meter] 2.4000 GHz  windows 29335  with tone 9430  worst SNR 9.0 dB | ch1   +0.64 (max dev 0.06)  ch2   +0.79 (max dev 0.08)  ch3   +1.18 (max dev 0.08)
[meter] 5.2000 GHz  windows 29333  with tone 19779  worst SNR 8.6 dB | ch1   -4.19 (max dev 0.13)  ch2   -0.55 (max dev 0.27)  ch3   -0.02 (max dev 0.21)
[meter] 5.8000 GHz  windows 29340  with tone 128  worst SNR 9.1 dB | ch1   -0.17 (max dev 0.06)  ch2   +1.59 (max dev 0.13)  ch3   +2.53 (max dev 0.15)
[meter] 2.4000 GHz  windows 29336  with tone 9430  worst SNR 9.0 dB | ch1   +0.64 (max dev 0.06)  ch2   +0.79 (max dev 0.08)  ch3   +1.18 (max dev 0.08)
[meter] 5.2000 GHz  windows 29334  with tone 19780  worst SNR 8.6 dB | ch1   -4.19 (max dev 0.13)  ch2   -0.55 (max dev 0.27)  ch3   -0.02 (max dev 0.21)
[meter] 5.8000 GHz  windows 29340  with tone 128  worst SNR 9.1 dB | ch1   -0.17 (max dev 0.06)  ch2   +1.59 (max dev 0.13)  ch3   +2.53 (max dev 0.15)
[meter] 2.4000 GHz  windows 29337  with tone 9430  worst SNR 9.0 dB | ch1   +0.64 (max dev 0.06)  ch2   +0.79 (max dev 0.08)  ch3   +1.18 (max dev 0.08)
[meter] 5.2000 GHz  windows 29335  with tone 19781  worst SNR 8.6 dB | ch1   -4.18 (max dev 0.12)  ch2   -0.55 (max dev 0.27)  ch3   -0.02 (max dev 0.22)
[meter] 5.8000 GHz  windows 29341  with tone 128  worst SNR 9.1 dB | ch1   -0.17 (max dev 0.06)  ch2   +1.59 (max dev 0.13)  ch3   +2.53 (max dev 0.15)
[meter] 2.4000 GHz  windows 29418  with tone 9430  worst SNR 9.0 dB | ch1   +0.64 (max dev 0.06)  ch2   +0.79 (max dev 0.08)  ch3   +1.18 (max dev 0.08)
[meter] 5.2000 GHz  windows 29416  with tone 19862  worst SNR 8.6 dB | ch1   -4.06 (max dev 0.43)  ch2   -0.52 (max dev 0.44)  ch3   +0.02 (max dev 0.41)
[meter] 5.8000 GHz  windows 29423  with tone 128  worst SNR 9.1 dB | ch1   -0.17 (max dev 0.06)  ch2   +1.59 (max dev 0.13)  ch3   +2.53 (max dev 0.15)
[meter] 2.4000 GHz  windows 29419  with tone 9430  worst SNR 9.0 dB | ch1   +0.64 (max dev 0.06)  ch2   +0.79 (max dev 0.08)  ch3   +1.18 (max dev 0.08)
[meter] 5.2000 GHz  windows 29417  with tone 19863  worst SNR 8.6 dB | ch1   -4.06 (max dev 0.43)  ch2   -0.52 (max dev 0.44)  ch3   +0.02 (max dev 0.41)
[meter] 5.8000 GHz  windows 29423  with tone 128  worst SNR 9.1 dB | ch1   -0.17 (max dev 0.06)  ch2   +1.59 (max dev 0.13)  ch3   +2.53 (max dev 0.15)
[meter] 2.4000 GHz  windows 29420  with tone 9430  worst SNR 9.0 dB | ch1   +0.64 (max dev 0.06)  ch2   +0.79 (max dev 0.08)  ch3   +1.18 (max dev 0.08)
[meter] 5.2000 GHz  windows 29417  with tone 19863  worst SNR 8.6 dB | ch1   -4.06 (max dev 0.43)  ch2   -0.52 (max dev 0.44)  ch3   +0.02 (max dev 0.41)
[meter] 5.8000 GHz  windows 29424  with tone 128  worst SNR 9.1 dB | ch1   -0.17 (max dev 0.06)  ch2   +1.59 (max dev 0.13)  ch3   +2.53 (max dev 0.15)
[meter] 2.4000 GHz  windows 29502  with tone 9430  worst SNR 9.0 dB | ch1   +0.64 (max dev 0.06)  ch2   +0.79 (max dev 0.08)  ch3   +1.18 (max dev 0.08)
[meter] 5.2000 GHz  windows 29500  with tone 19946  worst SNR 8.6 dB | ch1   -3.87 (max dev 0.29)  ch2   -0.48 (max dev 0.44)  ch3   +0.08 (max dev 0.35)
[meter] 5.8000 GHz  windows 29506  with tone 128  worst SNR 9.1 dB | ch1   -0.17 (max dev 0.06)  ch2   +1.59 (max dev 0.13)  ch3   +2.53 (max dev 0.15)
[meter] 2.4000 GHz  windows 29503  with tone 9430  worst SNR 9.0 dB | ch1   +0.64 (max dev 0.06)  ch2   +0.79 (max dev 0.08)  ch3   +1.18 (max dev 0.08)
[meter] 5.2000 GHz  windows 29500  with tone 19946  worst SNR 8.6 dB | ch1   -3.87 (max dev 0.29)  ch2   -0.48 (max dev 0.44)  ch3   +0.08 (max dev 0.35)
[meter] 5.8000 GHz  windows 29507  with tone 128  worst SNR 9.1 dB | ch1   -0.17 (max dev 0.06)  ch2   +1.59 (max dev 0.13)  ch3   +2.53 (max dev 0.15)
[meter] 2.4000 GHz  windows 29504  with tone 9430  worst SNR 9.0 dB | ch1   +0.64 (max dev 0.06)  ch2   +0.79 (max dev 0.08)  ch3   +1.18 (max dev 0.08)
[meter] 5.2000 GHz  windows 29501  with tone 19947  worst SNR 8.6 dB | ch1   -3.87 (max dev 0.29)  ch2   -0.48 (max dev 0.44)  ch3   +0.08 (max dev 0.35)
[meter] 5.8000 GHz  windows 29508  with tone 128  worst SNR 9.1 dB | ch1   -0.17 (max dev 0.06)  ch2   +1.59 (max dev 0.13)  ch3   +2.53 (max dev 0.15)
[meter] 2.4000 GHz  windows 29586  with tone 9430  worst SNR 9.0 dB | ch1   +0.64 (max dev 0.06)  ch2   +0.79 (max dev 0.08)  ch3   +1.18 (max dev 0.08)
[meter] 5.2000 GHz  windows 29583  with tone 20029  worst SNR 8.6 dB | ch1   -3.73 (max dev 0.06)  ch2   -0.43 (max dev 0.40)  ch3   +0.14 (max dev 0.29)
[meter] 5.8000 GHz  windows 29590  with tone 128  worst SNR 9.1 dB | ch1   -0.17 (max dev 0.06)  ch2   +1.59 (max dev 0.13)  ch3   +2.53 (max dev 0.15)
[meter] 2.4000 GHz  windows 29586  with tone 9430  worst SNR 9.0 dB | ch1   +0.64 (max dev 0.06)  ch2   +0.79 (max dev 0.08)  ch3   +1.18 (max dev 0.08)
[meter] 5.2000 GHz  windows 29584  with tone 20030  worst SNR 8.6 dB | ch1   -3.73 (max dev 0.06)  ch2   -0.43 (max dev 0.40)  ch3   +0.14 (max dev 0.29)
[meter] 5.8000 GHz  windows 29591  with tone 128  worst SNR 9.1 dB | ch1   -0.17 (max dev 0.06)  ch2   +1.59 (max dev 0.13)  ch3   +2.53 (max dev 0.15)
[meter] 2.4000 GHz  windows 29587  with tone 9430  worst SNR 9.0 dB | ch1   +0.64 (max dev 0.06)  ch2   +0.79 (max dev 0.08)  ch3   +1.18 (max dev 0.08)
[meter] 5.2000 GHz  windows 29585  with tone 20031  worst SNR 8.6 dB | ch1   -3.73 (max dev 0.06)  ch2   -0.43 (max dev 0.40)  ch3   +0.14 (max dev 0.29)
[meter] 5.8000 GHz  windows 29591  with tone 128  worst SNR 9.1 dB | ch1   -0.17 (max dev 0.06)  ch2   +1.59 (max dev 0.13)  ch3   +2.53 (max dev 0.15)
[meter] 2.4000 GHz  windows 29669  with tone 9430  worst SNR 9.0 dB | ch1   +0.64 (max dev 0.06)  ch2   +0.79 (max dev 0.08)  ch3   +1.18 (max dev 0.08)
[meter] 5.2000 GHz  windows 29667  with tone 20113  worst SNR 8.6 dB | ch1   -3.73 (max dev 0.05)  ch2   -0.44 (max dev 0.08)  ch3   +0.14 (max dev 0.08)
[meter] 5.8000 GHz  windows 29673  with tone 128  worst SNR 9.1 dB | ch1   -0.17 (max dev 0.06)  ch2   +1.59 (max dev 0.13)  ch3   +2.53 (max dev 0.15)
[meter] 2.4000 GHz  windows 29670  with tone 9430  worst SNR 9.0 dB | ch1   +0.64 (max dev 0.06)  ch2   +0.79 (max dev 0.08)  ch3   +1.18 (max dev 0.08)
[meter] 5.2000 GHz  windows 29667  with tone 20113  worst SNR 8.6 dB | ch1   -3.73 (max dev 0.05)  ch2   -0.44 (max dev 0.08)  ch3   +0.14 (max dev 0.08)
[meter] 5.8000 GHz  windows 29674  with tone 128  worst SNR 9.1 dB | ch1   -0.17 (max dev 0.06)  ch2   +1.59 (max dev 0.13)  ch3   +2.53 (max dev 0.15)
[meter] 2.4000 GHz  windows 29671  with tone 9430  worst SNR 9.0 dB | ch1   +0.64 (max dev 0.06)  ch2   +0.79 (max dev 0.08)  ch3   +1.18 (max dev 0.08)
[meter] 5.2000 GHz  windows 29668  with tone 20114  worst SNR 8.6 dB | ch1   -3.73 (max dev 0.05)  ch2   -0.44 (max dev 0.08)  ch3   +0.14 (max dev 0.08)
[meter] 5.8000 GHz  windows 29675  with tone 128  worst SNR 9.1 dB | ch1   -0.17 (max dev 0.06)  ch2   +1.59 (max dev 0.13)  ch3   +2.53 (max dev 0.15)
[meter] 2.4000 GHz  windows 29752  with tone 9430  worst SNR 9.0 dB | ch1   +0.64 (max dev 0.06)  ch2   +0.79 (max dev 0.08)  ch3   +1.18 (max dev 0.08)
[meter] 5.2000 GHz  windows 29750  with tone 20196  worst SNR 8.6 dB | ch1   -3.69 (max dev 0.35)  ch2   -0.37 (max dev 0.34)  ch3   +0.21 (max dev 0.34)
[meter] 5.8000 GHz  windows 29756  with tone 128  worst SNR 9.1 dB | ch1   -0.17 (max dev 0.06)  ch2   +1.59 (max dev 0.13)  ch3   +2.53 (max dev 0.15)
[meter] 2.4000 GHz  windows 29753  with tone 9430  worst SNR 9.0 dB | ch1   +0.64 (max dev 0.06)  ch2   +0.79 (max dev 0.08)  ch3   +1.18 (max dev 0.08)
[meter] 5.2000 GHz  windows 29751  with tone 20197  worst SNR 8.6 dB | ch1   -3.69 (max dev 0.34)  ch2   -0.37 (max dev 0.34)  ch3   +0.21 (max dev 0.34)
[meter] 5.8000 GHz  windows 29757  with tone 128  worst SNR 9.1 dB | ch1   -0.17 (max dev 0.06)  ch2   +1.59 (max dev 0.13)  ch3   +2.53 (max dev 0.15)
[meter] 2.4000 GHz  windows 29754  with tone 9430  worst SNR 9.0 dB | ch1   +0.64 (max dev 0.06)  ch2   +0.79 (max dev 0.08)  ch3   +1.18 (max dev 0.08)
[meter] 5.2000 GHz  windows 29752  with tone 20198  worst SNR 8.6 dB | ch1   -3.69 (max dev 0.34)  ch2   -0.37 (max dev 0.34)  ch3   +0.21 (max dev 0.34)
[meter] 5.8000 GHz  windows 29758  with tone 128  worst SNR 9.1 dB | ch1   -0.17 (max dev 0.06)  ch2   +1.59 (max dev 0.13)  ch3   +2.53 (max dev 0.15)
[meter] 2.4000 GHz  windows 29835  with tone 9430  worst SNR 9.0 dB | ch1   +0.64 (max dev 0.06)  ch2   +0.79 (max dev 0.08)  ch3   +1.18 (max dev 0.08)
[meter] 5.2000 GHz  windows 29833  with tone 20279  worst SNR 8.6 dB | ch1   -3.59 (max dev 0.25)  ch2   -0.22 (max dev 0.22)  ch3   +0.34 (max dev 0.20)
[meter] 5.8000 GHz  windows 29840  with tone 128  worst SNR 9.1 dB | ch1   -0.17 (max dev 0.06)  ch2   +1.59 (max dev 0.13)  ch3   +2.53 (max dev 0.15)
[meter] 2.4000 GHz  windows 29836  with tone 9430  worst SNR 9.0 dB | ch1   +0.64 (max dev 0.06)  ch2   +0.79 (max dev 0.08)  ch3   +1.18 (max dev 0.08)
[meter] 5.2000 GHz  windows 29834  with tone 20280  worst SNR 8.6 dB | ch1   -3.59 (max dev 0.24)  ch2   -0.21 (max dev 0.22)  ch3   +0.34 (max dev 0.21)
[meter] 5.8000 GHz  windows 29841  with tone 128  worst SNR 9.1 dB | ch1   -0.17 (max dev 0.06)  ch2   +1.59 (max dev 0.13)  ch3   +2.53 (max dev 0.15)
[meter] 2.4000 GHz  windows 29837  with tone 9430  worst SNR 9.0 dB | ch1   +0.64 (max dev 0.06)  ch2   +0.79 (max dev 0.08)  ch3   +1.18 (max dev 0.08)
[meter] 5.2000 GHz  windows 29835  with tone 20281  worst SNR 8.6 dB | ch1   -3.59 (max dev 0.24)  ch2   -0.21 (max dev 0.22)  ch3   +0.34 (max dev 0.21)
[meter] 5.8000 GHz  windows 29842  with tone 128  worst SNR 9.1 dB | ch1   -0.17 (max dev 0.06)  ch2   +1.59 (max dev 0.13)  ch3   +2.53 (max dev 0.15)
[meter] 2.4000 GHz  windows 29919  with tone 9430  worst SNR 9.0 dB | ch1   +0.64 (max dev 0.06)  ch2   +0.79 (max dev 0.08)  ch3   +1.18 (max dev 0.08)
[meter] 5.2000 GHz  windows 29916  with tone 20362  worst SNR 8.6 dB | ch1   -3.49 (max dev 0.29)  ch2   -0.08 (max dev 0.34)  ch3   +0.46 (max dev 0.31)
[meter] 5.8000 GHz  windows 29923  with tone 128  worst SNR 9.1 dB | ch1   -0.17 (max dev 0.06)  ch2   +1.59 (max dev 0.13)  ch3   +2.53 (max dev 0.15)
[meter] 2.4000 GHz  windows 29919  with tone 9430  worst SNR 9.0 dB | ch1   +0.64 (max dev 0.06)  ch2   +0.79 (max dev 0.08)  ch3   +1.18 (max dev 0.08)
[meter] 5.2000 GHz  windows 29917  with tone 20363  worst SNR 8.6 dB | ch1   -3.49 (max dev 0.29)  ch2   -0.08 (max dev 0.34)  ch3   +0.46 (max dev 0.29)
[meter] 5.8000 GHz  windows 29924  with tone 128  worst SNR 9.1 dB | ch1   -0.17 (max dev 0.06)  ch2   +1.59 (max dev 0.13)  ch3   +2.53 (max dev 0.15)
[meter] 2.4000 GHz  windows 29920  with tone 9430  worst SNR 9.0 dB | ch1   +0.64 (max dev 0.06)  ch2   +0.79 (max dev 0.08)  ch3   +1.18 (max dev 0.08)
[meter] 5.2000 GHz  windows 29918  with tone 20364  worst SNR 8.6 dB | ch1   -3.49 (max dev 0.29)  ch2   -0.08 (max dev 0.35)  ch3   +0.46 (max dev 0.30)
[meter] 5.8000 GHz  windows 29924  with tone 128  worst SNR 9.1 dB | ch1   -0.17 (max dev 0.06)  ch2   +1.59 (max dev 0.13)  ch3   +2.53 (max dev 0.15)
[meter] 2.4000 GHz  windows 30002  with tone 9430  worst SNR 9.0 dB | ch1   +0.64 (max dev 0.06)  ch2   +0.79 (max dev 0.08)  ch3   +1.18 (max dev 0.08)
[meter] 5.2000 GHz  windows 30000  with tone 20446  worst SNR 8.6 dB | ch1   -3.48 (max dev 0.04)  ch2   -0.07 (max dev 0.12)  ch3   +0.47 (max dev 0.07)
[meter] 5.8000 GHz  windows 30007  with tone 128  worst SNR 9.1 dB | ch1   -0.17 (max dev 0.06)  ch2   +1.59 (max dev 0.13)  ch3   +2.53 (max dev 0.15)
[meter] 2.4000 GHz  windows 30003  with tone 9430  worst SNR 9.0 dB | ch1   +0.64 (max dev 0.06)  ch2   +0.79 (max dev 0.08)  ch3   +1.18 (max dev 0.08)
[meter] 5.2000 GHz  windows 30001  with tone 20447  worst SNR 8.6 dB | ch1   -3.48 (max dev 0.04)  ch2   -0.07 (max dev 0.12)  ch3   +0.47 (max dev 0.07)
[meter] 5.8000 GHz  windows 30007  with tone 128  worst SNR 9.1 dB | ch1   -0.17 (max dev 0.06)  ch2   +1.59 (max dev 0.13)  ch3   +2.53 (max dev 0.15)
[meter] 2.4000 GHz  windows 30004  with tone 9430  worst SNR 9.0 dB | ch1   +0.64 (max dev 0.06)  ch2   +0.79 (max dev 0.08)  ch3   +1.18 (max dev 0.08)
[meter] 5.2000 GHz  windows 30002  with tone 20448  worst SNR 8.6 dB | ch1   -3.48 (max dev 0.04)  ch2   -0.07 (max dev 0.12)  ch3   +0.47 (max dev 0.07)
[meter] 5.8000 GHz  windows 30008  with tone 128  worst SNR 9.1 dB | ch1   -0.17 (max dev 0.06)  ch2   +1.59 (max dev 0.13)  ch3   +2.53 (max dev 0.15)
[meter] 2.4000 GHz  windows 30086  with tone 9430  worst SNR 9.0 dB | ch1   +0.64 (max dev 0.06)  ch2   +0.79 (max dev 0.08)  ch3   +1.18 (max dev 0.08)
[meter] 5.2000 GHz  windows 30083  with tone 20529  worst SNR 8.6 dB | ch1   -3.48 (max dev 0.04)  ch2   -0.08 (max dev 0.11)  ch3   +0.46 (max dev 0.07)
[meter] 5.8000 GHz  windows 30090  with tone 128  worst SNR 9.1 dB | ch1   -0.17 (max dev 0.06)  ch2   +1.59 (max dev 0.13)  ch3   +2.53 (max dev 0.15)
[meter] 2.4000 GHz  windows 30086  with tone 9430  worst SNR 9.0 dB | ch1   +0.64 (max dev 0.06)  ch2   +0.79 (max dev 0.08)  ch3   +1.18 (max dev 0.08)
[meter] 5.2000 GHz  windows 30084  with tone 20530  worst SNR 8.6 dB | ch1   -3.48 (max dev 0.04)  ch2   -0.08 (max dev 0.11)  ch3   +0.46 (max dev 0.07)
[meter] 5.8000 GHz  windows 30091  with tone 128  worst SNR 9.1 dB | ch1   -0.17 (max dev 0.06)  ch2   +1.59 (max dev 0.13)  ch3   +2.53 (max dev 0.15)
[meter] 2.4000 GHz  windows 30087  with tone 9430  worst SNR 9.0 dB | ch1   +0.64 (max dev 0.06)  ch2   +0.79 (max dev 0.08)  ch3   +1.18 (max dev 0.08)
[meter] 5.2000 GHz  windows 30085  with tone 20531  worst SNR 8.6 dB | ch1   -3.48 (max dev 0.04)  ch2   -0.08 (max dev 0.06)  ch3   +0.46 (max dev 0.06)
[meter] 5.8000 GHz  windows 30091  with tone 128  worst SNR 9.1 dB | ch1   -0.17 (max dev 0.06)  ch2   +1.59 (max dev 0.13)  ch3   +2.53 (max dev 0.15)
[meter] 2.4000 GHz  windows 30169  with tone 9430  worst SNR 9.0 dB | ch1   +0.64 (max dev 0.06)  ch2   +0.79 (max dev 0.08)  ch3   +1.18 (max dev 0.08)
[meter] 5.2000 GHz  windows 30167  with tone 20613  worst SNR 8.6 dB | ch1   -3.48 (max dev 0.05)  ch2   -0.09 (max dev 0.09)  ch3   +0.45 (max dev 0.09)
[meter] 5.8000 GHz  windows 30174  with tone 128  worst SNR 9.1 dB | ch1   -0.17 (max dev 0.06)  ch2   +1.59 (max dev 0.13)  ch3   +2.53 (max dev 0.15)
[meter] 2.4000 GHz  windows 30170  with tone 9430  worst SNR 9.0 dB | ch1   +0.64 (max dev 0.06)  ch2   +0.79 (max dev 0.08)  ch3   +1.18 (max dev 0.08)
[meter] 5.2000 GHz  windows 30167  with tone 20613  worst SNR 8.6 dB | ch1   -3.48 (max dev 0.05)  ch2   -0.09 (max dev 0.09)  ch3   +0.45 (max dev 0.09)
[meter] 5.8000 GHz  windows 30174  with tone 128  worst SNR 9.1 dB | ch1   -0.17 (max dev 0.06)  ch2   +1.59 (max dev 0.13)  ch3   +2.53 (max dev 0.15)
[meter] 2.4000 GHz  windows 30171  with tone 9430  worst SNR 9.0 dB | ch1   +0.64 (max dev 0.06)  ch2   +0.79 (max dev 0.08)  ch3   +1.18 (max dev 0.08)
[meter] 5.2000 GHz  windows 30168  with tone 20614  worst SNR 8.6 dB | ch1   -3.48 (max dev 0.05)  ch2   -0.09 (max dev 0.09)  ch3   +0.45 (max dev 0.09)
[meter] 5.8000 GHz  windows 30175  with tone 128  worst SNR 9.1 dB | ch1   -0.17 (max dev 0.06)  ch2   +1.59 (max dev 0.13)  ch3   +2.53 (max dev 0.15)
[meter] 2.4000 GHz  windows 30252  with tone 9430  worst SNR 9.0 dB | ch1   +0.64 (max dev 0.06)  ch2   +0.79 (max dev 0.08)  ch3   +1.18 (max dev 0.08)
[meter] 5.2000 GHz  windows 30250  with tone 20696  worst SNR 8.6 dB | ch1   -3.48 (max dev 0.05)  ch2   -0.09 (max dev 0.09)  ch3   +0.44 (max dev 0.08)
[meter] 5.8000 GHz  windows 30257  with tone 128  worst SNR 9.1 dB | ch1   -0.17 (max dev 0.06)  ch2   +1.59 (max dev 0.13)  ch3   +2.53 (max dev 0.15)
[meter] 2.4000 GHz  windows 30253  with tone 9430  worst SNR 9.0 dB | ch1   +0.64 (max dev 0.06)  ch2   +0.79 (max dev 0.08)  ch3   +1.18 (max dev 0.08)
[meter] 5.2000 GHz  windows 30251  with tone 20697  worst SNR 8.6 dB | ch1   -3.48 (max dev 0.05)  ch2   -0.09 (max dev 0.09)  ch3   +0.44 (max dev 0.08)
[meter] 5.8000 GHz  windows 30257  with tone 128  worst SNR 9.1 dB | ch1   -0.17 (max dev 0.06)  ch2   +1.59 (max dev 0.13)  ch3   +2.53 (max dev 0.15)
[meter] 2.4000 GHz  windows 30254  with tone 9430  worst SNR 9.0 dB | ch1   +0.64 (max dev 0.06)  ch2   +0.79 (max dev 0.08)  ch3   +1.18 (max dev 0.08)
[meter] 5.2000 GHz  windows 30252  with tone 20698  worst SNR 8.6 dB | ch1   -3.48 (max dev 0.05)  ch2   -0.09 (max dev 0.09)  ch3   +0.44 (max dev 0.08)
[meter] 5.8000 GHz  windows 30259  with tone 128  worst SNR 9.1 dB | ch1   -0.17 (max dev 0.06)  ch2   +1.59 (max dev 0.13)  ch3   +2.53 (max dev 0.15)
[meter] 2.4000 GHz  windows 30336  with tone 9430  worst SNR 9.0 dB | ch1   +0.64 (max dev 0.06)  ch2   +0.79 (max dev 0.08)  ch3   +1.18 (max dev 0.08)
[meter] 5.2000 GHz  windows 30334  with tone 20780  worst SNR 8.6 dB | ch1   -3.48 (max dev 0.04)  ch2   -0.09 (max dev 0.07)  ch3   +0.45 (max dev 0.09)
[meter] 5.8000 GHz  windows 30340  with tone 128  worst SNR 9.1 dB | ch1   -0.17 (max dev 0.06)  ch2   +1.59 (max dev 0.13)  ch3   +2.53 (max dev 0.15)
[meter] 2.4000 GHz  windows 30337  with tone 9430  worst SNR 9.0 dB | ch1   +0.64 (max dev 0.06)  ch2   +0.79 (max dev 0.08)  ch3   +1.18 (max dev 0.08)
[meter] 5.2000 GHz  windows 30334  with tone 20780  worst SNR 8.6 dB | ch1   -3.48 (max dev 0.04)  ch2   -0.09 (max dev 0.07)  ch3   +0.45 (max dev 0.09)
[meter] 5.8000 GHz  windows 30341  with tone 128  worst SNR 9.1 dB | ch1   -0.17 (max dev 0.06)  ch2   +1.59 (max dev 0.13)  ch3   +2.53 (max dev 0.15)
[meter] 2.4000 GHz  windows 30338  with tone 9430  worst SNR 9.0 dB | ch1   +0.64 (max dev 0.06)  ch2   +0.79 (max dev 0.08)  ch3   +1.18 (max dev 0.08)
[meter] 5.2000 GHz  windows 30335  with tone 20781  worst SNR 8.6 dB | ch1   -3.48 (max dev 0.04)  ch2   -0.09 (max dev 0.07)  ch3   +0.45 (max dev 0.09)
[meter] 5.8000 GHz  windows 30342  with tone 128  worst SNR 9.1 dB | ch1   -0.17 (max dev 0.06)  ch2   +1.59 (max dev 0.13)  ch3   +2.53 (max dev 0.15)
[meter] 2.4000 GHz  windows 30419  with tone 9430  worst SNR 9.0 dB | ch1   +0.64 (max dev 0.06)  ch2   +0.79 (max dev 0.08)  ch3   +1.18 (max dev 0.08)
[meter] 5.2000 GHz  windows 30417  with tone 20863  worst SNR 8.6 dB | ch1   -3.50 (max dev 0.08)  ch2   -0.12 (max dev 0.15)  ch3   +0.43 (max dev 0.13)
[meter] 5.8000 GHz  windows 30424  with tone 128  worst SNR 9.1 dB | ch1   -0.17 (max dev 0.06)  ch2   +1.59 (max dev 0.13)  ch3   +2.53 (max dev 0.15)
[meter] 2.4000 GHz  windows 30420  with tone 9430  worst SNR 9.0 dB | ch1   +0.64 (max dev 0.06)  ch2   +0.79 (max dev 0.08)  ch3   +1.18 (max dev 0.08)
[meter] 5.2000 GHz  windows 30417  with tone 20863  worst SNR 8.6 dB | ch1   -3.50 (max dev 0.08)  ch2   -0.12 (max dev 0.15)  ch3   +0.43 (max dev 0.13)
[meter] 5.8000 GHz  windows 30424  with tone 128  worst SNR 9.1 dB | ch1   -0.17 (max dev 0.06)  ch2   +1.59 (max dev 0.13)  ch3   +2.53 (max dev 0.15)
[meter] 2.4000 GHz  windows 30421  with tone 9430  worst SNR 9.0 dB | ch1   +0.64 (max dev 0.06)  ch2   +0.79 (max dev 0.08)  ch3   +1.18 (max dev 0.08)
[meter] 5.2000 GHz  windows 30419  with tone 20865  worst SNR 8.6 dB | ch1   -3.50 (max dev 0.08)  ch2   -0.12 (max dev 0.15)  ch3   +0.43 (max dev 0.13)
[meter] 5.8000 GHz  windows 30425  with tone 128  worst SNR 9.1 dB | ch1   -0.17 (max dev 0.06)  ch2   +1.59 (max dev 0.13)  ch3   +2.53 (max dev 0.15)
[meter] 2.4000 GHz  windows 30503  with tone 9430  worst SNR 9.0 dB | ch1   +0.64 (max dev 0.06)  ch2   +0.79 (max dev 0.08)  ch3   +1.18 (max dev 0.08)
[meter] 5.2000 GHz  windows 30500  with tone 20946  worst SNR 8.6 dB | ch1   -3.56 (max dev 0.22)  ch2   -0.18 (max dev 0.33)  ch3   +0.37 (max dev 0.32)
[meter] 5.8000 GHz  windows 30507  with tone 128  worst SNR 9.1 dB | ch1   -0.17 (max dev 0.06)  ch2   +1.59 (max dev 0.13)  ch3   +2.53 (max dev 0.15)
[meter] 2.4000 GHz  windows 30503  with tone 9430  worst SNR 9.0 dB | ch1   +0.64 (max dev 0.06)  ch2   +0.79 (max dev 0.08)  ch3   +1.18 (max dev 0.08)
[meter] 5.2000 GHz  windows 30501  with tone 20947  worst SNR 8.6 dB | ch1   -3.56 (max dev 0.22)  ch2   -0.18 (max dev 0.33)  ch3   +0.37 (max dev 0.32)
[meter] 5.8000 GHz  windows 30507  with tone 128  worst SNR 9.1 dB | ch1   -0.17 (max dev 0.06)  ch2   +1.59 (max dev 0.13)  ch3   +2.53 (max dev 0.15)
[meter] 2.4000 GHz  windows 30504  with tone 9430  worst SNR 9.0 dB | ch1   +0.64 (max dev 0.06)  ch2   +0.79 (max dev 0.08)  ch3   +1.18 (max dev 0.08)
[meter] 5.2000 GHz  windows 30502  with tone 20948  worst SNR 8.6 dB | ch1   -3.56 (max dev 0.22)  ch2   -0.18 (max dev 0.33)  ch3   +0.37 (max dev 0.32)
[meter] 5.8000 GHz  windows 30509  with tone 128  worst SNR 9.1 dB | ch1   -0.17 (max dev 0.06)  ch2   +1.59 (max dev 0.13)  ch3   +2.53 (max dev 0.15)
[meter] 2.4000 GHz  windows 30586  with tone 9430  worst SNR 9.0 dB | ch1   +0.64 (max dev 0.06)  ch2   +0.79 (max dev 0.08)  ch3   +1.18 (max dev 0.08)
[meter] 5.2000 GHz  windows 30584  with tone 21030  worst SNR 8.6 dB | ch1   -3.65 (max dev 0.13)  ch2   -0.22 (max dev 0.28)  ch3   +0.32 (max dev 0.27)
[meter] 5.8000 GHz  windows 30590  with tone 128  worst SNR 9.1 dB | ch1   -0.17 (max dev 0.06)  ch2   +1.59 (max dev 0.13)  ch3   +2.53 (max dev 0.15)
[meter] 2.4000 GHz  windows 30587  with tone 9430  worst SNR 9.0 dB | ch1   +0.64 (max dev 0.06)  ch2   +0.79 (max dev 0.08)  ch3   +1.18 (max dev 0.08)
[meter] 5.2000 GHz  windows 30584  with tone 21030  worst SNR 8.6 dB | ch1   -3.65 (max dev 0.13)  ch2   -0.22 (max dev 0.28)  ch3   +0.32 (max dev 0.27)
[meter] 5.8000 GHz  windows 30591  with tone 128  worst SNR 9.1 dB | ch1   -0.17 (max dev 0.06)  ch2   +1.59 (max dev 0.13)  ch3   +2.53 (max dev 0.15)
[meter] 2.4000 GHz  windows 30588  with tone 9430  worst SNR 9.0 dB | ch1   +0.64 (max dev 0.06)  ch2   +0.79 (max dev 0.08)  ch3   +1.18 (max dev 0.08)
[meter] 5.2000 GHz  windows 30585  with tone 21031  worst SNR 8.6 dB | ch1   -3.65 (max dev 0.13)  ch2   -0.22 (max dev 0.28)  ch3   +0.32 (max dev 0.27)
[meter] 5.8000 GHz  windows 30592  with tone 128  worst SNR 9.1 dB | ch1   -0.17 (max dev 0.06)  ch2   +1.59 (max dev 0.13)  ch3   +2.53 (max dev 0.15)
[meter] 2.4000 GHz  windows 30670  with tone 9430  worst SNR 9.0 dB | ch1   +0.64 (max dev 0.06)  ch2   +0.79 (max dev 0.08)  ch3   +1.18 (max dev 0.08)
[meter] 5.2000 GHz  windows 30667  with tone 21113  worst SNR 8.6 dB | ch1   -3.72 (max dev 0.06)  ch2   -0.22 (max dev 0.20)  ch3   +0.32 (max dev 0.19)
[meter] 5.8000 GHz  windows 30674  with tone 128  worst SNR 9.1 dB | ch1   -0.17 (max dev 0.06)  ch2   +1.59 (max dev 0.13)  ch3   +2.53 (max dev 0.15)
[meter] 2.4000 GHz  windows 30670  with tone 9430  worst SNR 9.0 dB | ch1   +0.64 (max dev 0.06)  ch2   +0.79 (max dev 0.08)  ch3   +1.18 (max dev 0.08)
[meter] 5.2000 GHz  windows 30668  with tone 21114  worst SNR 8.6 dB | ch1   -3.72 (max dev 0.06)  ch2   -0.22 (max dev 0.20)  ch3   +0.32 (max dev 0.19)
[meter] 5.8000 GHz  windows 30674  with tone 128  worst SNR 9.1 dB | ch1   -0.17 (max dev 0.06)  ch2   +1.59 (max dev 0.13)  ch3   +2.53 (max dev 0.15)
[meter] 2.4000 GHz  windows 30671  with tone 9430  worst SNR 9.0 dB | ch1   +0.64 (max dev 0.06)  ch2   +0.79 (max dev 0.08)  ch3   +1.18 (max dev 0.08)
[meter] 5.2000 GHz  windows 30669  with tone 21115  worst SNR 8.6 dB | ch1   -3.72 (max dev 0.06)  ch2   -0.22 (max dev 0.20)  ch3   +0.32 (max dev 0.20)
[meter] 5.8000 GHz  windows 30675  with tone 128  worst SNR 9.1 dB | ch1   -0.17 (max dev 0.06)  ch2   +1.59 (max dev 0.13)  ch3   +2.53 (max dev 0.15)
[meter] 2.4000 GHz  windows 30753  with tone 9430  worst SNR 9.0 dB | ch1   +0.64 (max dev 0.06)  ch2   +0.79 (max dev 0.08)  ch3   +1.18 (max dev 0.08)
[meter] 5.2000 GHz  windows 30751  with tone 21197  worst SNR 8.6 dB | ch1   -3.72 (max dev 0.04)  ch2   -0.19 (max dev 0.09)  ch3   +0.36 (max dev 0.10)
[meter] 5.8000 GHz  windows 30757  with tone 128  worst SNR 9.1 dB | ch1   -0.17 (max dev 0.06)  ch2   +1.59 (max dev 0.13)  ch3   +2.53 (max dev 0.15)
[meter] 2.4000 GHz  windows 30754  with tone 9430  worst SNR 9.0 dB | ch1   +0.64 (max dev 0.06)  ch2   +0.79 (max dev 0.08)  ch3   +1.18 (max dev 0.08)
[meter] 5.2000 GHz  windows 30751  with tone 21197  worst SNR 8.6 dB | ch1   -3.72 (max dev 0.04)  ch2   -0.19 (max dev 0.09)  ch3   +0.36 (max dev 0.10)
[meter] 5.8000 GHz  windows 30758  with tone 128  worst SNR 9.1 dB | ch1   -0.17 (max dev 0.06)  ch2   +1.59 (max dev 0.13)  ch3   +2.53 (max dev 0.15)
[meter] 2.4000 GHz  windows 30754  with tone 9430  worst SNR 9.0 dB | ch1   +0.64 (max dev 0.06)  ch2   +0.79 (max dev 0.08)  ch3   +1.18 (max dev 0.08)
[meter] 5.2000 GHz  windows 30752  with tone 21198  worst SNR 8.6 dB | ch1   -3.72 (max dev 0.04)  ch2   -0.19 (max dev 0.09)  ch3   +0.36 (max dev 0.10)
[meter] 5.8000 GHz  windows 30759  with tone 128  worst SNR 9.1 dB | ch1   -0.17 (max dev 0.06)  ch2   +1.59 (max dev 0.13)  ch3   +2.53 (max dev 0.15)
[meter] 2.4000 GHz  windows 30836  with tone 9430  worst SNR 9.0 dB | ch1   +0.64 (max dev 0.06)  ch2   +0.79 (max dev 0.08)  ch3   +1.18 (max dev 0.08)
[meter] 5.2000 GHz  windows 30834  with tone 21280  worst SNR 8.6 dB | ch1   -3.82 (max dev 0.41)  ch2   -0.21 (max dev 0.35)  ch3   +0.34 (max dev 0.34)
[meter] 5.8000 GHz  windows 30841  with tone 128  worst SNR 9.1 dB | ch1   -0.17 (max dev 0.06)  ch2   +1.59 (max dev 0.13)  ch3   +2.53 (max dev 0.15)
[meter] 2.4000 GHz  windows 30837  with tone 9430  worst SNR 9.0 dB | ch1   +0.64 (max dev 0.06)  ch2   +0.79 (max dev 0.08)  ch3   +1.18 (max dev 0.08)
[meter] 5.2000 GHz  windows 30835  with tone 21281  worst SNR 8.6 dB | ch1   -3.82 (max dev 0.40)  ch2   -0.21 (max dev 0.35)  ch3   +0.34 (max dev 0.34)
[meter] 5.8000 GHz  windows 30841  with tone 128  worst SNR 9.1 dB | ch1   -0.17 (max dev 0.06)  ch2   +1.59 (max dev 0.13)  ch3   +2.53 (max dev 0.15)
[meter] 2.4000 GHz  windows 30838  with tone 9430  worst SNR 9.0 dB | ch1   +0.64 (max dev 0.06)  ch2   +0.79 (max dev 0.08)  ch3   +1.18 (max dev 0.08)
[meter] 5.2000 GHz  windows 30835  with tone 21281  worst SNR 8.6 dB | ch1   -3.82 (max dev 0.40)  ch2   -0.21 (max dev 0.35)  ch3   +0.34 (max dev 0.34)
[meter] 5.8000 GHz  windows 30842  with tone 128  worst SNR 9.1 dB | ch1   -0.17 (max dev 0.06)  ch2   +1.59 (max dev 0.13)  ch3   +2.53 (max dev 0.15)
[meter] 2.4000 GHz  windows 30920  with tone 9430  worst SNR 9.0 dB | ch1   +0.64 (max dev 0.06)  ch2   +0.79 (max dev 0.08)  ch3   +1.18 (max dev 0.08)
[meter] 5.2000 GHz  windows 30917  with tone 21363  worst SNR 8.6 dB | ch1   -4.01 (max dev 0.32)  ch2   -0.27 (max dev 0.29)  ch3   +0.28 (max dev 0.28)
[meter] 5.8000 GHz  windows 30924  with tone 128  worst SNR 9.1 dB | ch1   -0.17 (max dev 0.06)  ch2   +1.59 (max dev 0.13)  ch3   +2.53 (max dev 0.15)
[meter] 2.4000 GHz  windows 30920  with tone 9430  worst SNR 9.0 dB | ch1   +0.64 (max dev 0.06)  ch2   +0.79 (max dev 0.08)  ch3   +1.18 (max dev 0.08)
[meter] 5.2000 GHz  windows 30918  with tone 21364  worst SNR 8.6 dB | ch1   -4.01 (max dev 0.32)  ch2   -0.27 (max dev 0.29)  ch3   +0.28 (max dev 0.28)
[meter] 5.8000 GHz  windows 30925  with tone 128  worst SNR 9.1 dB | ch1   -0.17 (max dev 0.06)  ch2   +1.59 (max dev 0.13)  ch3   +2.53 (max dev 0.15)
[meter] 2.4000 GHz  windows 30921  with tone 9430  worst SNR 9.0 dB | ch1   +0.64 (max dev 0.06)  ch2   +0.79 (max dev 0.08)  ch3   +1.18 (max dev 0.08)
[meter] 5.2000 GHz  windows 30919  with tone 21365  worst SNR 8.6 dB | ch1   -4.01 (max dev 0.32)  ch2   -0.27 (max dev 0.29)  ch3   +0.27 (max dev 0.27)
[meter] 5.8000 GHz  windows 30926  with tone 128  worst SNR 9.1 dB | ch1   -0.17 (max dev 0.06)  ch2   +1.59 (max dev 0.13)  ch3   +2.53 (max dev 0.15)
[meter] 2.4000 GHz  windows 31003  with tone 9430  worst SNR 9.0 dB | ch1   +0.64 (max dev 0.06)  ch2   +0.79 (max dev 0.08)  ch3   +1.18 (max dev 0.08)
[meter] 5.2000 GHz  windows 31001  with tone 21447  worst SNR 8.6 dB | ch1   -4.16 (max dev 0.07)  ch2   -0.31 (max dev 0.25)  ch3   +0.23 (max dev 0.23)
[meter] 5.8000 GHz  windows 31007  with tone 128  worst SNR 9.1 dB | ch1   -0.17 (max dev 0.06)  ch2   +1.59 (max dev 0.13)  ch3   +2.53 (max dev 0.15)
[meter] 2.4000 GHz  windows 31004  with tone 9430  worst SNR 9.0 dB | ch1   +0.64 (max dev 0.06)  ch2   +0.79 (max dev 0.08)  ch3   +1.18 (max dev 0.08)
[meter] 5.2000 GHz  windows 31001  with tone 21447  worst SNR 8.6 dB | ch1   -4.16 (max dev 0.07)  ch2   -0.31 (max dev 0.25)  ch3   +0.23 (max dev 0.23)
[meter] 5.8000 GHz  windows 31008  with tone 128  worst SNR 9.1 dB | ch1   -0.17 (max dev 0.06)  ch2   +1.59 (max dev 0.13)  ch3   +2.53 (max dev 0.15)
[meter] 2.4000 GHz  windows 31005  with tone 9430  worst SNR 9.0 dB | ch1   +0.64 (max dev 0.06)  ch2   +0.79 (max dev 0.08)  ch3   +1.18 (max dev 0.08)
[meter] 5.2000 GHz  windows 31002  with tone 21448  worst SNR 8.6 dB | ch1   -4.16 (max dev 0.07)  ch2   -0.31 (max dev 0.25)  ch3   +0.23 (max dev 0.23)
[meter] 5.8000 GHz  windows 31009  with tone 128  worst SNR 9.1 dB | ch1   -0.17 (max dev 0.06)  ch2   +1.59 (max dev 0.13)  ch3   +2.53 (max dev 0.15)
[meter] 2.4000 GHz  windows 31086  with tone 9430  worst SNR 9.0 dB | ch1   +0.64 (max dev 0.06)  ch2   +0.79 (max dev 0.08)  ch3   +1.18 (max dev 0.08)
[meter] 5.2000 GHz  windows 31084  with tone 21530  worst SNR 8.6 dB | ch1   -4.16 (max dev 0.04)  ch2   -0.32 (max dev 0.12)  ch3   +0.23 (max dev 0.09)
[meter] 5.8000 GHz  windows 31091  with tone 128  worst SNR 9.1 dB | ch1   -0.17 (max dev 0.06)  ch2   +1.59 (max dev 0.13)  ch3   +2.53 (max dev 0.15)
[meter] 2.4000 GHz  windows 31087  with tone 9430  worst SNR 9.0 dB | ch1   +0.64 (max dev 0.06)  ch2   +0.79 (max dev 0.08)  ch3   +1.18 (max dev 0.08)
[meter] 5.2000 GHz  windows 31085  with tone 21531  worst SNR 8.6 dB | ch1   -4.16 (max dev 0.04)  ch2   -0.32 (max dev 0.12)  ch3   +0.23 (max dev 0.09)
[meter] 5.8000 GHz  windows 31091  with tone 128  worst SNR 9.1 dB | ch1   -0.17 (max dev 0.06)  ch2   +1.59 (max dev 0.13)  ch3   +2.53 (max dev 0.15)
[meter] 2.4000 GHz  windows 31088  with tone 9430  worst SNR 9.0 dB | ch1   +0.64 (max dev 0.06)  ch2   +0.79 (max dev 0.08)  ch3   +1.18 (max dev 0.08)
[meter] 5.2000 GHz  windows 31086  with tone 21532  worst SNR 8.6 dB | ch1   -4.16 (max dev 0.04)  ch2   -0.32 (max dev 0.12)  ch3   +0.23 (max dev 0.09)
[meter] 5.8000 GHz  windows 31092  with tone 128  worst SNR 9.1 dB | ch1   -0.17 (max dev 0.06)  ch2   +1.59 (max dev 0.13)  ch3   +2.53 (max dev 0.15)
[meter] 2.4000 GHz  windows 31170  with tone 9430  worst SNR 9.0 dB | ch1   +0.64 (max dev 0.06)  ch2   +0.79 (max dev 0.08)  ch3   +1.18 (max dev 0.08)
[meter] 5.2000 GHz  windows 31168  with tone 21614  worst SNR 8.6 dB | ch1   -4.16 (max dev 0.04)  ch2   -0.38 (max dev 0.14)  ch3   +0.17 (max dev 0.12)
[meter] 5.8000 GHz  windows 31174  with tone 128  worst SNR 9.1 dB | ch1   -0.17 (max dev 0.06)  ch2   +1.59 (max dev 0.13)  ch3   +2.53 (max dev 0.15)
[meter] 2.4000 GHz  windows 31171  with tone 9430  worst SNR 9.0 dB | ch1   +0.64 (max dev 0.06)  ch2   +0.79 (max dev 0.08)  ch3   +1.18 (max dev 0.08)
[meter] 5.2000 GHz  windows 31168  with tone 21614  worst SNR 8.6 dB | ch1   -4.16 (max dev 0.04)  ch2   -0.38 (max dev 0.14)  ch3   +0.17 (max dev 0.12)
[meter] 5.8000 GHz  windows 31175  with tone 128  worst SNR 9.1 dB | ch1   -0.17 (max dev 0.06)  ch2   +1.59 (max dev 0.13)  ch3   +2.53 (max dev 0.15)
[meter] 2.4000 GHz  windows 31171  with tone 9430  worst SNR 9.0 dB | ch1   +0.64 (max dev 0.06)  ch2   +0.79 (max dev 0.08)  ch3   +1.18 (max dev 0.08)
[meter] 5.2000 GHz  windows 31169  with tone 21615  worst SNR 8.6 dB | ch1   -4.16 (max dev 0.04)  ch2   -0.38 (max dev 0.14)  ch3   +0.17 (max dev 0.12)
[meter] 5.8000 GHz  windows 31176  with tone 128  worst SNR 9.1 dB | ch1   -0.17 (max dev 0.06)  ch2   +1.59 (max dev 0.13)  ch3   +2.53 (max dev 0.15)
[meter] 2.4000 GHz  windows 31253  with tone 9430  worst SNR 9.0 dB | ch1   +0.64 (max dev 0.06)  ch2   +0.79 (max dev 0.08)  ch3   +1.18 (max dev 0.08)
[meter] 5.2000 GHz  windows 31251  with tone 21697  worst SNR 8.6 dB | ch1   -4.17 (max dev 0.04)  ch2   -0.44 (max dev 0.18)  ch3   +0.13 (max dev 0.16)
[meter] 5.8000 GHz  windows 31258  with tone 128  worst SNR 9.1 dB | ch1   -0.17 (max dev 0.06)  ch2   +1.59 (max dev 0.13)  ch3   +2.53 (max dev 0.15)
[meter] 2.4000 GHz  windows 31254  with tone 9430  worst SNR 9.0 dB | ch1   +0.64 (max dev 0.06)  ch2   +0.79 (max dev 0.08)  ch3   +1.18 (max dev 0.08)
[meter] 5.2000 GHz  windows 31252  with tone 21698  worst SNR 8.6 dB | ch1   -4.17 (max dev 0.04)  ch2   -0.44 (max dev 0.18)  ch3   +0.13 (max dev 0.16)
[meter] 5.8000 GHz  windows 31258  with tone 128  worst SNR 9.1 dB | ch1   -0.17 (max dev 0.06)  ch2   +1.59 (max dev 0.13)  ch3   +2.53 (max dev 0.15)
[meter] 2.4000 GHz  windows 31255  with tone 9430  worst SNR 9.0 dB | ch1   +0.64 (max dev 0.06)  ch2   +0.79 (max dev 0.08)  ch3   +1.18 (max dev 0.08)
[meter] 5.2000 GHz  windows 31252  with tone 21698  worst SNR 8.6 dB | ch1   -4.17 (max dev 0.04)  ch2   -0.44 (max dev 0.18)  ch3   +0.13 (max dev 0.16)
[meter] 5.8000 GHz  windows 31259  with tone 128  worst SNR 9.1 dB | ch1   -0.17 (max dev 0.06)  ch2   +1.59 (max dev 0.13)  ch3   +2.53 (max dev 0.15)
[meter] 2.4000 GHz  windows 31336  with tone 9430  worst SNR 9.0 dB | ch1   +0.64 (max dev 0.06)  ch2   +0.79 (max dev 0.08)  ch3   +1.18 (max dev 0.08)
[meter] 5.2000 GHz  windows 31334  with tone 21780  worst SNR 8.6 dB | ch1   -4.16 (max dev 0.07)  ch2   -0.42 (max dev 0.17)  ch3   +0.15 (max dev 0.21)
[meter] 5.8000 GHz  windows 31340  with tone 128  worst SNR 9.1 dB | ch1   -0.17 (max dev 0.06)  ch2   +1.59 (max dev 0.13)  ch3   +2.53 (max dev 0.15)
[meter] 2.4000 GHz  windows 31338  with tone 9430  worst SNR 9.0 dB | ch1   +0.64 (max dev 0.06)  ch2   +0.79 (max dev 0.08)  ch3   +1.18 (max dev 0.08)
[meter] 5.2000 GHz  windows 31335  with tone 21781  worst SNR 8.6 dB | ch1   -4.16 (max dev 0.07)  ch2   -0.42 (max dev 0.17)  ch3   +0.15 (max dev 0.21)
[meter] 5.8000 GHz  windows 31341  with tone 128  worst SNR 9.1 dB | ch1   -0.17 (max dev 0.06)  ch2   +1.59 (max dev 0.13)  ch3   +2.53 (max dev 0.15)
[meter] 2.4000 GHz  windows 31338  with tone 9430  worst SNR 9.0 dB | ch1   +0.64 (max dev 0.06)  ch2   +0.79 (max dev 0.08)  ch3   +1.18 (max dev 0.08)
[meter] 5.2000 GHz  windows 31336  with tone 21782  worst SNR 8.6 dB | ch1   -4.16 (max dev 0.07)  ch2   -0.42 (max dev 0.17)  ch3   +0.15 (max dev 0.21)
[meter] 5.8000 GHz  windows 31342  with tone 128  worst SNR 9.1 dB | ch1   -0.17 (max dev 0.06)  ch2   +1.59 (max dev 0.13)  ch3   +2.53 (max dev 0.15)
[meter] 2.4000 GHz  windows 31420  with tone 9430  worst SNR 9.0 dB | ch1   +0.64 (max dev 0.06)  ch2   +0.79 (max dev 0.08)  ch3   +1.18 (max dev 0.08)
[meter] 5.2000 GHz  windows 31418  with tone 21864  worst SNR 8.6 dB | ch1   -4.13 (max dev 0.08)  ch2   -0.36 (max dev 0.17)  ch3   +0.20 (max dev 0.16)
[meter] 5.8000 GHz  windows 31423  with tone 128  worst SNR 9.1 dB | ch1   -0.17 (max dev 0.06)  ch2   +1.59 (max dev 0.13)  ch3   +2.53 (max dev 0.15)
[meter] 2.4000 GHz  windows 31421  with tone 9430  worst SNR 9.0 dB | ch1   +0.64 (max dev 0.06)  ch2   +0.79 (max dev 0.08)  ch3   +1.18 (max dev 0.08)
[meter] 5.2000 GHz  windows 31419  with tone 21865  worst SNR 8.6 dB | ch1   -4.13 (max dev 0.08)  ch2   -0.36 (max dev 0.17)  ch3   +0.20 (max dev 0.16)
[meter] 5.8000 GHz  windows 31424  with tone 128  worst SNR 9.1 dB | ch1   -0.17 (max dev 0.06)  ch2   +1.59 (max dev 0.13)  ch3   +2.53 (max dev 0.15)
[meter] 2.4000 GHz  windows 31422  with tone 9430  worst SNR 9.0 dB | ch1   +0.64 (max dev 0.06)  ch2   +0.79 (max dev 0.08)  ch3   +1.18 (max dev 0.08)
[meter] 5.2000 GHz  windows 31419  with tone 21865  worst SNR 8.6 dB | ch1   -4.13 (max dev 0.08)  ch2   -0.36 (max dev 0.17)  ch3   +0.20 (max dev 0.16)
[meter] 5.8000 GHz  windows 31425  with tone 128  worst SNR 9.1 dB | ch1   -0.17 (max dev 0.06)  ch2   +1.59 (max dev 0.13)  ch3   +2.53 (max dev 0.15)
[meter] 2.4000 GHz  windows 31503  with tone 9430  worst SNR 9.0 dB | ch1   +0.64 (max dev 0.06)  ch2   +0.79 (max dev 0.08)  ch3   +1.18 (max dev 0.08)
[meter] 5.2000 GHz  windows 31501  with tone 21947  worst SNR 8.6 dB | ch1   -4.12 (max dev 0.05)  ch2   -0.32 (max dev 0.09)  ch3   +0.23 (max dev 0.10)
[meter] 5.8000 GHz  windows 31507  with tone 128  worst SNR 9.1 dB | ch1   -0.17 (max dev 0.06)  ch2   +1.59 (max dev 0.13)  ch3   +2.53 (max dev 0.15)
[meter] 2.4000 GHz  windows 31504  with tone 9430  worst SNR 9.0 dB | ch1   +0.64 (max dev 0.06)  ch2   +0.79 (max dev 0.08)  ch3   +1.18 (max dev 0.08)
[meter] 5.2000 GHz  windows 31502  with tone 21948  worst SNR 8.6 dB | ch1   -4.12 (max dev 0.05)  ch2   -0.32 (max dev 0.09)  ch3   +0.23 (max dev 0.10)
[meter] 5.8000 GHz  windows 31507  with tone 128  worst SNR 9.1 dB | ch1   -0.17 (max dev 0.06)  ch2   +1.59 (max dev 0.13)  ch3   +2.53 (max dev 0.15)
[meter] 2.4000 GHz  windows 31505  with tone 9430  worst SNR 9.0 dB | ch1   +0.64 (max dev 0.06)  ch2   +0.79 (max dev 0.08)  ch3   +1.18 (max dev 0.08)
[meter] 5.2000 GHz  windows 31503  with tone 21949  worst SNR 8.6 dB | ch1   -4.12 (max dev 0.05)  ch2   -0.32 (max dev 0.09)  ch3   +0.23 (max dev 0.10)
[meter] 5.8000 GHz  windows 31509  with tone 128  worst SNR 9.1 dB | ch1   -0.17 (max dev 0.06)  ch2   +1.59 (max dev 0.13)  ch3   +2.53 (max dev 0.15)
[meter] 2.4000 GHz  windows 31587  with tone 9430  worst SNR 9.0 dB | ch1   +0.64 (max dev 0.06)  ch2   +0.79 (max dev 0.08)  ch3   +1.18 (max dev 0.08)
[meter] 5.2000 GHz  windows 31585  with tone 22031  worst SNR 8.6 dB | ch1   -4.12 (max dev 0.05)  ch2   -0.31 (max dev 0.07)  ch3   +0.24 (max dev 0.08)
[meter] 5.8000 GHz  windows 31590  with tone 128  worst SNR 9.1 dB | ch1   -0.17 (max dev 0.06)  ch2   +1.59 (max dev 0.13)  ch3   +2.53 (max dev 0.15)
[meter] 2.4000 GHz  windows 31588  with tone 9430  worst SNR 9.0 dB | ch1   +0.64 (max dev 0.06)  ch2   +0.79 (max dev 0.08)  ch3   +1.18 (max dev 0.08)
[meter] 5.2000 GHz  windows 31585  with tone 22031  worst SNR 8.6 dB | ch1   -4.12 (max dev 0.05)  ch2   -0.31 (max dev 0.07)  ch3   +0.24 (max dev 0.08)
[meter] 5.8000 GHz  windows 31591  with tone 128  worst SNR 9.1 dB | ch1   -0.17 (max dev 0.06)  ch2   +1.59 (max dev 0.13)  ch3   +2.53 (max dev 0.15)
[meter] 2.4000 GHz  windows 31588  with tone 9430  worst SNR 9.0 dB | ch1   +0.64 (max dev 0.06)  ch2   +0.79 (max dev 0.08)  ch3   +1.18 (max dev 0.08)
[meter] 5.2000 GHz  windows 31586  with tone 22032  worst SNR 8.6 dB | ch1   -4.12 (max dev 0.05)  ch2   -0.31 (max dev 0.07)  ch3   +0.24 (max dev 0.08)
[meter] 5.8000 GHz  windows 31592  with tone 128  worst SNR 9.1 dB | ch1   -0.17 (max dev 0.06)  ch2   +1.59 (max dev 0.13)  ch3   +2.53 (max dev 0.15)
[meter] 2.4000 GHz  windows 31670  with tone 9430  worst SNR 9.0 dB | ch1   +0.64 (max dev 0.06)  ch2   +0.79 (max dev 0.08)  ch3   +1.18 (max dev 0.08)
[meter] 5.2000 GHz  windows 31668  with tone 22114  worst SNR 8.6 dB | ch1   -4.12 (max dev 0.04)  ch2   -0.29 (max dev 0.06)  ch3   +0.26 (max dev 0.08)
[meter] 5.8000 GHz  windows 31673  with tone 128  worst SNR 9.1 dB | ch1   -0.17 (max dev 0.06)  ch2   +1.59 (max dev 0.13)  ch3   +2.53 (max dev 0.15)
[meter] 2.4000 GHz  windows 31671  with tone 9430  worst SNR 9.0 dB | ch1   +0.64 (max dev 0.06)  ch2   +0.79 (max dev 0.08)  ch3   +1.18 (max dev 0.08)
[meter] 5.2000 GHz  windows 31668  with tone 22114  worst SNR 8.6 dB | ch1   -4.12 (max dev 0.04)  ch2   -0.29 (max dev 0.06)  ch3   +0.26 (max dev 0.08)
[meter] 5.8000 GHz  windows 31674  with tone 128  worst SNR 9.1 dB | ch1   -0.17 (max dev 0.06)  ch2   +1.59 (max dev 0.13)  ch3   +2.53 (max dev 0.15)
[meter] 2.4000 GHz  windows 31672  with tone 9430  worst SNR 9.0 dB | ch1   +0.64 (max dev 0.06)  ch2   +0.79 (max dev 0.08)  ch3   +1.18 (max dev 0.08)
[meter] 5.2000 GHz  windows 31669  with tone 22115  worst SNR 8.6 dB | ch1   -4.12 (max dev 0.04)  ch2   -0.29 (max dev 0.06)  ch3   +0.26 (max dev 0.08)
[meter] 5.8000 GHz  windows 31675  with tone 128  worst SNR 9.1 dB | ch1   -0.17 (max dev 0.06)  ch2   +1.59 (max dev 0.13)  ch3   +2.53 (max dev 0.15)
[meter] 2.4000 GHz  windows 31754  with tone 9430  worst SNR 9.0 dB | ch1   +0.64 (max dev 0.06)  ch2   +0.79 (max dev 0.08)  ch3   +1.18 (max dev 0.08)
[meter] 5.2000 GHz  windows 31751  with tone 22197  worst SNR 8.6 dB | ch1   -4.11 (max dev 0.04)  ch2   -0.30 (max dev 0.11)  ch3   +0.26 (max dev 0.09)
[meter] 5.8000 GHz  windows 31757  with tone 128  worst SNR 9.1 dB | ch1   -0.17 (max dev 0.06)  ch2   +1.59 (max dev 0.13)  ch3   +2.53 (max dev 0.15)
[meter] 2.4000 GHz  windows 31754  with tone 9430  worst SNR 9.0 dB | ch1   +0.64 (max dev 0.06)  ch2   +0.79 (max dev 0.08)  ch3   +1.18 (max dev 0.08)
[meter] 5.2000 GHz  windows 31752  with tone 22198  worst SNR 8.6 dB | ch1   -4.11 (max dev 0.04)  ch2   -0.30 (max dev 0.11)  ch3   +0.26 (max dev 0.09)
[meter] 5.8000 GHz  windows 31758  with tone 128  worst SNR 9.1 dB | ch1   -0.17 (max dev 0.06)  ch2   +1.59 (max dev 0.13)  ch3   +2.53 (max dev 0.15)
[meter] 2.4000 GHz  windows 31755  with tone 9430  worst SNR 9.0 dB | ch1   +0.64 (max dev 0.06)  ch2   +0.79 (max dev 0.08)  ch3   +1.18 (max dev 0.08)
[meter] 5.2000 GHz  windows 31753  with tone 22199  worst SNR 8.6 dB | ch1   -4.11 (max dev 0.04)  ch2   -0.30 (max dev 0.11)  ch3   +0.26 (max dev 0.09)
[meter] 5.8000 GHz  windows 31758  with tone 128  worst SNR 9.1 dB | ch1   -0.17 (max dev 0.06)  ch2   +1.59 (max dev 0.13)  ch3   +2.53 (max dev 0.15)
[meter] 2.4000 GHz  windows 31837  with tone 9430  worst SNR 9.0 dB | ch1   +0.64 (max dev 0.06)  ch2   +0.79 (max dev 0.08)  ch3   +1.18 (max dev 0.08)
[meter] 5.2000 GHz  windows 31835  with tone 22281  worst SNR 8.6 dB | ch1   -4.11 (max dev 0.04)  ch2   -0.29 (max dev 0.12)  ch3   +0.26 (max dev 0.09)
[meter] 5.8000 GHz  windows 31840  with tone 128  worst SNR 9.1 dB | ch1   -0.17 (max dev 0.06)  ch2   +1.59 (max dev 0.13)  ch3   +2.53 (max dev 0.15)
[meter] 2.4000 GHz  windows 31838  with tone 9430  worst SNR 9.0 dB | ch1   +0.64 (max dev 0.06)  ch2   +0.79 (max dev 0.08)  ch3   +1.18 (max dev 0.08)
[meter] 5.2000 GHz  windows 31836  with tone 22282  worst SNR 8.6 dB | ch1   -4.11 (max dev 0.04)  ch2   -0.29 (max dev 0.12)  ch3   +0.26 (max dev 0.09)
[meter] 5.8000 GHz  windows 31841  with tone 128  worst SNR 9.1 dB | ch1   -0.17 (max dev 0.06)  ch2   +1.59 (max dev 0.13)  ch3   +2.53 (max dev 0.15)
[meter] 2.4000 GHz  windows 31839  with tone 9430  worst SNR 9.0 dB | ch1   +0.64 (max dev 0.06)  ch2   +0.79 (max dev 0.08)  ch3   +1.18 (max dev 0.08)
[meter] 5.2000 GHz  windows 31836  with tone 22282  worst SNR 8.6 dB | ch1   -4.11 (max dev 0.04)  ch2   -0.29 (max dev 0.12)  ch3   +0.26 (max dev 0.09)
[meter] 5.8000 GHz  windows 31842  with tone 128  worst SNR 9.1 dB | ch1   -0.17 (max dev 0.06)  ch2   +1.59 (max dev 0.13)  ch3   +2.53 (max dev 0.15)
[meter] 2.4000 GHz  windows 31920  with tone 9430  worst SNR 9.0 dB | ch1   +0.64 (max dev 0.06)  ch2   +0.79 (max dev 0.08)  ch3   +1.18 (max dev 0.08)
[meter] 5.2000 GHz  windows 31918  with tone 22364  worst SNR 8.6 dB | ch1   -4.11 (max dev 0.04)  ch2   -0.28 (max dev 0.14)  ch3   +0.29 (max dev 0.11)
[meter] 5.8000 GHz  windows 31923  with tone 128  worst SNR 9.1 dB | ch1   -0.17 (max dev 0.06)  ch2   +1.59 (max dev 0.13)  ch3   +2.53 (max dev 0.15)
[meter] 2.4000 GHz  windows 31921  with tone 9430  worst SNR 9.0 dB | ch1   +0.64 (max dev 0.06)  ch2   +0.79 (max dev 0.08)  ch3   +1.18 (max dev 0.08)
[meter] 5.2000 GHz  windows 31919  with tone 22365  worst SNR 8.6 dB | ch1   -4.11 (max dev 0.04)  ch2   -0.28 (max dev 0.07)  ch3   +0.29 (max dev 0.08)
[meter] 5.8000 GHz  windows 31925  with tone 128  worst SNR 9.1 dB | ch1   -0.17 (max dev 0.06)  ch2   +1.59 (max dev 0.13)  ch3   +2.53 (max dev 0.15)
[meter] 2.4000 GHz  windows 31922  with tone 9430  worst SNR 9.0 dB | ch1   +0.64 (max dev 0.06)  ch2   +0.79 (max dev 0.08)  ch3   +1.18 (max dev 0.08)
[meter] 5.2000 GHz  windows 31920  with tone 22366  worst SNR 8.6 dB | ch1   -4.11 (max dev 0.04)  ch2   -0.28 (max dev 0.07)  ch3   +0.29 (max dev 0.08)
[meter] 5.8000 GHz  windows 31925  with tone 128  worst SNR 9.1 dB | ch1   -0.17 (max dev 0.06)  ch2   +1.59 (max dev 0.13)  ch3   +2.53 (max dev 0.15)
[meter] 2.4000 GHz  windows 32004  with tone 9430  worst SNR 9.0 dB | ch1   +0.64 (max dev 0.06)  ch2   +0.79 (max dev 0.08)  ch3   +1.18 (max dev 0.08)
[meter] 5.2000 GHz  windows 32002  with tone 22448  worst SNR 8.6 dB | ch1   -4.11 (max dev 0.04)  ch2   -0.25 (max dev 0.08)  ch3   +0.32 (max dev 0.08)
[meter] 5.8000 GHz  windows 32007  with tone 128  worst SNR 9.1 dB | ch1   -0.17 (max dev 0.06)  ch2   +1.59 (max dev 0.13)  ch3   +2.53 (max dev 0.15)
[meter] 2.4000 GHz  windows 32005  with tone 9430  worst SNR 9.0 dB | ch1   +0.64 (max dev 0.06)  ch2   +0.79 (max dev 0.08)  ch3   +1.18 (max dev 0.08)
[meter] 5.2000 GHz  windows 32002  with tone 22448  worst SNR 8.6 dB | ch1   -4.11 (max dev 0.04)  ch2   -0.25 (max dev 0.08)  ch3   +0.32 (max dev 0.08)
[meter] 5.8000 GHz  windows 32008  with tone 128  worst SNR 9.1 dB | ch1   -0.17 (max dev 0.06)  ch2   +1.59 (max dev 0.13)  ch3   +2.53 (max dev 0.15)
[meter] 2.4000 GHz  windows 32005  with tone 9430  worst SNR 9.0 dB | ch1   +0.64 (max dev 0.06)  ch2   +0.79 (max dev 0.08)  ch3   +1.18 (max dev 0.08)
[meter] 5.2000 GHz  windows 32003  with tone 22449  worst SNR 8.6 dB | ch1   -4.11 (max dev 0.04)  ch2   -0.25 (max dev 0.08)  ch3   +0.32 (max dev 0.08)
[meter] 5.8000 GHz  windows 32009  with tone 128  worst SNR 9.1 dB | ch1   -0.17 (max dev 0.06)  ch2   +1.59 (max dev 0.13)  ch3   +2.53 (max dev 0.15)
[meter] 2.4000 GHz  windows 32087  with tone 9430  worst SNR 9.0 dB | ch1   +0.64 (max dev 0.06)  ch2   +0.79 (max dev 0.08)  ch3   +1.18 (max dev 0.08)
[meter] 5.2000 GHz  windows 32085  with tone 22531  worst SNR 8.6 dB | ch1   -4.11 (max dev 0.04)  ch2   -0.22 (max dev 0.07)  ch3   +0.35 (max dev 0.08)
[meter] 5.8000 GHz  windows 32091  with tone 128  worst SNR 9.1 dB | ch1   -0.17 (max dev 0.06)  ch2   +1.59 (max dev 0.13)  ch3   +2.53 (max dev 0.15)
[meter] 2.4000 GHz  windows 32088  with tone 9430  worst SNR 9.0 dB | ch1   +0.64 (max dev 0.06)  ch2   +0.79 (max dev 0.08)  ch3   +1.18 (max dev 0.08)
[meter] 5.2000 GHz  windows 32086  with tone 22532  worst SNR 8.6 dB | ch1   -4.11 (max dev 0.04)  ch2   -0.22 (max dev 0.07)  ch3   +0.35 (max dev 0.08)
[meter] 5.8000 GHz  windows 32091  with tone 128  worst SNR 9.1 dB | ch1   -0.17 (max dev 0.06)  ch2   +1.59 (max dev 0.13)  ch3   +2.53 (max dev 0.15)
[meter] 2.4000 GHz  windows 32089  with tone 9430  worst SNR 9.0 dB | ch1   +0.64 (max dev 0.06)  ch2   +0.79 (max dev 0.08)  ch3   +1.18 (max dev 0.08)
[meter] 5.2000 GHz  windows 32087  with tone 22533  worst SNR 8.6 dB | ch1   -4.11 (max dev 0.04)  ch2   -0.22 (max dev 0.07)  ch3   +0.35 (max dev 0.08)
[meter] 5.8000 GHz  windows 32092  with tone 128  worst SNR 9.1 dB | ch1   -0.17 (max dev 0.06)  ch2   +1.59 (max dev 0.13)  ch3   +2.53 (max dev 0.15)
[meter] 2.4000 GHz  windows 32171  with tone 9430  worst SNR 9.0 dB | ch1   +0.64 (max dev 0.06)  ch2   +0.79 (max dev 0.08)  ch3   +1.18 (max dev 0.08)
[meter] 5.2000 GHz  windows 32168  with tone 22614  worst SNR 8.6 dB | ch1   -4.11 (max dev 0.04)  ch2   -0.20 (max dev 0.06)  ch3   +0.37 (max dev 0.06)
[meter] 5.8000 GHz  windows 32174  with tone 128  worst SNR 9.1 dB | ch1   -0.17 (max dev 0.06)  ch2   +1.59 (max dev 0.13)  ch3   +2.53 (max dev 0.15)
[meter] 2.4000 GHz  windows 32171  with tone 9430  worst SNR 9.0 dB | ch1   +0.64 (max dev 0.06)  ch2   +0.79 (max dev 0.08)  ch3   +1.18 (max dev 0.08)
[meter] 5.2000 GHz  windows 32169  with tone 22615  worst SNR 8.6 dB | ch1   -4.11 (max dev 0.04)  ch2   -0.20 (max dev 0.06)  ch3   +0.37 (max dev 0.06)
[meter] 5.8000 GHz  windows 32174  with tone 128  worst SNR 9.1 dB | ch1   -0.17 (max dev 0.06)  ch2   +1.59 (max dev 0.13)  ch3   +2.53 (max dev 0.15)
[meter] 2.4000 GHz  windows 32172  with tone 9430  worst SNR 9.0 dB | ch1   +0.64 (max dev 0.06)  ch2   +0.79 (max dev 0.08)  ch3   +1.18 (max dev 0.08)
[meter] 5.2000 GHz  windows 32170  with tone 22616  worst SNR 8.6 dB | ch1   -4.11 (max dev 0.04)  ch2   -0.20 (max dev 0.06)  ch3   +0.37 (max dev 0.06)
[meter] 5.8000 GHz  windows 32175  with tone 128  worst SNR 9.1 dB | ch1   -0.17 (max dev 0.06)  ch2   +1.59 (max dev 0.13)  ch3   +2.53 (max dev 0.15)
[meter] 2.4000 GHz  windows 32254  with tone 9430  worst SNR 9.0 dB | ch1   +0.64 (max dev 0.06)  ch2   +0.79 (max dev 0.08)  ch3   +1.18 (max dev 0.08)
[meter] 5.2000 GHz  windows 32252  with tone 22698  worst SNR 8.6 dB | ch1   -4.11 (max dev 0.04)  ch2   -0.19 (max dev 0.08)  ch3   +0.37 (max dev 0.05)
[meter] 5.8000 GHz  windows 32257  with tone 128  worst SNR 9.1 dB | ch1   -0.17 (max dev 0.06)  ch2   +1.59 (max dev 0.13)  ch3   +2.53 (max dev 0.15)
[meter] 2.4000 GHz  windows 32255  with tone 9430  worst SNR 9.0 dB | ch1   +0.64 (max dev 0.06)  ch2   +0.79 (max dev 0.08)  ch3   +1.18 (max dev 0.08)
[meter] 5.2000 GHz  windows 32252  with tone 22698  worst SNR 8.6 dB | ch1   -4.11 (max dev 0.04)  ch2   -0.19 (max dev 0.08)  ch3   +0.37 (max dev 0.05)
[meter] 5.8000 GHz  windows 32258  with tone 128  worst SNR 9.1 dB | ch1   -0.17 (max dev 0.06)  ch2   +1.59 (max dev 0.13)  ch3   +2.53 (max dev 0.15)
[meter] 2.4000 GHz  windows 32256  with tone 9430  worst SNR 9.0 dB | ch1   +0.64 (max dev 0.06)  ch2   +0.79 (max dev 0.08)  ch3   +1.18 (max dev 0.08)
[meter] 5.2000 GHz  windows 32253  with tone 22699  worst SNR 8.6 dB | ch1   -4.11 (max dev 0.04)  ch2   -0.19 (max dev 0.08)  ch3   +0.37 (max dev 0.05)
[meter] 5.8000 GHz  windows 32259  with tone 128  worst SNR 9.1 dB | ch1   -0.17 (max dev 0.06)  ch2   +1.59 (max dev 0.13)  ch3   +2.53 (max dev 0.15)
[meter] 2.4000 GHz  windows 32338  with tone 9430  worst SNR 9.0 dB | ch1   +0.64 (max dev 0.06)  ch2   +0.79 (max dev 0.08)  ch3   +1.18 (max dev 0.08)
[meter] 5.2000 GHz  windows 32335  with tone 22781  worst SNR 8.6 dB | ch1   -4.11 (max dev 0.04)  ch2   -0.20 (max dev 0.08)  ch3   +0.36 (max dev 0.06)
[meter] 5.8000 GHz  windows 32341  with tone 128  worst SNR 9.1 dB | ch1   -0.17 (max dev 0.06)  ch2   +1.59 (max dev 0.13)  ch3   +2.53 (max dev 0.15)
[meter] 2.4000 GHz  windows 32338  with tone 9430  worst SNR 9.0 dB | ch1   +0.64 (max dev 0.06)  ch2   +0.79 (max dev 0.08)  ch3   +1.18 (max dev 0.08)
[meter] 5.2000 GHz  windows 32336  with tone 22782  worst SNR 8.6 dB | ch1   -4.11 (max dev 0.04)  ch2   -0.20 (max dev 0.08)  ch3   +0.36 (max dev 0.06)
[meter] 5.8000 GHz  windows 32342  with tone 128  worst SNR 9.1 dB | ch1   -0.17 (max dev 0.06)  ch2   +1.59 (max dev 0.13)  ch3   +2.53 (max dev 0.15)
[meter] 2.4000 GHz  windows 32339  with tone 9430  worst SNR 9.0 dB | ch1   +0.64 (max dev 0.06)  ch2   +0.79 (max dev 0.08)  ch3   +1.18 (max dev 0.08)
[meter] 5.2000 GHz  windows 32337  with tone 22783  worst SNR 8.6 dB | ch1   -4.11 (max dev 0.04)  ch2   -0.20 (max dev 0.08)  ch3   +0.36 (max dev 0.06)
[meter] 5.8000 GHz  windows 32343  with tone 128  worst SNR 9.1 dB | ch1   -0.17 (max dev 0.06)  ch2   +1.59 (max dev 0.13)  ch3   +2.53 (max dev 0.15)
[meter] 2.4000 GHz  windows 32421  with tone 9430  worst SNR 9.0 dB | ch1   +0.64 (max dev 0.06)  ch2   +0.79 (max dev 0.08)  ch3   +1.18 (max dev 0.08)
[meter] 5.2000 GHz  windows 32418  with tone 22864  worst SNR 8.6 dB | ch1   -4.11 (max dev 0.04)  ch2   -0.21 (max dev 0.05)  ch3   +0.35 (max dev 0.06)
[meter] 5.8000 GHz  windows 32424  with tone 128  worst SNR 9.1 dB | ch1   -0.17 (max dev 0.06)  ch2   +1.59 (max dev 0.13)  ch3   +2.53 (max dev 0.15)
[meter] 2.4000 GHz  windows 32421  with tone 9430  worst SNR 9.0 dB | ch1   +0.64 (max dev 0.06)  ch2   +0.79 (max dev 0.08)  ch3   +1.18 (max dev 0.08)
[meter] 5.2000 GHz  windows 32419  with tone 22865  worst SNR 8.6 dB | ch1   -4.11 (max dev 0.04)  ch2   -0.21 (max dev 0.05)  ch3   +0.35 (max dev 0.06)
[meter] 5.8000 GHz  windows 32424  with tone 128  worst SNR 9.1 dB | ch1   -0.17 (max dev 0.06)  ch2   +1.59 (max dev 0.13)  ch3   +2.53 (max dev 0.15)
[meter] 2.4000 GHz  windows 32423  with tone 9430  worst SNR 9.0 dB | ch1   +0.64 (max dev 0.06)  ch2   +0.79 (max dev 0.08)  ch3   +1.18 (max dev 0.08)
[meter] 5.2000 GHz  windows 32420  with tone 22866  worst SNR 8.6 dB | ch1   -4.11 (max dev 0.04)  ch2   -0.21 (max dev 0.05)  ch3   +0.35 (max dev 0.06)
[meter] 5.8000 GHz  windows 32426  with tone 128  worst SNR 9.1 dB | ch1   -0.17 (max dev 0.06)  ch2   +1.59 (max dev 0.13)  ch3   +2.53 (max dev 0.15)
[meter] 2.4000 GHz  windows 32504  with tone 9430  worst SNR 9.0 dB | ch1   +0.64 (max dev 0.06)  ch2   +0.79 (max dev 0.08)  ch3   +1.18 (max dev 0.08)
[meter] 5.2000 GHz  windows 32502  with tone 22948  worst SNR 8.6 dB | ch1   -4.11 (max dev 0.03)  ch2   -0.22 (max dev 0.06)  ch3   +0.34 (max dev 0.06)
[meter] 5.8000 GHz  windows 32508  with tone 128  worst SNR 9.1 dB | ch1   -0.17 (max dev 0.06)  ch2   +1.59 (max dev 0.13)  ch3   +2.53 (max dev 0.15)
[meter] 2.4000 GHz  windows 32505  with tone 9430  worst SNR 9.0 dB | ch1   +0.64 (max dev 0.06)  ch2   +0.79 (max dev 0.08)  ch3   +1.18 (max dev 0.08)
[meter] 5.2000 GHz  windows 32503  with tone 22949  worst SNR 8.6 dB | ch1   -4.11 (max dev 0.03)  ch2   -0.22 (max dev 0.06)  ch3   +0.34 (max dev 0.06)
[meter] 5.8000 GHz  windows 32508  with tone 128  worst SNR 9.1 dB | ch1   -0.17 (max dev 0.06)  ch2   +1.59 (max dev 0.13)  ch3   +2.53 (max dev 0.15)
[meter] 2.4000 GHz  windows 32506  with tone 9430  worst SNR 9.0 dB | ch1   +0.64 (max dev 0.06)  ch2   +0.79 (max dev 0.08)  ch3   +1.18 (max dev 0.08)
[meter] 5.2000 GHz  windows 32504  with tone 22950  worst SNR 8.6 dB | ch1   -4.11 (max dev 0.03)  ch2   -0.22 (max dev 0.06)  ch3   +0.34 (max dev 0.06)
[meter] 5.8000 GHz  windows 32509  with tone 128  worst SNR 9.1 dB | ch1   -0.17 (max dev 0.06)  ch2   +1.59 (max dev 0.13)  ch3   +2.53 (max dev 0.15)
[meter] 2.4000 GHz  windows 32588  with tone 9430  worst SNR 9.0 dB | ch1   +0.64 (max dev 0.06)  ch2   +0.79 (max dev 0.08)  ch3   +1.18 (max dev 0.08)
[meter] 5.2000 GHz  windows 32585  with tone 23031  worst SNR 8.6 dB | ch1   -4.11 (max dev 0.04)  ch2   -0.23 (max dev 0.08)  ch3   +0.34 (max dev 0.07)
[meter] 5.8000 GHz  windows 32591  with tone 128  worst SNR 9.1 dB | ch1   -0.17 (max dev 0.06)  ch2   +1.59 (max dev 0.13)  ch3   +2.53 (max dev 0.15)
[meter] 2.4000 GHz  windows 32588  with tone 9430  worst SNR 9.0 dB | ch1   +0.64 (max dev 0.06)  ch2   +0.79 (max dev 0.08)  ch3   +1.18 (max dev 0.08)
[meter] 5.2000 GHz  windows 32586  with tone 23032  worst SNR 8.6 dB | ch1   -4.11 (max dev 0.04)  ch2   -0.23 (max dev 0.08)  ch3   +0.34 (max dev 0.07)
[meter] 5.8000 GHz  windows 32591  with tone 128  worst SNR 9.1 dB | ch1   -0.17 (max dev 0.06)  ch2   +1.59 (max dev 0.13)  ch3   +2.53 (max dev 0.15)
[meter] 2.4000 GHz  windows 32590  with tone 9430  worst SNR 9.0 dB | ch1   +0.64 (max dev 0.06)  ch2   +0.79 (max dev 0.08)  ch3   +1.18 (max dev 0.08)
[meter] 5.2000 GHz  windows 32587  with tone 23033  worst SNR 8.6 dB | ch1   -4.11 (max dev 0.04)  ch2   -0.23 (max dev 0.08)  ch3   +0.34 (max dev 0.07)
[meter] 5.8000 GHz  windows 32593  with tone 128  worst SNR 9.1 dB | ch1   -0.17 (max dev 0.06)  ch2   +1.59 (max dev 0.13)  ch3   +2.53 (max dev 0.15)
[meter] 2.4000 GHz  windows 32671  with tone 9430  worst SNR 9.0 dB | ch1   +0.64 (max dev 0.06)  ch2   +0.79 (max dev 0.08)  ch3   +1.18 (max dev 0.08)
[meter] 5.2000 GHz  windows 32669  with tone 23115  worst SNR 8.6 dB | ch1   -4.11 (max dev 0.04)  ch2   -0.23 (max dev 0.14)  ch3   +0.34 (max dev 0.10)
[meter] 5.8000 GHz  windows 32674  with tone 128  worst SNR 9.1 dB | ch1   -0.17 (max dev 0.06)  ch2   +1.59 (max dev 0.13)  ch3   +2.53 (max dev 0.15)
[meter] 2.4000 GHz  windows 32672  with tone 9430  worst SNR 9.0 dB | ch1   +0.64 (max dev 0.06)  ch2   +0.79 (max dev 0.08)  ch3   +1.18 (max dev 0.08)
[meter] 5.2000 GHz  windows 32669  with tone 23115  worst SNR 8.6 dB | ch1   -4.11 (max dev 0.04)  ch2   -0.23 (max dev 0.14)  ch3   +0.34 (max dev 0.10)
[meter] 5.8000 GHz  windows 32675  with tone 128  worst SNR 9.1 dB | ch1   -0.17 (max dev 0.06)  ch2   +1.59 (max dev 0.13)  ch3   +2.53 (max dev 0.15)
[meter] 2.4000 GHz  windows 32673  with tone 9430  worst SNR 9.0 dB | ch1   +0.64 (max dev 0.06)  ch2   +0.79 (max dev 0.08)  ch3   +1.18 (max dev 0.08)
[meter] 5.2000 GHz  windows 32670  with tone 23116  worst SNR 8.6 dB | ch1   -4.11 (max dev 0.04)  ch2   -0.23 (max dev 0.14)  ch3   +0.34 (max dev 0.10)
[meter] 5.8000 GHz  windows 32676  with tone 128  worst SNR 9.1 dB | ch1   -0.17 (max dev 0.06)  ch2   +1.59 (max dev 0.13)  ch3   +2.53 (max dev 0.15)
[meter] 2.4000 GHz  windows 32755  with tone 9430  worst SNR 9.0 dB | ch1   +0.64 (max dev 0.06)  ch2   +0.79 (max dev 0.08)  ch3   +1.18 (max dev 0.08)
[meter] 5.2000 GHz  windows 32752  with tone 23198  worst SNR 8.6 dB | ch1   -4.11 (max dev 0.04)  ch2   -0.23 (max dev 0.13)  ch3   +0.33 (max dev 0.09)
[meter] 5.8000 GHz  windows 32758  with tone 128  worst SNR 9.1 dB | ch1   -0.17 (max dev 0.06)  ch2   +1.59 (max dev 0.13)  ch3   +2.53 (max dev 0.15)
[meter] 2.4000 GHz  windows 32755  with tone 9430  worst SNR 9.0 dB | ch1   +0.64 (max dev 0.06)  ch2   +0.79 (max dev 0.08)  ch3   +1.18 (max dev 0.08)
[meter] 5.2000 GHz  windows 32753  with tone 23199  worst SNR 8.6 dB | ch1   -4.11 (max dev 0.04)  ch2   -0.23 (max dev 0.13)  ch3   +0.33 (max dev 0.09)
[meter] 5.8000 GHz  windows 32758  with tone 128  worst SNR 9.1 dB | ch1   -0.17 (max dev 0.06)  ch2   +1.59 (max dev 0.13)  ch3   +2.53 (max dev 0.15)
[meter] 2.4000 GHz  windows 32756  with tone 9430  worst SNR 9.0 dB | ch1   +0.64 (max dev 0.06)  ch2   +0.79 (max dev 0.08)  ch3   +1.18 (max dev 0.08)
[meter] 5.2000 GHz  windows 32754  with tone 23200  worst SNR 8.6 dB | ch1   -4.11 (max dev 0.04)  ch2   -0.23 (max dev 0.13)  ch3   +0.33 (max dev 0.09)
[meter] 5.8000 GHz  windows 32760  with tone 128  worst SNR 9.1 dB | ch1   -0.17 (max dev 0.06)  ch2   +1.59 (max dev 0.13)  ch3   +2.53 (max dev 0.15)
[meter] 2.4000 GHz  windows 32838  with tone 9430  worst SNR 9.0 dB | ch1   +0.64 (max dev 0.06)  ch2   +0.79 (max dev 0.08)  ch3   +1.18 (max dev 0.08)
[meter] 5.2000 GHz  windows 32836  with tone 23282  worst SNR 8.6 dB | ch1   -4.11 (max dev 0.03)  ch2   -0.25 (max dev 0.07)  ch3   +0.31 (max dev 0.06)
[meter] 5.8000 GHz  windows 32841  with tone 128  worst SNR 9.1 dB | ch1   -0.17 (max dev 0.06)  ch2   +1.59 (max dev 0.13)  ch3   +2.53 (max dev 0.15)
[meter] 2.4000 GHz  windows 32839  with tone 9430  worst SNR 9.0 dB | ch1   +0.64 (max dev 0.06)  ch2   +0.79 (max dev 0.08)  ch3   +1.18 (max dev 0.08)
[meter] 5.2000 GHz  windows 32836  with tone 23282  worst SNR 8.6 dB | ch1   -4.11 (max dev 0.03)  ch2   -0.25 (max dev 0.07)  ch3   +0.31 (max dev 0.06)
[meter] 5.8000 GHz  windows 32842  with tone 128  worst SNR 9.1 dB | ch1   -0.17 (max dev 0.06)  ch2   +1.59 (max dev 0.13)  ch3   +2.53 (max dev 0.15)
[meter] 2.4000 GHz  windows 32840  with tone 9430  worst SNR 9.0 dB | ch1   +0.64 (max dev 0.06)  ch2   +0.79 (max dev 0.08)  ch3   +1.18 (max dev 0.08)
[meter] 5.2000 GHz  windows 32837  with tone 23283  worst SNR 8.6 dB | ch1   -4.11 (max dev 0.03)  ch2   -0.25 (max dev 0.08)  ch3   +0.31 (max dev 0.07)
[meter] 5.8000 GHz  windows 32843  with tone 128  worst SNR 9.1 dB | ch1   -0.17 (max dev 0.06)  ch2   +1.59 (max dev 0.13)  ch3   +2.53 (max dev 0.15)
[meter] 2.4000 GHz  windows 32921  with tone 9430  worst SNR 9.0 dB | ch1   +0.64 (max dev 0.06)  ch2   +0.79 (max dev 0.08)  ch3   +1.18 (max dev 0.08)
[meter] 5.2000 GHz  windows 32919  with tone 23365  worst SNR 8.6 dB | ch1   -4.11 (max dev 0.03)  ch2   -0.28 (max dev 0.10)  ch3   +0.28 (max dev 0.07)
[meter] 5.8000 GHz  windows 32925  with tone 128  worst SNR 9.1 dB | ch1   -0.17 (max dev 0.06)  ch2   +1.59 (max dev 0.13)  ch3   +2.53 (max dev 0.15)
[meter] 2.4000 GHz  windows 32922  with tone 9430  worst SNR 9.0 dB | ch1   +0.64 (max dev 0.06)  ch2   +0.79 (max dev 0.08)  ch3   +1.18 (max dev 0.08)
[meter] 5.2000 GHz  windows 32920  with tone 23366  worst SNR 8.6 dB | ch1   -4.11 (max dev 0.03)  ch2   -0.28 (max dev 0.08)  ch3   +0.28 (max dev 0.07)
[meter] 5.8000 GHz  windows 32925  with tone 128  worst SNR 9.1 dB | ch1   -0.17 (max dev 0.06)  ch2   +1.59 (max dev 0.13)  ch3   +2.53 (max dev 0.15)
[meter] 2.4000 GHz  windows 32923  with tone 9430  worst SNR 9.0 dB | ch1   +0.64 (max dev 0.06)  ch2   +0.79 (max dev 0.08)  ch3   +1.18 (max dev 0.08)
[meter] 5.2000 GHz  windows 32920  with tone 23366  worst SNR 8.6 dB | ch1   -4.11 (max dev 0.03)  ch2   -0.28 (max dev 0.08)  ch3   +0.28 (max dev 0.07)
[meter] 5.8000 GHz  windows 32926  with tone 128  worst SNR 9.1 dB | ch1   -0.17 (max dev 0.06)  ch2   +1.59 (max dev 0.13)  ch3   +2.53 (max dev 0.15)
[meter] 2.4000 GHz  windows 33005  with tone 9430  worst SNR 9.0 dB | ch1   +0.64 (max dev 0.06)  ch2   +0.79 (max dev 0.08)  ch3   +1.18 (max dev 0.08)
[meter] 5.2000 GHz  windows 33003  with tone 23449  worst SNR 8.6 dB | ch1   -4.12 (max dev 0.05)  ch2   -0.30 (max dev 0.06)  ch3   +0.26 (max dev 0.07)
[meter] 5.8000 GHz  windows 33008  with tone 128  worst SNR 9.1 dB | ch1   -0.17 (max dev 0.06)  ch2   +1.59 (max dev 0.13)  ch3   +2.53 (max dev 0.15)
[meter] 2.4000 GHz  windows 33005  with tone 9430  worst SNR 9.0 dB | ch1   +0.64 (max dev 0.06)  ch2   +0.79 (max dev 0.08)  ch3   +1.18 (max dev 0.08)
[meter] 5.2000 GHz  windows 33003  with tone 23449  worst SNR 8.6 dB | ch1   -4.12 (max dev 0.05)  ch2   -0.30 (max dev 0.06)  ch3   +0.26 (max dev 0.07)
[meter] 5.8000 GHz  windows 33009  with tone 128  worst SNR 9.1 dB | ch1   -0.17 (max dev 0.06)  ch2   +1.59 (max dev 0.13)  ch3   +2.53 (max dev 0.15)
[meter] 2.4000 GHz  windows 33006  with tone 9430  worst SNR 9.0 dB | ch1   +0.64 (max dev 0.06)  ch2   +0.79 (max dev 0.08)  ch3   +1.18 (max dev 0.08)
[meter] 5.2000 GHz  windows 33004  with tone 23450  worst SNR 8.6 dB | ch1   -4.12 (max dev 0.05)  ch2   -0.30 (max dev 0.06)  ch3   +0.26 (max dev 0.07)
[meter] 5.8000 GHz  windows 33010  with tone 128  worst SNR 9.1 dB | ch1   -0.17 (max dev 0.06)  ch2   +1.59 (max dev 0.13)  ch3   +2.53 (max dev 0.15)
[meter] 2.4000 GHz  windows 33088  with tone 9430  worst SNR 9.0 dB | ch1   +0.64 (max dev 0.06)  ch2   +0.79 (max dev 0.08)  ch3   +1.18 (max dev 0.08)
[meter] 5.2000 GHz  windows 33086  with tone 23532  worst SNR 8.6 dB | ch1   -4.12 (max dev 0.05)  ch2   -0.31 (max dev 0.06)  ch3   +0.24 (max dev 0.08)
[meter] 5.8000 GHz  windows 33091  with tone 128  worst SNR 9.1 dB | ch1   -0.17 (max dev 0.06)  ch2   +1.59 (max dev 0.13)  ch3   +2.53 (max dev 0.15)
[meter] 2.4000 GHz  windows 33089  with tone 9430  worst SNR 9.0 dB | ch1   +0.64 (max dev 0.06)  ch2   +0.79 (max dev 0.08)  ch3   +1.18 (max dev 0.08)
[meter] 5.2000 GHz  windows 33086  with tone 23532  worst SNR 8.6 dB | ch1   -4.12 (max dev 0.05)  ch2   -0.31 (max dev 0.06)  ch3   +0.24 (max dev 0.08)
[meter] 5.8000 GHz  windows 33092  with tone 128  worst SNR 9.1 dB | ch1   -0.17 (max dev 0.06)  ch2   +1.59 (max dev 0.13)  ch3   +2.53 (max dev 0.15)
[meter] 2.4000 GHz  windows 33090  with tone 9430  worst SNR 9.0 dB | ch1   +0.64 (max dev 0.06)  ch2   +0.79 (max dev 0.08)  ch3   +1.18 (max dev 0.08)
[meter] 5.2000 GHz  windows 33087  with tone 23533  worst SNR 8.6 dB | ch1   -4.12 (max dev 0.05)  ch2   -0.31 (max dev 0.06)  ch3   +0.24 (max dev 0.08)
[meter] 5.8000 GHz  windows 33093  with tone 128  worst SNR 9.1 dB | ch1   -0.17 (max dev 0.06)  ch2   +1.59 (max dev 0.13)  ch3   +2.53 (max dev 0.15)
[meter] 2.4000 GHz  windows 33171  with tone 9430  worst SNR 9.0 dB | ch1   +0.64 (max dev 0.06)  ch2   +0.79 (max dev 0.08)  ch3   +1.18 (max dev 0.08)
[meter] 5.2000 GHz  windows 33169  with tone 23615  worst SNR 8.6 dB | ch1   -4.12 (max dev 0.05)  ch2   -0.31 (max dev 0.08)  ch3   +0.24 (max dev 0.08)
[meter] 5.8000 GHz  windows 33175  with tone 128  worst SNR 9.1 dB | ch1   -0.17 (max dev 0.06)  ch2   +1.59 (max dev 0.13)  ch3   +2.53 (max dev 0.15)
[meter] 2.4000 GHz  windows 33172  with tone 9430  worst SNR 9.0 dB | ch1   +0.64 (max dev 0.06)  ch2   +0.79 (max dev 0.08)  ch3   +1.18 (max dev 0.08)
[meter] 5.2000 GHz  windows 33170  with tone 23616  worst SNR 8.6 dB | ch1   -4.12 (max dev 0.05)  ch2   -0.31 (max dev 0.08)  ch3   +0.24 (max dev 0.08)
[meter] 5.8000 GHz  windows 33175  with tone 128  worst SNR 9.1 dB | ch1   -0.17 (max dev 0.06)  ch2   +1.59 (max dev 0.13)  ch3   +2.53 (max dev 0.15)
[meter] 2.4000 GHz  windows 33173  with tone 9430  worst SNR 9.0 dB | ch1   +0.64 (max dev 0.06)  ch2   +0.79 (max dev 0.08)  ch3   +1.18 (max dev 0.08)
[meter] 5.2000 GHz  windows 33171  with tone 23617  worst SNR 8.6 dB | ch1   -4.12 (max dev 0.05)  ch2   -0.31 (max dev 0.08)  ch3   +0.24 (max dev 0.08)
[meter] 5.8000 GHz  windows 33176  with tone 128  worst SNR 9.1 dB | ch1   -0.17 (max dev 0.06)  ch2   +1.59 (max dev 0.13)  ch3   +2.53 (max dev 0.15)
[meter] 2.4000 GHz  windows 33255  with tone 9430  worst SNR 9.0 dB | ch1   +0.64 (max dev 0.06)  ch2   +0.79 (max dev 0.08)  ch3   +1.18 (max dev 0.08)
[meter] 5.2000 GHz  windows 33253  with tone 23699  worst SNR 8.6 dB | ch1   -4.12 (max dev 0.04)  ch2   -0.30 (max dev 0.08)  ch3   +0.26 (max dev 0.10)
[meter] 5.8000 GHz  windows 33258  with tone 128  worst SNR 9.1 dB | ch1   -0.17 (max dev 0.06)  ch2   +1.59 (max dev 0.13)  ch3   +2.53 (max dev 0.15)
[meter] 2.4000 GHz  windows 33256  with tone 9430  worst SNR 9.0 dB | ch1   +0.64 (max dev 0.06)  ch2   +0.79 (max dev 0.08)  ch3   +1.18 (max dev 0.08)
[meter] 5.2000 GHz  windows 33253  with tone 23699  worst SNR 8.6 dB | ch1   -4.12 (max dev 0.04)  ch2   -0.30 (max dev 0.08)  ch3   +0.26 (max dev 0.10)
[meter] 5.8000 GHz  windows 33259  with tone 128  worst SNR 9.1 dB | ch1   -0.17 (max dev 0.06)  ch2   +1.59 (max dev 0.13)  ch3   +2.53 (max dev 0.15)
[meter] 2.4000 GHz  windows 33257  with tone 9430  worst SNR 9.0 dB | ch1   +0.64 (max dev 0.06)  ch2   +0.79 (max dev 0.08)  ch3   +1.18 (max dev 0.08)
[meter] 5.2000 GHz  windows 33254  with tone 23700  worst SNR 8.6 dB | ch1   -4.12 (max dev 0.04)  ch2   -0.30 (max dev 0.08)  ch3   +0.26 (max dev 0.10)
[meter] 5.8000 GHz  windows 33260  with tone 128  worst SNR 9.1 dB | ch1   -0.17 (max dev 0.06)  ch2   +1.59 (max dev 0.13)  ch3   +2.53 (max dev 0.15)
[meter] 2.4000 GHz  windows 33338  with tone 9430  worst SNR 9.0 dB | ch1   +0.64 (max dev 0.06)  ch2   +0.79 (max dev 0.08)  ch3   +1.18 (max dev 0.08)
[meter] 5.2000 GHz  windows 33336  with tone 23782  worst SNR 8.6 dB | ch1   -4.12 (max dev 0.04)  ch2   -0.31 (max dev 0.19)  ch3   +0.26 (max dev 0.14)
[meter] 5.8000 GHz  windows 33342  with tone 128  worst SNR 9.1 dB | ch1   -0.17 (max dev 0.06)  ch2   +1.59 (max dev 0.13)  ch3   +2.53 (max dev 0.15)
[meter] 2.4000 GHz  windows 33339  with tone 9430  worst SNR 9.0 dB | ch1   +0.64 (max dev 0.06)  ch2   +0.79 (max dev 0.08)  ch3   +1.18 (max dev 0.08)
[meter] 5.2000 GHz  windows 33337  with tone 23783  worst SNR 8.6 dB | ch1   -4.12 (max dev 0.04)  ch2   -0.31 (max dev 0.19)  ch3   +0.26 (max dev 0.14)
[meter] 5.8000 GHz  windows 33342  with tone 128  worst SNR 9.1 dB | ch1   -0.17 (max dev 0.06)  ch2   +1.59 (max dev 0.13)  ch3   +2.53 (max dev 0.15)
[meter] 2.4000 GHz  windows 33340  with tone 9430  worst SNR 9.0 dB | ch1   +0.64 (max dev 0.06)  ch2   +0.79 (max dev 0.08)  ch3   +1.18 (max dev 0.08)
[meter] 5.2000 GHz  windows 33338  with tone 23784  worst SNR 8.6 dB | ch1   -4.12 (max dev 0.04)  ch2   -0.31 (max dev 0.19)  ch3   +0.26 (max dev 0.14)
[meter] 5.8000 GHz  windows 33343  with tone 128  worst SNR 9.1 dB | ch1   -0.17 (max dev 0.06)  ch2   +1.59 (max dev 0.13)  ch3   +2.53 (max dev 0.15)
[meter] 2.4000 GHz  windows 33422  with tone 9430  worst SNR 9.0 dB | ch1   +0.64 (max dev 0.06)  ch2   +0.79 (max dev 0.08)  ch3   +1.18 (max dev 0.08)
[meter] 5.2000 GHz  windows 33419  with tone 23865  worst SNR 8.6 dB | ch1   -4.11 (max dev 0.04)  ch2   -0.31 (max dev 0.19)  ch3   +0.26 (max dev 0.14)
[meter] 5.8000 GHz  windows 33425  with tone 128  worst SNR 9.1 dB | ch1   -0.17 (max dev 0.06)  ch2   +1.59 (max dev 0.13)  ch3   +2.53 (max dev 0.15)
[meter] 2.4000 GHz  windows 33422  with tone 9430  worst SNR 9.0 dB | ch1   +0.64 (max dev 0.06)  ch2   +0.79 (max dev 0.08)  ch3   +1.18 (max dev 0.08)
[meter] 5.2000 GHz  windows 33420  with tone 23866  worst SNR 8.6 dB | ch1   -4.11 (max dev 0.04)  ch2   -0.31 (max dev 0.19)  ch3   +0.26 (max dev 0.14)
[meter] 5.8000 GHz  windows 33426  with tone 128  worst SNR 9.1 dB | ch1   -0.17 (max dev 0.06)  ch2   +1.59 (max dev 0.13)  ch3   +2.53 (max dev 0.15)
[meter] 2.4000 GHz  windows 33423  with tone 9430  worst SNR 9.0 dB | ch1   +0.64 (max dev 0.06)  ch2   +0.79 (max dev 0.08)  ch3   +1.18 (max dev 0.08)
[meter] 5.2000 GHz  windows 33421  with tone 23867  worst SNR 8.6 dB | ch1   -4.11 (max dev 0.04)  ch2   -0.31 (max dev 0.19)  ch3   +0.26 (max dev 0.14)
[meter] 5.8000 GHz  windows 33427  with tone 128  worst SNR 9.1 dB | ch1   -0.17 (max dev 0.06)  ch2   +1.59 (max dev 0.13)  ch3   +2.53 (max dev 0.15)
[meter] 2.4000 GHz  windows 33505  with tone 9430  worst SNR 9.0 dB | ch1   +0.64 (max dev 0.06)  ch2   +0.79 (max dev 0.08)  ch3   +1.18 (max dev 0.08)
[meter] 5.2000 GHz  windows 33503  with tone 23949  worst SNR 8.6 dB | ch1   -4.11 (max dev 0.04)  ch2   -0.31 (max dev 0.19)  ch3   +0.26 (max dev 0.14)
[meter] 5.8000 GHz  windows 33509  with tone 128  worst SNR 9.1 dB | ch1   -0.17 (max dev 0.06)  ch2   +1.59 (max dev 0.13)  ch3   +2.53 (max dev 0.15)
[meter] 2.4000 GHz  windows 33506  with tone 9430  worst SNR 9.0 dB | ch1   +0.64 (max dev 0.06)  ch2   +0.79 (max dev 0.08)  ch3   +1.18 (max dev 0.08)
[meter] 5.2000 GHz  windows 33504  with tone 23950  worst SNR 8.6 dB | ch1   -4.11 (max dev 0.04)  ch2   -0.31 (max dev 0.19)  ch3   +0.25 (max dev 0.14)
[meter] 5.8000 GHz  windows 33509  with tone 128  worst SNR 9.1 dB | ch1   -0.17 (max dev 0.06)  ch2   +1.59 (max dev 0.13)  ch3   +2.53 (max dev 0.15)
[meter] 2.4000 GHz  windows 33507  with tone 9430  worst SNR 9.0 dB | ch1   +0.64 (max dev 0.06)  ch2   +0.79 (max dev 0.08)  ch3   +1.18 (max dev 0.08)
[meter] 5.2000 GHz  windows 33504  with tone 23950  worst SNR 8.6 dB | ch1   -4.11 (max dev 0.04)  ch2   -0.31 (max dev 0.19)  ch3   +0.25 (max dev 0.14)
[meter] 5.8000 GHz  windows 33510  with tone 128  worst SNR 9.1 dB | ch1   -0.17 (max dev 0.06)  ch2   +1.59 (max dev 0.13)  ch3   +2.53 (max dev 0.15)
[meter] 2.4000 GHz  windows 33589  with tone 9430  worst SNR 9.0 dB | ch1   +0.64 (max dev 0.06)  ch2   +0.79 (max dev 0.08)  ch3   +1.18 (max dev 0.08)
[meter] 5.2000 GHz  windows 33586  with tone 24032  worst SNR 8.6 dB | ch1   -4.11 (max dev 0.04)  ch2   -0.32 (max dev 0.11)  ch3   +0.25 (max dev 0.09)
[meter] 5.8000 GHz  windows 33592  with tone 128  worst SNR 9.1 dB | ch1   -0.17 (max dev 0.06)  ch2   +1.59 (max dev 0.13)  ch3   +2.53 (max dev 0.15)
[meter] 2.4000 GHz  windows 33589  with tone 9430  worst SNR 9.0 dB | ch1   +0.64 (max dev 0.06)  ch2   +0.79 (max dev 0.08)  ch3   +1.18 (max dev 0.08)
[meter] 5.2000 GHz  windows 33587  with tone 24033  worst SNR 8.6 dB | ch1   -4.11 (max dev 0.04)  ch2   -0.32 (max dev 0.11)  ch3   +0.25 (max dev 0.09)
[meter] 5.8000 GHz  windows 33593  with tone 128  worst SNR 9.1 dB | ch1   -0.17 (max dev 0.06)  ch2   +1.59 (max dev 0.13)  ch3   +2.53 (max dev 0.15)
[meter] 2.4000 GHz  windows 33590  with tone 9430  worst SNR 9.0 dB | ch1   +0.64 (max dev 0.06)  ch2   +0.79 (max dev 0.08)  ch3   +1.18 (max dev 0.08)
[meter] 5.2000 GHz  windows 33587  with tone 24033  worst SNR 8.6 dB | ch1   -4.11 (max dev 0.04)  ch2   -0.32 (max dev 0.11)  ch3   +0.25 (max dev 0.09)
[meter] 5.8000 GHz  windows 33593  with tone 128  worst SNR 9.1 dB | ch1   -0.17 (max dev 0.06)  ch2   +1.59 (max dev 0.13)  ch3   +2.53 (max dev 0.15)
[meter] 2.4000 GHz  windows 33672  with tone 9430  worst SNR 9.0 dB | ch1   +0.64 (max dev 0.06)  ch2   +0.79 (max dev 0.08)  ch3   +1.18 (max dev 0.08)
[meter] 5.2000 GHz  windows 33670  with tone 24116  worst SNR 8.6 dB | ch1   -4.11 (max dev 0.04)  ch2   -0.34 (max dev 0.08)  ch3   +0.22 (max dev 0.09)
[meter] 5.8000 GHz  windows 33675  with tone 128  worst SNR 9.1 dB | ch1   -0.17 (max dev 0.06)  ch2   +1.59 (max dev 0.13)  ch3   +2.53 (max dev 0.15)
[meter] 2.4000 GHz  windows 33673  with tone 9430  worst SNR 9.0 dB | ch1   +0.64 (max dev 0.06)  ch2   +0.79 (max dev 0.08)  ch3   +1.18 (max dev 0.08)
[meter] 5.2000 GHz  windows 33670  with tone 24116  worst SNR 8.6 dB | ch1   -4.11 (max dev 0.04)  ch2   -0.34 (max dev 0.08)  ch3   +0.22 (max dev 0.09)
[meter] 5.8000 GHz  windows 33676  with tone 128  worst SNR 9.1 dB | ch1   -0.17 (max dev 0.06)  ch2   +1.59 (max dev 0.13)  ch3   +2.53 (max dev 0.15)
[meter] 2.4000 GHz  windows 33673  with tone 9430  worst SNR 9.0 dB | ch1   +0.64 (max dev 0.06)  ch2   +0.79 (max dev 0.08)  ch3   +1.18 (max dev 0.08)
[meter] 5.2000 GHz  windows 33671  with tone 24117  worst SNR 8.6 dB | ch1   -4.11 (max dev 0.04)  ch2   -0.34 (max dev 0.08)  ch3   +0.22 (max dev 0.09)
[meter] 5.8000 GHz  windows 33677  with tone 128  worst SNR 9.1 dB | ch1   -0.17 (max dev 0.06)  ch2   +1.59 (max dev 0.13)  ch3   +2.53 (max dev 0.15)
[meter] 2.4000 GHz  windows 33755  with tone 9430  worst SNR 9.0 dB | ch1   +0.64 (max dev 0.06)  ch2   +0.79 (max dev 0.08)  ch3   +1.18 (max dev 0.08)
[meter] 5.2000 GHz  windows 33753  with tone 24199  worst SNR 8.6 dB | ch1   -4.10 (max dev 0.05)  ch2   -0.36 (max dev 0.09)  ch3   +0.20 (max dev 0.07)
[meter] 5.8000 GHz  windows 33758  with tone 128  worst SNR 9.1 dB | ch1   -0.17 (max dev 0.06)  ch2   +1.59 (max dev 0.13)  ch3   +2.53 (max dev 0.15)
[meter] 2.4000 GHz  windows 33756  with tone 9430  worst SNR 9.0 dB | ch1   +0.64 (max dev 0.06)  ch2   +0.79 (max dev 0.08)  ch3   +1.18 (max dev 0.08)
[meter] 5.2000 GHz  windows 33754  with tone 24200  worst SNR 8.6 dB | ch1   -4.10 (max dev 0.05)  ch2   -0.36 (max dev 0.09)  ch3   +0.20 (max dev 0.07)
[meter] 5.8000 GHz  windows 33759  with tone 128  worst SNR 9.1 dB | ch1   -0.17 (max dev 0.06)  ch2   +1.59 (max dev 0.13)  ch3   +2.53 (max dev 0.15)
[meter] 2.4000 GHz  windows 33757  with tone 9430  worst SNR 9.0 dB | ch1   +0.64 (max dev 0.06)  ch2   +0.79 (max dev 0.08)  ch3   +1.18 (max dev 0.08)
[meter] 5.2000 GHz  windows 33754  with tone 24200  worst SNR 8.6 dB | ch1   -4.10 (max dev 0.05)  ch2   -0.36 (max dev 0.09)  ch3   +0.20 (max dev 0.07)
[meter] 5.8000 GHz  windows 33760  with tone 128  worst SNR 9.1 dB | ch1   -0.17 (max dev 0.06)  ch2   +1.59 (max dev 0.13)  ch3   +2.53 (max dev 0.15)
[meter] 2.4000 GHz  windows 33839  with tone 9430  worst SNR 9.0 dB | ch1   +0.64 (max dev 0.06)  ch2   +0.79 (max dev 0.08)  ch3   +1.18 (max dev 0.08)
[meter] 5.2000 GHz  windows 33836  with tone 24282  worst SNR 8.6 dB | ch1   -4.10 (max dev 0.04)  ch2   -0.36 (max dev 0.10)  ch3   +0.21 (max dev 0.07)
[meter] 5.8000 GHz  windows 33842  with tone 128  worst SNR 9.1 dB | ch1   -0.17 (max dev 0.06)  ch2   +1.59 (max dev 0.13)  ch3   +2.53 (max dev 0.15)
[meter] 2.4000 GHz  windows 33839  with tone 9430  worst SNR 9.0 dB | ch1   +0.64 (max dev 0.06)  ch2   +0.79 (max dev 0.08)  ch3   +1.18 (max dev 0.08)
[meter] 5.2000 GHz  windows 33837  with tone 24283  worst SNR 8.6 dB | ch1   -4.10 (max dev 0.04)  ch2   -0.36 (max dev 0.10)  ch3   +0.21 (max dev 0.07)
[meter] 5.8000 GHz  windows 33843  with tone 128  worst SNR 9.1 dB | ch1   -0.17 (max dev 0.06)  ch2   +1.59 (max dev 0.13)  ch3   +2.53 (max dev 0.15)
[meter] 2.4000 GHz  windows 33840  with tone 9430  worst SNR 9.0 dB | ch1   +0.64 (max dev 0.06)  ch2   +0.79 (max dev 0.08)  ch3   +1.18 (max dev 0.08)
[meter] 5.2000 GHz  windows 33837  with tone 24283  worst SNR 8.6 dB | ch1   -4.10 (max dev 0.04)  ch2   -0.36 (max dev 0.10)  ch3   +0.21 (max dev 0.07)
[meter] 5.8000 GHz  windows 33843  with tone 128  worst SNR 9.1 dB | ch1   -0.17 (max dev 0.06)  ch2   +1.59 (max dev 0.13)  ch3   +2.53 (max dev 0.15)
[meter] 2.4000 GHz  windows 33922  with tone 9430  worst SNR 9.0 dB | ch1   +0.64 (max dev 0.06)  ch2   +0.79 (max dev 0.08)  ch3   +1.18 (max dev 0.08)
[meter] 5.2000 GHz  windows 33920  with tone 24366  worst SNR 8.6 dB | ch1   -4.10 (max dev 0.03)  ch2   -0.33 (max dev 0.11)  ch3   +0.23 (max dev 0.08)
[meter] 5.8000 GHz  windows 33925  with tone 128  worst SNR 9.1 dB | ch1   -0.17 (max dev 0.06)  ch2   +1.59 (max dev 0.13)  ch3   +2.53 (max dev 0.15)
[meter] 2.4000 GHz  windows 33923  with tone 9430  worst SNR 9.0 dB | ch1   +0.64 (max dev 0.06)  ch2   +0.79 (max dev 0.08)  ch3   +1.18 (max dev 0.08)
[meter] 5.2000 GHz  windows 33921  with tone 24367  worst SNR 8.6 dB | ch1   -4.10 (max dev 0.03)  ch2   -0.33 (max dev 0.11)  ch3   +0.23 (max dev 0.08)
[meter] 5.8000 GHz  windows 33926  with tone 128  worst SNR 9.1 dB | ch1   -0.17 (max dev 0.06)  ch2   +1.59 (max dev 0.13)  ch3   +2.53 (max dev 0.15)
[meter] 2.4000 GHz  windows 33924  with tone 9430  worst SNR 9.0 dB | ch1   +0.64 (max dev 0.06)  ch2   +0.79 (max dev 0.08)  ch3   +1.18 (max dev 0.08)
[meter] 5.2000 GHz  windows 33921  with tone 24367  worst SNR 8.6 dB | ch1   -4.10 (max dev 0.03)  ch2   -0.33 (max dev 0.11)  ch3   +0.23 (max dev 0.08)
[meter] 5.8000 GHz  windows 33927  with tone 128  worst SNR 9.1 dB | ch1   -0.17 (max dev 0.06)  ch2   +1.59 (max dev 0.13)  ch3   +2.53 (max dev 0.15)
[meter] 2.4000 GHz  windows 34006  with tone 9430  worst SNR 9.0 dB | ch1   +0.64 (max dev 0.06)  ch2   +0.79 (max dev 0.08)  ch3   +1.18 (max dev 0.08)
[meter] 5.2000 GHz  windows 34003  with tone 24449  worst SNR 8.6 dB | ch1   -4.10 (max dev 0.03)  ch2   -0.30 (max dev 0.13)  ch3   +0.25 (max dev 0.10)
[meter] 5.8000 GHz  windows 34009  with tone 128  worst SNR 9.1 dB | ch1   -0.17 (max dev 0.06)  ch2   +1.59 (max dev 0.13)  ch3   +2.53 (max dev 0.15)
[meter] 2.4000 GHz  windows 34006  with tone 9430  worst SNR 9.0 dB | ch1   +0.64 (max dev 0.06)  ch2   +0.79 (max dev 0.08)  ch3   +1.18 (max dev 0.08)
[meter] 5.2000 GHz  windows 34004  with tone 24450  worst SNR 8.6 dB | ch1   -4.10 (max dev 0.03)  ch2   -0.30 (max dev 0.13)  ch3   +0.25 (max dev 0.10)
[meter] 5.8000 GHz  windows 34010  with tone 128  worst SNR 9.1 dB | ch1   -0.17 (max dev 0.06)  ch2   +1.59 (max dev 0.13)  ch3   +2.53 (max dev 0.15)
[meter] 2.4000 GHz  windows 34007  with tone 9430  worst SNR 9.0 dB | ch1   +0.64 (max dev 0.06)  ch2   +0.79 (max dev 0.08)  ch3   +1.18 (max dev 0.08)
[meter] 5.2000 GHz  windows 34005  with tone 24451  worst SNR 8.6 dB | ch1   -4.10 (max dev 0.03)  ch2   -0.30 (max dev 0.13)  ch3   +0.25 (max dev 0.10)
[meter] 5.8000 GHz  windows 34010  with tone 128  worst SNR 9.1 dB | ch1   -0.17 (max dev 0.06)  ch2   +1.59 (max dev 0.13)  ch3   +2.53 (max dev 0.15)
[meter] 2.4000 GHz  windows 34089  with tone 9430  worst SNR 9.0 dB | ch1   +0.64 (max dev 0.06)  ch2   +0.79 (max dev 0.08)  ch3   +1.18 (max dev 0.08)
[meter] 5.2000 GHz  windows 34087  with tone 24533  worst SNR 8.6 dB | ch1   -4.10 (max dev 0.05)  ch2   -0.29 (max dev 0.16)  ch3   +0.27 (max dev 0.12)
[meter] 5.8000 GHz  windows 34092  with tone 128  worst SNR 9.1 dB | ch1   -0.17 (max dev 0.06)  ch2   +1.59 (max dev 0.13)  ch3   +2.53 (max dev 0.15)
[meter] 2.4000 GHz  windows 34090  with tone 9430  worst SNR 9.0 dB | ch1   +0.64 (max dev 0.06)  ch2   +0.79 (max dev 0.08)  ch3   +1.18 (max dev 0.08)
[meter] 5.2000 GHz  windows 34087  with tone 24533  worst SNR 8.6 dB | ch1   -4.10 (max dev 0.05)  ch2   -0.29 (max dev 0.16)  ch3   +0.27 (max dev 0.12)
[meter] 5.8000 GHz  windows 34093  with tone 128  worst SNR 9.1 dB | ch1   -0.17 (max dev 0.06)  ch2   +1.59 (max dev 0.13)  ch3   +2.53 (max dev 0.15)
[meter] 2.4000 GHz  windows 34090  with tone 9430  worst SNR 9.0 dB | ch1   +0.64 (max dev 0.06)  ch2   +0.79 (max dev 0.08)  ch3   +1.18 (max dev 0.08)
[meter] 5.2000 GHz  windows 34088  with tone 24534  worst SNR 8.6 dB | ch1   -4.10 (max dev 0.05)  ch2   -0.29 (max dev 0.16)  ch3   +0.27 (max dev 0.12)
[meter] 5.8000 GHz  windows 34094  with tone 128  worst SNR 9.1 dB | ch1   -0.17 (max dev 0.06)  ch2   +1.59 (max dev 0.13)  ch3   +2.53 (max dev 0.15)
[meter] 2.4000 GHz  windows 34172  with tone 9430  worst SNR 9.0 dB | ch1   +0.64 (max dev 0.06)  ch2   +0.79 (max dev 0.08)  ch3   +1.18 (max dev 0.08)
[meter] 5.2000 GHz  windows 34170  with tone 24616  worst SNR 8.6 dB | ch1   -4.10 (max dev 0.05)  ch2   -0.29 (max dev 0.16)  ch3   +0.26 (max dev 0.11)
[meter] 5.8000 GHz  windows 34175  with tone 128  worst SNR 9.1 dB | ch1   -0.17 (max dev 0.06)  ch2   +1.59 (max dev 0.13)  ch3   +2.53 (max dev 0.15)
[meter] 2.4000 GHz  windows 34173  with tone 9430  worst SNR 9.0 dB | ch1   +0.64 (max dev 0.06)  ch2   +0.79 (max dev 0.08)  ch3   +1.18 (max dev 0.08)
[meter] 5.2000 GHz  windows 34171  with tone 24617  worst SNR 8.6 dB | ch1   -4.10 (max dev 0.05)  ch2   -0.29 (max dev 0.16)  ch3   +0.26 (max dev 0.11)
[meter] 5.8000 GHz  windows 34176  with tone 128  worst SNR 9.1 dB | ch1   -0.17 (max dev 0.06)  ch2   +1.59 (max dev 0.13)  ch3   +2.53 (max dev 0.15)
[meter] 2.4000 GHz  windows 34174  with tone 9430  worst SNR 9.0 dB | ch1   +0.64 (max dev 0.06)  ch2   +0.79 (max dev 0.08)  ch3   +1.18 (max dev 0.08)
[meter] 5.2000 GHz  windows 34171  with tone 24617  worst SNR 8.6 dB | ch1   -4.10 (max dev 0.05)  ch2   -0.29 (max dev 0.16)  ch3   +0.26 (max dev 0.11)
[meter] 5.8000 GHz  windows 34177  with tone 128  worst SNR 9.1 dB | ch1   -0.17 (max dev 0.06)  ch2   +1.59 (max dev 0.13)  ch3   +2.53 (max dev 0.15)
[meter] 2.4000 GHz  windows 34256  with tone 9430  worst SNR 9.0 dB | ch1   +0.64 (max dev 0.06)  ch2   +0.79 (max dev 0.08)  ch3   +1.18 (max dev 0.08)
[meter] 5.2000 GHz  windows 34253  with tone 24699  worst SNR 8.6 dB | ch1   -4.10 (max dev 0.04)  ch2   -0.32 (max dev 0.11)  ch3   +0.24 (max dev 0.09)
[meter] 5.8000 GHz  windows 34259  with tone 128  worst SNR 9.1 dB | ch1   -0.17 (max dev 0.06)  ch2   +1.59 (max dev 0.13)  ch3   +2.53 (max dev 0.15)
[meter] 2.4000 GHz  windows 34257  with tone 9430  worst SNR 9.0 dB | ch1   +0.64 (max dev 0.06)  ch2   +0.79 (max dev 0.08)  ch3   +1.18 (max dev 0.08)
[meter] 5.2000 GHz  windows 34254  with tone 24700  worst SNR 8.6 dB | ch1   -4.10 (max dev 0.04)  ch2   -0.32 (max dev 0.11)  ch3   +0.24 (max dev 0.09)
[meter] 5.8000 GHz  windows 34260  with tone 128  worst SNR 9.1 dB | ch1   -0.17 (max dev 0.06)  ch2   +1.59 (max dev 0.13)  ch3   +2.53 (max dev 0.15)
[meter] 2.4000 GHz  windows 34257  with tone 9430  worst SNR 9.0 dB | ch1   +0.64 (max dev 0.06)  ch2   +0.79 (max dev 0.08)  ch3   +1.18 (max dev 0.08)
[meter] 5.2000 GHz  windows 34255  with tone 24701  worst SNR 8.6 dB | ch1   -4.10 (max dev 0.04)  ch2   -0.32 (max dev 0.11)  ch3   +0.24 (max dev 0.09)
[meter] 5.8000 GHz  windows 34260  with tone 128  worst SNR 9.1 dB | ch1   -0.17 (max dev 0.06)  ch2   +1.59 (max dev 0.13)  ch3   +2.53 (max dev 0.15)
[meter] 2.4000 GHz  windows 34339  with tone 9430  worst SNR 9.0 dB | ch1   +0.64 (max dev 0.06)  ch2   +0.79 (max dev 0.08)  ch3   +1.18 (max dev 0.08)
[meter] 5.2000 GHz  windows 34337  with tone 24783  worst SNR 8.6 dB | ch1   -4.11 (max dev 0.03)  ch2   -0.35 (max dev 0.09)  ch3   +0.21 (max dev 0.08)
[meter] 5.8000 GHz  windows 34341  with tone 128  worst SNR 9.1 dB | ch1   -0.17 (max dev 0.06)  ch2   +1.59 (max dev 0.13)  ch3   +2.53 (max dev 0.15)
[meter] 2.4000 GHz  windows 34340  with tone 9430  worst SNR 9.0 dB | ch1   +0.64 (max dev 0.06)  ch2   +0.79 (max dev 0.08)  ch3   +1.18 (max dev 0.08)
[meter] 5.2000 GHz  windows 34337  with tone 24783  worst SNR 8.6 dB | ch1   -4.11 (max dev 0.03)  ch2   -0.35 (max dev 0.09)  ch3   +0.21 (max dev 0.08)
[meter] 5.8000 GHz  windows 34342  with tone 128  worst SNR 9.1 dB | ch1   -0.17 (max dev 0.06)  ch2   +1.59 (max dev 0.13)  ch3   +2.53 (max dev 0.15)
[meter] 2.4000 GHz  windows 34340  with tone 9430  worst SNR 9.0 dB | ch1   +0.64 (max dev 0.06)  ch2   +0.79 (max dev 0.08)  ch3   +1.18 (max dev 0.08)
[meter] 5.2000 GHz  windows 34338  with tone 24784  worst SNR 8.6 dB | ch1   -4.11 (max dev 0.03)  ch2   -0.35 (max dev 0.09)  ch3   +0.21 (max dev 0.08)
[meter] 5.8000 GHz  windows 34342  with tone 128  worst SNR 9.1 dB | ch1   -0.17 (max dev 0.06)  ch2   +1.59 (max dev 0.13)  ch3   +2.53 (max dev 0.15)
[meter] 2.4000 GHz  windows 34423  with tone 9430  worst SNR 9.0 dB | ch1   +0.64 (max dev 0.06)  ch2   +0.79 (max dev 0.08)  ch3   +1.18 (max dev 0.08)
[meter] 5.2000 GHz  windows 34420  with tone 24866  worst SNR 8.6 dB | ch1   -4.11 (max dev 0.04)  ch2   -0.35 (max dev 0.09)  ch3   +0.21 (max dev 0.06)
[meter] 5.8000 GHz  windows 34425  with tone 128  worst SNR 9.1 dB | ch1   -0.17 (max dev 0.06)  ch2   +1.59 (max dev 0.13)  ch3   +2.53 (max dev 0.15)
[meter] 2.4000 GHz  windows 34423  with tone 9430  worst SNR 9.0 dB | ch1   +0.64 (max dev 0.06)  ch2   +0.79 (max dev 0.08)  ch3   +1.18 (max dev 0.08)
[meter] 5.2000 GHz  windows 34421  with tone 24867  worst SNR 8.6 dB | ch1   -4.11 (max dev 0.04)  ch2   -0.35 (max dev 0.09)  ch3   +0.21 (max dev 0.06)
[meter] 5.8000 GHz  windows 34426  with tone 128  worst SNR 9.1 dB | ch1   -0.17 (max dev 0.06)  ch2   +1.59 (max dev 0.13)  ch3   +2.53 (max dev 0.15)
[meter] 2.4000 GHz  windows 34424  with tone 9430  worst SNR 9.0 dB | ch1   +0.64 (max dev 0.06)  ch2   +0.79 (max dev 0.08)  ch3   +1.18 (max dev 0.08)
[meter] 5.2000 GHz  windows 34422  with tone 24868  worst SNR 8.6 dB | ch1   -4.11 (max dev 0.04)  ch2   -0.35 (max dev 0.09)  ch3   +0.21 (max dev 0.06)
[meter] 5.8000 GHz  windows 34426  with tone 128  worst SNR 9.1 dB | ch1   -0.17 (max dev 0.06)  ch2   +1.59 (max dev 0.13)  ch3   +2.53 (max dev 0.15)
[meter] 2.4000 GHz  windows 34506  with tone 9430  worst SNR 9.0 dB | ch1   +0.64 (max dev 0.06)  ch2   +0.79 (max dev 0.08)  ch3   +1.18 (max dev 0.08)
[meter] 5.2000 GHz  windows 34504  with tone 24950  worst SNR 8.6 dB | ch1   -4.10 (max dev 0.04)  ch2   -0.32 (max dev 0.12)  ch3   +0.24 (max dev 0.09)
[meter] 5.8000 GHz  windows 34508  with tone 128  worst SNR 9.1 dB | ch1   -0.17 (max dev 0.06)  ch2   +1.59 (max dev 0.13)  ch3   +2.53 (max dev 0.15)
[meter] 2.4000 GHz  windows 34507  with tone 9430  worst SNR 9.0 dB | ch1   +0.64 (max dev 0.06)  ch2   +0.79 (max dev 0.08)  ch3   +1.18 (max dev 0.08)
[meter] 5.2000 GHz  windows 34504  with tone 24950  worst SNR 8.6 dB | ch1   -4.10 (max dev 0.04)  ch2   -0.32 (max dev 0.12)  ch3   +0.24 (max dev 0.09)
[meter] 5.8000 GHz  windows 34509  with tone 128  worst SNR 9.1 dB | ch1   -0.17 (max dev 0.06)  ch2   +1.59 (max dev 0.13)  ch3   +2.53 (max dev 0.15)
[meter] 2.4000 GHz  windows 34507  with tone 9430  worst SNR 9.0 dB | ch1   +0.64 (max dev 0.06)  ch2   +0.79 (max dev 0.08)  ch3   +1.18 (max dev 0.08)
[meter] 5.2000 GHz  windows 34505  with tone 24951  worst SNR 8.6 dB | ch1   -4.10 (max dev 0.04)  ch2   -0.32 (max dev 0.12)  ch3   +0.24 (max dev 0.09)
[meter] 5.8000 GHz  windows 34509  with tone 128  worst SNR 9.1 dB | ch1   -0.17 (max dev 0.06)  ch2   +1.59 (max dev 0.13)  ch3   +2.53 (max dev 0.15)
[meter] 2.4000 GHz  windows 34590  with tone 9430  worst SNR 9.0 dB | ch1   +0.64 (max dev 0.06)  ch2   +0.79 (max dev 0.08)  ch3   +1.18 (max dev 0.08)
[meter] 5.2000 GHz  windows 34587  with tone 25033  worst SNR 8.6 dB | ch1   -4.10 (max dev 0.06)  ch2   -0.29 (max dev 0.05)  ch3   +0.27 (max dev 0.07)
[meter] 5.8000 GHz  windows 34592  with tone 128  worst SNR 9.1 dB | ch1   -0.17 (max dev 0.06)  ch2   +1.59 (max dev 0.13)  ch3   +2.53 (max dev 0.15)
[meter] 2.4000 GHz  windows 34590  with tone 9430  worst SNR 9.0 dB | ch1   +0.64 (max dev 0.06)  ch2   +0.79 (max dev 0.08)  ch3   +1.18 (max dev 0.08)
[meter] 5.2000 GHz  windows 34588  with tone 25034  worst SNR 8.6 dB | ch1   -4.10 (max dev 0.06)  ch2   -0.29 (max dev 0.05)  ch3   +0.27 (max dev 0.07)
[meter] 5.8000 GHz  windows 34592  with tone 128  worst SNR 9.1 dB | ch1   -0.17 (max dev 0.06)  ch2   +1.59 (max dev 0.13)  ch3   +2.53 (max dev 0.15)
[meter] 2.4000 GHz  windows 34590  with tone 9430  worst SNR 9.0 dB | ch1   +0.64 (max dev 0.06)  ch2   +0.79 (max dev 0.08)  ch3   +1.18 (max dev 0.08)
[meter] 5.2000 GHz  windows 34588  with tone 25034  worst SNR 8.6 dB | ch1   -4.10 (max dev 0.06)  ch2   -0.29 (max dev 0.05)  ch3   +0.27 (max dev 0.07)
[meter] 5.8000 GHz  windows 34593  with tone 128  worst SNR 9.1 dB | ch1   -0.17 (max dev 0.06)  ch2   +1.59 (max dev 0.13)  ch3   +2.53 (max dev 0.15)
[meter] 2.4000 GHz  windows 34673  with tone 9430  worst SNR 9.0 dB | ch1   +0.64 (max dev 0.06)  ch2   +0.79 (max dev 0.08)  ch3   +1.18 (max dev 0.08)
[meter] 5.2000 GHz  windows 34671  with tone 25117  worst SNR 8.6 dB | ch1   -4.11 (max dev 0.05)  ch2   -0.28 (max dev 0.04)  ch3   +0.29 (max dev 0.04)
[meter] 5.8000 GHz  windows 34675  with tone 128  worst SNR 9.1 dB | ch1   -0.17 (max dev 0.06)  ch2   +1.59 (max dev 0.13)  ch3   +2.53 (max dev 0.15)
[meter] 2.4000 GHz  windows 34674  with tone 9430  worst SNR 9.0 dB | ch1   +0.64 (max dev 0.06)  ch2   +0.79 (max dev 0.08)  ch3   +1.18 (max dev 0.08)
[meter] 5.2000 GHz  windows 34671  with tone 25117  worst SNR 8.6 dB | ch1   -4.11 (max dev 0.05)  ch2   -0.28 (max dev 0.04)  ch3   +0.29 (max dev 0.04)
[meter] 5.8000 GHz  windows 34676  with tone 128  worst SNR 9.1 dB | ch1   -0.17 (max dev 0.06)  ch2   +1.59 (max dev 0.13)  ch3   +2.53 (max dev 0.15)
[meter] 2.4000 GHz  windows 34674  with tone 9430  worst SNR 9.0 dB | ch1   +0.64 (max dev 0.06)  ch2   +0.79 (max dev 0.08)  ch3   +1.18 (max dev 0.08)
[meter] 5.2000 GHz  windows 34672  with tone 25118  worst SNR 8.6 dB | ch1   -4.10 (max dev 0.05)  ch2   -0.28 (max dev 0.04)  ch3   +0.29 (max dev 0.04)
[meter] 5.8000 GHz  windows 34676  with tone 128  worst SNR 9.1 dB | ch1   -0.17 (max dev 0.06)  ch2   +1.59 (max dev 0.13)  ch3   +2.53 (max dev 0.15)
[meter] 2.4000 GHz  windows 34756  with tone 9430  worst SNR 9.0 dB | ch1   +0.64 (max dev 0.06)  ch2   +0.79 (max dev 0.08)  ch3   +1.18 (max dev 0.08)
[meter] 5.2000 GHz  windows 34754  with tone 25200  worst SNR 8.6 dB | ch1   -4.11 (max dev 0.05)  ch2   -0.28 (max dev 0.05)  ch3   +0.29 (max dev 0.05)
[meter] 5.8000 GHz  windows 34757  with tone 128  worst SNR 9.1 dB | ch1   -0.17 (max dev 0.06)  ch2   +1.59 (max dev 0.13)  ch3   +2.53 (max dev 0.15)
[meter] 2.4000 GHz  windows 34757  with tone 9430  worst SNR 9.0 dB | ch1   +0.64 (max dev 0.06)  ch2   +0.79 (max dev 0.08)  ch3   +1.18 (max dev 0.08)
[meter] 5.2000 GHz  windows 34755  with tone 25201  worst SNR 8.6 dB | ch1   -4.11 (max dev 0.05)  ch2   -0.28 (max dev 0.05)  ch3   +0.29 (max dev 0.05)
[meter] 5.8000 GHz  windows 34758  with tone 128  worst SNR 9.1 dB | ch1   -0.17 (max dev 0.06)  ch2   +1.59 (max dev 0.13)  ch3   +2.53 (max dev 0.15)
[meter] 2.4000 GHz  windows 34757  with tone 9430  worst SNR 9.0 dB | ch1   +0.64 (max dev 0.06)  ch2   +0.79 (max dev 0.08)  ch3   +1.18 (max dev 0.08)
[meter] 5.2000 GHz  windows 34755  with tone 25201  worst SNR 8.6 dB | ch1   -4.11 (max dev 0.05)  ch2   -0.28 (max dev 0.05)  ch3   +0.29 (max dev 0.05)
[meter] 5.8000 GHz  windows 34759  with tone 128  worst SNR 9.1 dB | ch1   -0.17 (max dev 0.06)  ch2   +1.59 (max dev 0.13)  ch3   +2.53 (max dev 0.15)
[meter] 2.4000 GHz  windows 34840  with tone 9430  worst SNR 9.0 dB | ch1   +0.64 (max dev 0.06)  ch2   +0.79 (max dev 0.08)  ch3   +1.18 (max dev 0.08)
[meter] 5.2000 GHz  windows 34837  with tone 25283  worst SNR 8.6 dB | ch1   -4.11 (max dev 0.04)  ch2   -0.26 (max dev 0.04)  ch3   +0.31 (max dev 0.05)
[meter] 5.8000 GHz  windows 34841  with tone 128  worst SNR 9.1 dB | ch1   -0.17 (max dev 0.06)  ch2   +1.59 (max dev 0.13)  ch3   +2.53 (max dev 0.15)
[meter] 2.4000 GHz  windows 34840  with tone 9430  worst SNR 9.0 dB | ch1   +0.64 (max dev 0.06)  ch2   +0.79 (max dev 0.08)  ch3   +1.18 (max dev 0.08)
[meter] 5.2000 GHz  windows 34838  with tone 25284  worst SNR 8.6 dB | ch1   -4.11 (max dev 0.04)  ch2   -0.26 (max dev 0.04)  ch3   +0.31 (max dev 0.05)
[meter] 5.8000 GHz  windows 34841  with tone 128  worst SNR 9.1 dB | ch1   -0.17 (max dev 0.06)  ch2   +1.59 (max dev 0.13)  ch3   +2.53 (max dev 0.15)
[meter] 2.4000 GHz  windows 34841  with tone 9430  worst SNR 9.0 dB | ch1   +0.64 (max dev 0.06)  ch2   +0.79 (max dev 0.08)  ch3   +1.18 (max dev 0.08)
[meter] 5.2000 GHz  windows 34838  with tone 25284  worst SNR 8.6 dB | ch1   -4.11 (max dev 0.04)  ch2   -0.26 (max dev 0.04)  ch3   +0.31 (max dev 0.05)
[meter] 5.8000 GHz  windows 34842  with tone 128  worst SNR 9.1 dB | ch1   -0.17 (max dev 0.06)  ch2   +1.59 (max dev 0.13)  ch3   +2.53 (max dev 0.15)
[meter] 2.4000 GHz  windows 34923  with tone 9430  worst SNR 9.0 dB | ch1   +0.64 (max dev 0.06)  ch2   +0.79 (max dev 0.08)  ch3   +1.18 (max dev 0.08)
[meter] 5.2000 GHz  windows 34921  with tone 25367  worst SNR 8.6 dB | ch1   -4.10 (max dev 0.04)  ch2   -0.25 (max dev 0.11)  ch3   +0.32 (max dev 0.09)
[meter] 5.8000 GHz  windows 34924  with tone 128  worst SNR 9.1 dB | ch1   -0.17 (max dev 0.06)  ch2   +1.59 (max dev 0.13)  ch3   +2.53 (max dev 0.15)
[meter] 2.4000 GHz  windows 34924  with tone 9430  worst SNR 9.0 dB | ch1   +0.64 (max dev 0.06)  ch2   +0.79 (max dev 0.08)  ch3   +1.18 (max dev 0.08)
[meter] 5.2000 GHz  windows 34921  with tone 25367  worst SNR 8.6 dB | ch1   -4.10 (max dev 0.04)  ch2   -0.25 (max dev 0.11)  ch3   +0.32 (max dev 0.09)
[meter] 5.8000 GHz  windows 34925  with tone 128  worst SNR 9.1 dB | ch1   -0.17 (max dev 0.06)  ch2   +1.59 (max dev 0.13)  ch3   +2.53 (max dev 0.15)
[meter] 2.4000 GHz  windows 34924  with tone 9430  worst SNR 9.0 dB | ch1   +0.64 (max dev 0.06)  ch2   +0.79 (max dev 0.08)  ch3   +1.18 (max dev 0.08)
[meter] 5.2000 GHz  windows 34922  with tone 25368  worst SNR 8.6 dB | ch1   -4.10 (max dev 0.04)  ch2   -0.25 (max dev 0.11)  ch3   +0.32 (max dev 0.09)
[meter] 5.8000 GHz  windows 34925  with tone 128  worst SNR 9.1 dB | ch1   -0.17 (max dev 0.06)  ch2   +1.59 (max dev 0.13)  ch3   +2.53 (max dev 0.15)
[meter] 2.4000 GHz  windows 35006  with tone 9430  worst SNR 9.0 dB | ch1   +0.64 (max dev 0.06)  ch2   +0.79 (max dev 0.08)  ch3   +1.18 (max dev 0.08)
[meter] 5.2000 GHz  windows 35004  with tone 25450  worst SNR 8.6 dB | ch1   -4.10 (max dev 0.04)  ch2   -0.24 (max dev 0.12)  ch3   +0.33 (max dev 0.11)
[meter] 5.8000 GHz  windows 35008  with tone 128  worst SNR 9.1 dB | ch1   -0.17 (max dev 0.06)  ch2   +1.59 (max dev 0.13)  ch3   +2.53 (max dev 0.15)
[meter] 2.4000 GHz  windows 35007  with tone 9430  worst SNR 9.0 dB | ch1   +0.64 (max dev 0.06)  ch2   +0.79 (max dev 0.08)  ch3   +1.18 (max dev 0.08)
[meter] 5.2000 GHz  windows 35004  with tone 25450  worst SNR 8.6 dB | ch1   -4.10 (max dev 0.04)  ch2   -0.24 (max dev 0.12)  ch3   +0.33 (max dev 0.11)
[meter] 5.8000 GHz  windows 35008  with tone 128  worst SNR 9.1 dB | ch1   -0.17 (max dev 0.06)  ch2   +1.59 (max dev 0.13)  ch3   +2.53 (max dev 0.15)
[meter] 2.4000 GHz  windows 35007  with tone 9430  worst SNR 9.0 dB | ch1   +0.64 (max dev 0.06)  ch2   +0.79 (max dev 0.08)  ch3   +1.18 (max dev 0.08)
[meter] 5.2000 GHz  windows 35005  with tone 25451  worst SNR 8.6 dB | ch1   -4.10 (max dev 0.04)  ch2   -0.24 (max dev 0.12)  ch3   +0.33 (max dev 0.11)
[meter] 5.8000 GHz  windows 35008  with tone 128  worst SNR 9.1 dB | ch1   -0.17 (max dev 0.06)  ch2   +1.59 (max dev 0.13)  ch3   +2.53 (max dev 0.15)
[meter] 2.4000 GHz  windows 35090  with tone 9430  worst SNR 9.0 dB | ch1   +0.64 (max dev 0.06)  ch2   +0.79 (max dev 0.08)  ch3   +1.18 (max dev 0.08)
[meter] 5.2000 GHz  windows 35088  with tone 25534  worst SNR 8.6 dB | ch1   -4.10 (max dev 0.04)  ch2   -0.22 (max dev 0.06)  ch3   +0.35 (max dev 0.06)
[meter] 5.8000 GHz  windows 35091  with tone 128  worst SNR 9.1 dB | ch1   -0.17 (max dev 0.06)  ch2   +1.59 (max dev 0.13)  ch3   +2.53 (max dev 0.15)
[meter] 2.4000 GHz  windows 35091  with tone 9430  worst SNR 9.0 dB | ch1   +0.64 (max dev 0.06)  ch2   +0.79 (max dev 0.08)  ch3   +1.18 (max dev 0.08)
[meter] 5.2000 GHz  windows 35088  with tone 25534  worst SNR 8.6 dB | ch1   -4.10 (max dev 0.04)  ch2   -0.22 (max dev 0.06)  ch3   +0.35 (max dev 0.06)
[meter] 5.8000 GHz  windows 35092  with tone 128  worst SNR 9.1 dB | ch1   -0.17 (max dev 0.06)  ch2   +1.59 (max dev 0.13)  ch3   +2.53 (max dev 0.15)
[meter] 2.4000 GHz  windows 35091  with tone 9430  worst SNR 9.0 dB | ch1   +0.64 (max dev 0.06)  ch2   +0.79 (max dev 0.08)  ch3   +1.18 (max dev 0.08)
[meter] 5.2000 GHz  windows 35088  with tone 25534  worst SNR 8.6 dB | ch1   -4.10 (max dev 0.04)  ch2   -0.22 (max dev 0.06)  ch3   +0.35 (max dev 0.06)
[meter] 5.8000 GHz  windows 35092  with tone 128  worst SNR 9.1 dB | ch1   -0.17 (max dev 0.06)  ch2   +1.59 (max dev 0.13)  ch3   +2.53 (max dev 0.15)
[meter] 2.4000 GHz  windows 35173  with tone 9430  worst SNR 9.0 dB | ch1   +0.64 (max dev 0.06)  ch2   +0.79 (max dev 0.08)  ch3   +1.18 (max dev 0.08)
[meter] 5.2000 GHz  windows 35171  with tone 25617  worst SNR 8.6 dB | ch1   -4.10 (max dev 0.04)  ch2   -0.21 (max dev 0.06)  ch3   +0.36 (max dev 0.07)
[meter] 5.8000 GHz  windows 35175  with tone 128  worst SNR 9.1 dB | ch1   -0.17 (max dev 0.06)  ch2   +1.59 (max dev 0.13)  ch3   +2.53 (max dev 0.15)
[meter] 2.4000 GHz  windows 35174  with tone 9430  worst SNR 9.0 dB | ch1   +0.64 (max dev 0.06)  ch2   +0.79 (max dev 0.08)  ch3   +1.18 (max dev 0.08)
[meter] 5.2000 GHz  windows 35172  with tone 25618  worst SNR 8.6 dB | ch1   -4.10 (max dev 0.04)  ch2   -0.20 (max dev 0.06)  ch3   +0.36 (max dev 0.07)
[meter] 5.8000 GHz  windows 35175  with tone 128  worst SNR 9.1 dB | ch1   -0.17 (max dev 0.06)  ch2   +1.59 (max dev 0.13)  ch3   +2.53 (max dev 0.15)
[meter] 2.4000 GHz  windows 35174  with tone 9430  worst SNR 9.0 dB | ch1   +0.64 (max dev 0.06)  ch2   +0.79 (max dev 0.08)  ch3   +1.18 (max dev 0.08)
[meter] 5.2000 GHz  windows 35172  with tone 25618  worst SNR 8.6 dB | ch1   -4.10 (max dev 0.04)  ch2   -0.20 (max dev 0.06)  ch3   +0.36 (max dev 0.07)
[meter] 5.8000 GHz  windows 35175  with tone 128  worst SNR 9.1 dB | ch1   -0.17 (max dev 0.06)  ch2   +1.59 (max dev 0.13)  ch3   +2.53 (max dev 0.15)
[meter] 2.4000 GHz  windows 35257  with tone 9430  worst SNR 9.0 dB | ch1   +0.64 (max dev 0.06)  ch2   +0.79 (max dev 0.08)  ch3   +1.18 (max dev 0.08)
[meter] 5.2000 GHz  windows 35254  with tone 25700  worst SNR 8.6 dB | ch1   -4.10 (max dev 0.04)  ch2   -0.20 (max dev 0.07)  ch3   +0.37 (max dev 0.05)
[meter] 5.8000 GHz  windows 35258  with tone 128  worst SNR 9.1 dB | ch1   -0.17 (max dev 0.06)  ch2   +1.59 (max dev 0.13)  ch3   +2.53 (max dev 0.15)
[meter] 2.4000 GHz  windows 35258  with tone 9430  worst SNR 9.0 dB | ch1   +0.64 (max dev 0.06)  ch2   +0.79 (max dev 0.08)  ch3   +1.18 (max dev 0.08)
[meter] 2.4000 GHz  windows 35258  with tone 9430  worst SNR 9.0 dB | ch1   +0.64 (max dev 0.06)  ch2   +0.79 (max dev 0.08)  ch3   +1.18 (max dev 0.08)
[meter] 5.2000 GHz  windows 35255  with tone 25701  worst SNR 8.6 dB | ch1   -4.10 (max dev 0.04)  ch2   -0.20 (max dev 0.07)  ch3   +0.37 (max dev 0.05)[meter] 5.2000 GHz  windows 35255  with tone 25701  worst SNR 8.6 dB | ch1   -4.10 (max dev 0.04)  ch2   -0.20 (max dev 0.07)  ch3   +0.37 (max dev 0.05)

[meter] 5.8000 GHz  windows 35259  with tone 128  worst SNR 9.1 dB | ch1   -0.17 (max dev 0.06)  ch2   +1.59 (max dev 0.13)  ch3   +2.53 (max dev 0.15)
[meter] 5.8000 GHz  windows 35259  with tone 128  worst SNR 9.1 dB | ch1   -0.17 (max dev 0.06)  ch2   +1.59 (max dev 0.13)  ch3   +2.53 (max dev 0.15)
[meter] 2.4000 GHz  windows 35340  with tone 9430  worst SNR 9.0 dB | ch1   +0.64 (max dev 0.06)  ch2   +0.79 (max dev 0.08)  ch3   +1.18 (max dev 0.08)
[meter] 5.2000 GHz  windows 35338  with tone 25784  worst SNR 8.6 dB | ch1   -4.10 (max dev 0.04)  ch2   -0.20 (max dev 0.05)  ch3   +0.37 (max dev 0.05)
[meter] 5.8000 GHz  windows 35342  with tone 128  worst SNR 9.1 dB | ch1   -0.17 (max dev 0.06)  ch2   +1.59 (max dev 0.13)  ch3   +2.53 (max dev 0.15)
[meter] 2.4000 GHz  windows 35341  with tone 9430  worst SNR 9.0 dB | ch1   +0.64 (max dev 0.06)  ch2   +0.79 (max dev 0.08)  ch3   +1.18 (max dev 0.08)
[meter] 2.4000 GHz  windows 35341  with tone 9430  worst SNR 9.0 dB | ch1   +0.64 (max dev 0.06)  ch2   +0.79 (max dev 0.08)  ch3   +1.18 (max dev 0.08)
[meter] 5.2000 GHz  windows 35339  with tone 25785  worst SNR 8.6 dB | ch1   -4.10 (max dev 0.04)  ch2   -0.20 (max dev 0.05)  ch3   +0.37 (max dev 0.05)
[meter] 5.2000 GHz  windows 35339  with tone 25785  worst SNR 8.6 dB | ch1   -4.10 (max dev 0.04)  ch2   -0.20 (max dev 0.05)  ch3   +0.37 (max dev 0.05)
[meter] 5.8000 GHz  windows 35342  with tone 128  worst SNR 9.1 dB | ch1   -0.17 (max dev 0.06)  ch2   +1.59 (max dev 0.13)  ch3   +2.53 (max dev 0.15)
[meter] 5.8000 GHz  windows 35342  with tone 128  worst SNR 9.1 dB | ch1   -0.17 (max dev 0.06)  ch2   +1.59 (max dev 0.13)  ch3   +2.53 (max dev 0.15)
[meter] 2.4000 GHz  windows 35423  with tone 9430  worst SNR 9.0 dB | ch1   +0.64 (max dev 0.06)  ch2   +0.79 (max dev 0.08)  ch3   +1.18 (max dev 0.08)
[meter] 5.2000 GHz  windows 35421  with tone 25867  worst SNR 8.6 dB | ch1   -4.10 (max dev 0.03)  ch2   -0.20 (max dev 0.07)  ch3   +0.38 (max dev 0.07)
[meter] 5.8000 GHz  windows 35425  with tone 128  worst SNR 9.1 dB | ch1   -0.17 (max dev 0.06)  ch2   +1.59 (max dev 0.13)  ch3   +2.53 (max dev 0.15)
[meter] 2.4000 GHz  windows 35424  with tone 9430  worst SNR 9.0 dB | ch1   +0.64 (max dev 0.06)  ch2   +0.79 (max dev 0.08)  ch3   +1.18 (max dev 0.08)
[meter] 2.4000 GHz  windows 35424  with tone 9430  worst SNR 9.0 dB | ch1   +0.64 (max dev 0.06)  ch2   +0.79 (max dev 0.08)  ch3   +1.18 (max dev 0.08)
[meter] 5.2000 GHz  windows 35422  with tone 25868  worst SNR 8.6 dB | ch1   -4.10 (max dev 0.03)  ch2   -0.20 (max dev 0.07)  ch3   +0.38 (max dev 0.07)
[meter] 5.2000 GHz  windows 35422  with tone 25868  worst SNR 8.6 dB | ch1   -4.10 (max dev 0.03)  ch2   -0.20 (max dev 0.07)  ch3   +0.38 (max dev 0.07)
[meter] 5.8000 GHz  windows 35425  with tone 128  worst SNR 9.1 dB | ch1   -0.17 (max dev 0.06)  ch2   +1.59 (max dev 0.13)  ch3   +2.53 (max dev 0.15)
[meter] 5.8000 GHz  windows 35425  with tone 128  worst SNR 9.1 dB | ch1   -0.17 (max dev 0.06)  ch2   +1.59 (max dev 0.13)  ch3   +2.53 (max dev 0.15)
[meter] 2.4000 GHz  windows 35507  with tone 9430  worst SNR 9.0 dB | ch1   +0.64 (max dev 0.06)  ch2   +0.79 (max dev 0.08)  ch3   +1.18 (max dev 0.08)
[meter] 5.2000 GHz  windows 35504  with tone 25950  worst SNR 8.6 dB | ch1   -4.10 (max dev 0.03)  ch2   -0.19 (max dev 0.07)  ch3   +0.39 (max dev 0.07)
[meter] 5.8000 GHz  windows 35508  with tone 128  worst SNR 9.1 dB | ch1   -0.17 (max dev 0.06)  ch2   +1.59 (max dev 0.13)  ch3   +2.53 (max dev 0.15)
[meter] 2.4000 GHz  windows 35507  with tone 9430  worst SNR 9.0 dB | ch1   +0.64 (max dev 0.06)  ch2   +0.79 (max dev 0.08)  ch3   +1.18 (max dev 0.08)
[meter] 5.2000 GHz  windows 35505  with tone 25951  worst SNR 8.6 dB | ch1   -4.10 (max dev 0.03)  ch2   -0.19 (max dev 0.07)  ch3   +0.39 (max dev 0.07)
[meter] 5.8000 GHz  windows 35509  with tone 128  worst SNR 9.1 dB | ch1   -0.17 (max dev 0.06)  ch2   +1.59 (max dev 0.13)  ch3   +2.53 (max dev 0.15)
[meter] 2.4000 GHz  windows 35507  with tone 9430  worst SNR 9.0 dB | ch1   +0.64 (max dev 0.06)  ch2   +0.79 (max dev 0.08)  ch3   +1.18 (max dev 0.08)
[meter] 5.2000 GHz  windows 35505  with tone 25951  worst SNR 8.6 dB | ch1   -4.10 (max dev 0.03)  ch2   -0.19 (max dev 0.07)  ch3   +0.39 (max dev 0.07)
[meter] 5.8000 GHz  windows 35509  with tone 128  worst SNR 9.1 dB | ch1   -0.17 (max dev 0.06)  ch2   +1.59 (max dev 0.13)  ch3   +2.53 (max dev 0.15)
[meter] 2.4000 GHz  windows 35590  with tone 9430  worst SNR 9.0 dB | ch1   +0.64 (max dev 0.06)  ch2   +0.79 (max dev 0.08)  ch3   +1.18 (max dev 0.08)
[meter] 5.2000 GHz  windows 35588  with tone 26034  worst SNR 8.6 dB | ch1   -4.09 (max dev 0.03)  ch2   -0.18 (max dev 0.05)  ch3   +0.40 (max dev 0.06)
[meter] 5.8000 GHz  windows 35591  with tone 128  worst SNR 9.1 dB | ch1   -0.17 (max dev 0.06)  ch2   +1.59 (max dev 0.13)  ch3   +2.53 (max dev 0.15)
[meter] 2.4000 GHz  windows 35591  with tone 9430  worst SNR 9.0 dB | ch1   +0.64 (max dev 0.06)  ch2   +0.79 (max dev 0.08)  ch3   +1.18 (max dev 0.08)
[meter] 2.4000 GHz  windows 35591  with tone 9430  worst SNR 9.0 dB | ch1   +0.64 (max dev 0.06)  ch2   +0.79 (max dev 0.08)  ch3   +1.18 (max dev 0.08)
[meter] 5.2000 GHz  windows 35589  with tone 26035  worst SNR 8.6 dB | ch1   -4.09 (max dev 0.03)  ch2   -0.18 (max dev 0.05)  ch3   +0.40 (max dev 0.06)
[meter] 5.8000 GHz  windows 35592  with tone 128  worst SNR 9.1 dB | ch1   -0.17 (max dev 0.06)  ch2   +1.59 (max dev 0.13)  ch3   +2.53 (max dev 0.15)
[meter] 5.2000 GHz  windows 35589  with tone 26035  worst SNR 8.6 dB | ch1   -4.09 (max dev 0.03)  ch2   -0.18 (max dev 0.05)  ch3   +0.40 (max dev 0.06)
[meter] 5.8000 GHz  windows 35592  with tone 128  worst SNR 9.1 dB | ch1   -0.17 (max dev 0.06)  ch2   +1.59 (max dev 0.13)  ch3   +2.53 (max dev 0.15)
[meter] 2.4000 GHz  windows 35674  with tone 9430  worst SNR 9.0 dB | ch1   +0.64 (max dev 0.06)  ch2   +0.79 (max dev 0.08)  ch3   +1.18 (max dev 0.08)
[meter] 5.2000 GHz  windows 35671  with tone 26117  worst SNR 8.6 dB | ch1   -4.09 (max dev 0.04)  ch2   -0.17 (max dev 0.05)  ch3   +0.40 (max dev 0.04)
[meter] 5.8000 GHz  windows 35675  with tone 128  worst SNR 9.1 dB | ch1   -0.17 (max dev 0.06)  ch2   +1.59 (max dev 0.13)  ch3   +2.53 (max dev 0.15)
[meter] 2.4000 GHz  windows 35674  with tone 9430  worst SNR 9.0 dB | ch1   +0.64 (max dev 0.06)  ch2   +0.79 (max dev 0.08)  ch3   +1.18 (max dev 0.08)
[meter] 2.4000 GHz  windows 35674  with tone 9430  worst SNR 9.0 dB | ch1   +0.64 (max dev 0.06)  ch2   +0.79 (max dev 0.08)  ch3   +1.18 (max dev 0.08)
[meter] 5.2000 GHz  windows 35672  with tone 26118  worst SNR 8.6 dB | ch1   -4.09 (max dev 0.04)  ch2   -0.17 (max dev 0.05)  ch3   +0.40 (max dev 0.04)
[meter] 5.2000 GHz  windows 35672  with tone 26118  worst SNR 8.6 dB | ch1   -4.09 (max dev 0.04)  ch2   -0.17 (max dev 0.05)  ch3   +0.40 (max dev 0.04)
[meter] 5.8000 GHz  windows 35676  with tone 128  worst SNR 9.1 dB | ch1   -0.17 (max dev 0.06)  ch2   +1.59 (max dev 0.13)  ch3   +2.53 (max dev 0.15)
[meter] 5.8000 GHz  windows 35676  with tone 128  worst SNR 9.1 dB | ch1   -0.17 (max dev 0.06)  ch2   +1.59 (max dev 0.13)  ch3   +2.53 (max dev 0.15)
[meter] 2.4000 GHz  windows 35757  with tone 9430  worst SNR 9.0 dB | ch1   +0.64 (max dev 0.06)  ch2   +0.79 (max dev 0.08)  ch3   +1.18 (max dev 0.08)
[meter] 5.2000 GHz  windows 35755  with tone 26201  worst SNR 8.6 dB | ch1   -4.09 (max dev 0.04)  ch2   -0.17 (max dev 0.06)  ch3   +0.40 (max dev 0.04)
[meter] 5.8000 GHz  windows 35758  with tone 128  worst SNR 9.1 dB | ch1   -0.17 (max dev 0.06)  ch2   +1.59 (max dev 0.13)  ch3   +2.53 (max dev 0.15)
[meter] 2.4000 GHz  windows 35758  with tone 9430  worst SNR 9.0 dB | ch1   +0.64 (max dev 0.06)  ch2   +0.79 (max dev 0.08)  ch3   +1.18 (max dev 0.08)[meter] 2.4000 GHz  windows 35758  with tone 9430  worst SNR 9.0 dB | ch1   +0.64 (max dev 0.06)  ch2   +0.79 (max dev 0.08)  ch3   +1.18 (max dev 0.08)

[meter] 5.2000 GHz  windows 35756  with tone 26202  worst SNR 8.6 dB | ch1   -4.09 (max dev 0.04)  ch2   -0.17 (max dev 0.06)  ch3   +0.40 (max dev 0.04)
[meter] 5.2000 GHz  windows 35756  with tone 26202  worst SNR 8.6 dB | ch1   -4.09 (max dev 0.04)  ch2   -0.17 (max dev 0.06)  ch3   +0.40 (max dev 0.04)
[meter] 5.8000 GHz  windows 35759  with tone 128  worst SNR 9.1 dB | ch1   -0.17 (max dev 0.06)  ch2   +1.59 (max dev 0.13)  ch3   +2.53 (max dev 0.15)
[meter] 5.8000 GHz  windows 35759  with tone 128  worst SNR 9.1 dB | ch1   -0.17 (max dev 0.06)  ch2   +1.59 (max dev 0.13)  ch3   +2.53 (max dev 0.15)
[meter] 2.4000 GHz  windows 35840  with tone 9430  worst SNR 9.0 dB | ch1   +0.64 (max dev 0.06)  ch2   +0.79 (max dev 0.08)  ch3   +1.18 (max dev 0.08)
[meter] 5.2000 GHz  windows 35838  with tone 26284  worst SNR 8.6 dB | ch1   -4.08 (max dev 0.03)  ch2   -0.17 (max dev 0.06)  ch3   +0.41 (max dev 0.06)
[meter] 5.8000 GHz  windows 35842  with tone 128  worst SNR 9.1 dB | ch1   -0.17 (max dev 0.06)  ch2   +1.59 (max dev 0.13)  ch3   +2.53 (max dev 0.15)
[meter] 2.4000 GHz  windows 35841  with tone 9430  worst SNR 9.0 dB | ch1   +0.64 (max dev 0.06)  ch2   +0.79 (max dev 0.08)  ch3   +1.18 (max dev 0.08)
[meter] 2.4000 GHz  windows 35841  with tone 9430  worst SNR 9.0 dB | ch1   +0.64 (max dev 0.06)  ch2   +0.79 (max dev 0.08)  ch3   +1.18 (max dev 0.08)
[meter] 5.2000 GHz  windows 35839  with tone 26285  worst SNR 8.6 dB | ch1   -4.08 (max dev 0.03)  ch2   -0.17 (max dev 0.06)  ch3   +0.41 (max dev 0.06)
[meter] 5.2000 GHz  windows 35839  with tone 26285  worst SNR 8.6 dB | ch1   -4.08 (max dev 0.03)  ch2   -0.17 (max dev 0.06)  ch3   +0.41 (max dev 0.06)
[meter] 5.8000 GHz  windows 35843  with tone 128  worst SNR 9.1 dB | ch1   -0.17 (max dev 0.06)  ch2   +1.59 (max dev 0.13)  ch3   +2.53 (max dev 0.15)
[meter] 5.8000 GHz  windows 35843  with tone 128  worst SNR 9.1 dB | ch1   -0.17 (max dev 0.06)  ch2   +1.59 (max dev 0.13)  ch3   +2.53 (max dev 0.15)
[meter] 2.4000 GHz  windows 35924  with tone 9430  worst SNR 9.0 dB | ch1   +0.64 (max dev 0.06)  ch2   +0.79 (max dev 0.08)  ch3   +1.18 (max dev 0.08)
[meter] 5.2000 GHz  windows 35921  with tone 26367  worst SNR 8.6 dB | ch1   -4.08 (max dev 0.04)  ch2   -0.16 (max dev 0.13)  ch3   +0.41 (max dev 0.09)
[meter] 5.8000 GHz  windows 35925  with tone 128  worst SNR 9.1 dB | ch1   -0.17 (max dev 0.06)  ch2   +1.59 (max dev 0.13)  ch3   +2.53 (max dev 0.15)
[meter] 2.4000 GHz  windows 35925  with tone 9430  worst SNR 9.0 dB | ch1   +0.64 (max dev 0.06)  ch2   +0.79 (max dev 0.08)  ch3   +1.18 (max dev 0.08)[meter] 2.4000 GHz  windows 35925  with tone 9430  worst SNR 9.0 dB | ch1   +0.64 (max dev 0.06)  ch2   +0.79 (max dev 0.08)  ch3   +1.18 (max dev 0.08)

[meter] 5.2000 GHz  windows 35922  with tone 26368  worst SNR 8.6 dB | ch1   -4.08 (max dev 0.04)  ch2   -0.16 (max dev 0.13)  ch3   +0.41 (max dev 0.09)
[meter] 5.2000 GHz  windows 35922  with tone 26368  worst SNR 8.6 dB | ch1   -4.08 (max dev 0.04)  ch2   -0.16 (max dev 0.13)  ch3   +0.41 (max dev 0.09)
[meter] 5.8000 GHz  windows 35926  with tone 128  worst SNR 9.1 dB | ch1   -0.17 (max dev 0.06)  ch2   +1.59 (max dev 0.13)  ch3   +2.53 (max dev 0.15)[meter] 5.8000 GHz  windows 35926  with tone 128  worst SNR 9.1 dB | ch1   -0.17 (max dev 0.06)  ch2   +1.59 (max dev 0.13)  ch3   +2.53 (max dev 0.15)

[meter] 2.4000 GHz  windows 36007  with tone 9430  worst SNR 9.0 dB | ch1   +0.64 (max dev 0.06)  ch2   +0.79 (max dev 0.08)  ch3   +1.18 (max dev 0.08)
[meter] 5.2000 GHz  windows 36005  with tone 26451  worst SNR 8.6 dB | ch1   -4.08 (max dev 0.04)  ch2   -0.17 (max dev 0.13)  ch3   +0.40 (max dev 0.08)
[meter] 5.8000 GHz  windows 36008  with tone 128  worst SNR 9.1 dB | ch1   -0.17 (max dev 0.06)  ch2   +1.59 (max dev 0.13)  ch3   +2.53 (max dev 0.15)
[meter] 2.4000 GHz  windows 36008  with tone 9430  worst SNR 9.0 dB | ch1   +0.64 (max dev 0.06)  ch2   +0.79 (max dev 0.08)  ch3   +1.18 (max dev 0.08)
[meter] 2.4000 GHz  windows 36008  with tone 9430  worst SNR 9.0 dB | ch1   +0.64 (max dev 0.06)  ch2   +0.79 (max dev 0.08)  ch3   +1.18 (max dev 0.08)
[meter] 5.2000 GHz  windows 36006  with tone 26452  worst SNR 8.6 dB | ch1   -4.08 (max dev 0.04)  ch2   -0.17 (max dev 0.13)  ch3   +0.40 (max dev 0.08)
[meter] 5.2000 GHz  windows 36006  with tone 26452  worst SNR 8.6 dB | ch1   -4.08 (max dev 0.04)  ch2   -0.17 (max dev 0.13)  ch3   +0.40 (max dev 0.08)
[meter] 5.8000 GHz  windows 36009  with tone 128  worst SNR 9.1 dB | ch1   -0.17 (max dev 0.06)  ch2   +1.59 (max dev 0.13)  ch3   +2.53 (max dev 0.15)
[meter] 5.8000 GHz  windows 36009  with tone 128  worst SNR 9.1 dB | ch1   -0.17 (max dev 0.06)  ch2   +1.59 (max dev 0.13)  ch3   +2.53 (max dev 0.15)
[meter] 2.4000 GHz  windows 36091  with tone 9430  worst SNR 9.0 dB | ch1   +0.64 (max dev 0.06)  ch2   +0.79 (max dev 0.08)  ch3   +1.18 (max dev 0.08)
[meter] 5.2000 GHz  windows 36088  with tone 26534  worst SNR 8.6 dB | ch1   -4.08 (max dev 0.04)  ch2   -0.17 (max dev 0.07)  ch3   +0.39 (max dev 0.06)
[meter] 5.8000 GHz  windows 36092  with tone 128  worst SNR 9.1 dB | ch1   -0.17 (max dev 0.06)  ch2   +1.59 (max dev 0.13)  ch3   +2.53 (max dev 0.15)
[meter] 2.4000 GHz  windows 36092  with tone 9430  worst SNR 9.0 dB | ch1   +0.64 (max dev 0.06)  ch2   +0.79 (max dev 0.08)  ch3   +1.18 (max dev 0.08)
[meter] 2.4000 GHz  windows 36092  with tone 9430  worst SNR 9.0 dB | ch1   +0.64 (max dev 0.06)  ch2   +0.79 (max dev 0.08)  ch3   +1.18 (max dev 0.08)
[meter] 5.2000 GHz  windows 36089  with tone 26535  worst SNR 8.6 dB | ch1   -4.08 (max dev 0.04)  ch2   -0.17 (max dev 0.07)  ch3   +0.39 (max dev 0.06)
[meter] 5.8000 GHz  windows 36093  with tone 128  worst SNR 9.1 dB | ch1   -0.17 (max dev 0.06)  ch2   +1.59 (max dev 0.13)  ch3   +2.53 (max dev 0.15)
[meter] 5.2000 GHz  windows 36089  with tone 26535  worst SNR 8.6 dB | ch1   -4.08 (max dev 0.04)  ch2   -0.17 (max dev 0.07)  ch3   +0.39 (max dev 0.06)
[meter] 5.8000 GHz  windows 36093  with tone 128  worst SNR 9.1 dB | ch1   -0.17 (max dev 0.06)  ch2   +1.59 (max dev 0.13)  ch3   +2.53 (max dev 0.15)
[meter] 2.4000 GHz  windows 36174  with tone 9430  worst SNR 9.0 dB | ch1   +0.64 (max dev 0.06)  ch2   +0.79 (max dev 0.08)  ch3   +1.18 (max dev 0.08)
[meter] 5.2000 GHz  windows 36172  with tone 26618  worst SNR 8.6 dB | ch1   -4.08 (max dev 0.05)  ch2   -0.18 (max dev 0.09)  ch3   +0.39 (max dev 0.08)
[meter] 5.8000 GHz  windows 36175  with tone 128  worst SNR 9.1 dB | ch1   -0.17 (max dev 0.06)  ch2   +1.59 (max dev 0.13)  ch3   +2.53 (max dev 0.15)
[meter] 2.4000 GHz  windows 36175  with tone 9430  worst SNR 9.0 dB | ch1   +0.64 (max dev 0.06)  ch2   +0.79 (max dev 0.08)  ch3   +1.18 (max dev 0.08)
[meter] 2.4000 GHz  windows 36175  with tone 9430  worst SNR 9.0 dB | ch1   +0.64 (max dev 0.06)  ch2   +0.79 (max dev 0.08)  ch3   +1.18 (max dev 0.08)
[meter] 5.2000 GHz  windows 36173  with tone 26619  worst SNR 8.6 dB | ch1   -4.08 (max dev 0.05)  ch2   -0.18 (max dev 0.09)  ch3   +0.39 (max dev 0.08)
[meter] 5.2000 GHz  windows 36173  with tone 26619  worst SNR 8.6 dB | ch1   -4.08 (max dev 0.05)  ch2   -0.18 (max dev 0.09)  ch3   +0.39 (max dev 0.08)
[meter] 5.8000 GHz  windows 36176  with tone 128  worst SNR 9.1 dB | ch1   -0.17 (max dev 0.06)  ch2   +1.59 (max dev 0.13)  ch3   +2.53 (max dev 0.15)
[meter] 5.8000 GHz  windows 36176  with tone 128  worst SNR 9.1 dB | ch1   -0.17 (max dev 0.06)  ch2   +1.59 (max dev 0.13)  ch3   +2.53 (max dev 0.15)
[meter] 2.4000 GHz  windows 36258  with tone 9430  worst SNR 9.0 dB | ch1   +0.64 (max dev 0.06)  ch2   +0.79 (max dev 0.08)  ch3   +1.18 (max dev 0.08)
[meter] 5.2000 GHz  windows 36255  with tone 26701  worst SNR 8.6 dB | ch1   -4.13 (max dev 0.33)  ch2   -0.24 (max dev 0.57)  ch3   +0.36 (max dev 0.63)
[meter] 5.8000 GHz  windows 36259  with tone 128  worst SNR 9.1 dB | ch1   -0.17 (max dev 0.06)  ch2   +1.59 (max dev 0.13)  ch3   +2.53 (max dev 0.15)
[meter] 2.4000 GHz  windows 36258  with tone 9430  worst SNR 9.0 dB | ch1   +0.64 (max dev 0.06)  ch2   +0.79 (max dev 0.08)  ch3   +1.18 (max dev 0.08)
[meter] 5.2000 GHz  windows 36256  with tone 26702  worst SNR 8.6 dB | ch1   -4.13 (max dev 0.33)  ch2   -0.24 (max dev 0.57)  ch3   +0.36 (max dev 0.63)
[meter] 2.4000 GHz  windows 36258  with tone 9430  worst SNR 9.0 dB | ch1   +0.64 (max dev 0.06)  ch2   +0.79 (max dev 0.08)  ch3   +1.18 (max dev 0.08)
[meter] 5.8000 GHz  windows 36260  with tone 128  worst SNR 9.1 dB | ch1   -0.17 (max dev 0.06)  ch2   +1.59 (max dev 0.13)  ch3   +2.53 (max dev 0.15)
[meter] 5.2000 GHz  windows 36256  with tone 26702  worst SNR 8.6 dB | ch1   -4.13 (max dev 0.33)  ch2   -0.24 (max dev 0.57)  ch3   +0.36 (max dev 0.63)
[meter] 5.8000 GHz  windows 36260  with tone 128  worst SNR 9.1 dB | ch1   -0.17 (max dev 0.06)  ch2   +1.59 (max dev 0.13)  ch3   +2.53 (max dev 0.15)
[meter] 2.4000 GHz  windows 36341  with tone 9430  worst SNR 9.0 dB | ch1   +0.64 (max dev 0.06)  ch2   +0.79 (max dev 0.08)  ch3   +1.18 (max dev 0.08)
[meter] 5.2000 GHz  windows 36339  with tone 26785  worst SNR 8.6 dB | ch1   -4.17 (max dev 0.29)  ch2   -0.31 (max dev 0.50)  ch3   +0.35 (max dev 0.62)
[meter] 5.8000 GHz  windows 36342  with tone 128  worst SNR 9.1 dB | ch1   -0.17 (max dev 0.06)  ch2   +1.59 (max dev 0.13)  ch3   +2.53 (max dev 0.15)
[meter] 2.4000 GHz  windows 36342  with tone 9430  worst SNR 9.0 dB | ch1   +0.64 (max dev 0.06)  ch2   +0.79 (max dev 0.08)  ch3   +1.18 (max dev 0.08)
[meter] 2.4000 GHz  windows 36342  with tone 9430  worst SNR 9.0 dB | ch1   +0.64 (max dev 0.06)  ch2   +0.79 (max dev 0.08)  ch3   +1.18 (max dev 0.08)
[meter] 5.2000 GHz  windows 36340  with tone 26786  worst SNR 8.6 dB | ch1   -4.18 (max dev 0.29)  ch2   -0.31 (max dev 0.50)  ch3   +0.35 (max dev 0.62)
[meter] 5.8000 GHz  windows 36343  with tone 128  worst SNR 9.1 dB | ch1   -0.17 (max dev 0.06)  ch2   +1.59 (max dev 0.13)  ch3   +2.53 (max dev 0.15)
[meter] 5.2000 GHz  windows 36340  with tone 26786  worst SNR 8.6 dB | ch1   -4.18 (max dev 0.29)  ch2   -0.31 (max dev 0.50)  ch3   +0.35 (max dev 0.62)
[meter] 5.8000 GHz  windows 36343  with tone 128  worst SNR 9.1 dB | ch1   -0.17 (max dev 0.06)  ch2   +1.59 (max dev 0.13)  ch3   +2.53 (max dev 0.15)
[meter] 2.4000 GHz  windows 36424  with tone 9430  worst SNR 9.0 dB | ch1   +0.64 (max dev 0.06)  ch2   +0.79 (max dev 0.08)  ch3   +1.18 (max dev 0.08)
[meter] 5.2000 GHz  windows 36422  with tone 26868  worst SNR 8.6 dB | ch1   -4.19 (max dev 0.04)  ch2   -0.35 (max dev 0.14)  ch3   +0.35 (max dev 0.16)
[meter] 5.8000 GHz  windows 36426  with tone 128  worst SNR 9.1 dB | ch1   -0.17 (max dev 0.06)  ch2   +1.59 (max dev 0.13)  ch3   +2.53 (max dev 0.15)
[meter] 2.4000 GHz  windows 36425  with tone 9430  worst SNR 9.0 dB | ch1   +0.64 (max dev 0.06)  ch2   +0.79 (max dev 0.08)  ch3   +1.18 (max dev 0.08)
[meter] 2.4000 GHz  windows 36425  with tone 9430  worst SNR 9.0 dB | ch1   +0.64 (max dev 0.06)  ch2   +0.79 (max dev 0.08)  ch3   +1.18 (max dev 0.08)
[meter] 5.2000 GHz  windows 36423  with tone 26869  worst SNR 8.6 dB | ch1   -4.19 (max dev 0.04)  ch2   -0.35 (max dev 0.14)  ch3   +0.35 (max dev 0.16)
[meter] 5.2000 GHz  windows 36423  with tone 26869  worst SNR 8.6 dB | ch1   -4.19 (max dev 0.04)  ch2   -0.35 (max dev 0.14)  ch3   +0.35 (max dev 0.16)
[meter] 5.8000 GHz  windows 36427  with tone 128  worst SNR 9.1 dB | ch1   -0.17 (max dev 0.06)  ch2   +1.59 (max dev 0.13)  ch3   +2.53 (max dev 0.15)
[meter] 5.8000 GHz  windows 36427  with tone 128  worst SNR 9.1 dB | ch1   -0.17 (max dev 0.06)  ch2   +1.59 (max dev 0.13)  ch3   +2.53 (max dev 0.15)
[meter] 2.4000 GHz  windows 36508  with tone 9430  worst SNR 9.0 dB | ch1   +0.64 (max dev 0.06)  ch2   +0.79 (max dev 0.08)  ch3   +1.18 (max dev 0.08)
[meter] 5.2000 GHz  windows 36505  with tone 26951  worst SNR 8.6 dB | ch1   -4.18 (max dev 0.13)  ch2   -0.37 (max dev 0.13)  ch3   +0.32 (max dev 0.13)
[meter] 5.8000 GHz  windows 36509  with tone 128  worst SNR 9.1 dB | ch1   -0.17 (max dev 0.06)  ch2   +1.59 (max dev 0.13)  ch3   +2.53 (max dev 0.15)
[meter] 2.4000 GHz  windows 36509  with tone 9430  worst SNR 9.0 dB | ch1   +0.64 (max dev 0.06)  ch2   +0.79 (max dev 0.08)  ch3   +1.18 (max dev 0.08)
[meter] 2.4000 GHz  windows 36509  with tone 9430  worst SNR 9.0 dB | ch1   +0.64 (max dev 0.06)  ch2   +0.79 (max dev 0.08)  ch3   +1.18 (max dev 0.08)
[meter] 5.2000 GHz  windows 36506  with tone 26952  worst SNR 8.6 dB | ch1   -4.18 (max dev 0.13)  ch2   -0.37 (max dev 0.13)  ch3   +0.32 (max dev 0.12)
[meter] 5.8000 GHz  windows 36510  with tone 128  worst SNR 9.1 dB | ch1   -0.17 (max dev 0.06)  ch2   +1.59 (max dev 0.13)  ch3   +2.53 (max dev 0.15)
[meter] 5.2000 GHz  windows 36506  with tone 26952  worst SNR 8.6 dB | ch1   -4.18 (max dev 0.13)  ch2   -0.37 (max dev 0.13)  ch3   +0.32 (max dev 0.12)
[meter] 5.8000 GHz  windows 36510  with tone 128  worst SNR 9.1 dB | ch1   -0.17 (max dev 0.06)  ch2   +1.59 (max dev 0.13)  ch3   +2.53 (max dev 0.15)
[meter] 2.4000 GHz  windows 36591  with tone 9430  worst SNR 9.0 dB | ch1   +0.64 (max dev 0.06)  ch2   +0.79 (max dev 0.08)  ch3   +1.18 (max dev 0.08)
[meter] 5.2000 GHz  windows 36589  with tone 27035  worst SNR 8.6 dB | ch1   -4.17 (max dev 0.14)  ch2   -0.38 (max dev 0.13)  ch3   +0.31 (max dev 0.11)
[meter] 5.8000 GHz  windows 36592  with tone 128  worst SNR 9.1 dB | ch1   -0.17 (max dev 0.06)  ch2   +1.59 (max dev 0.13)  ch3   +2.53 (max dev 0.15)
[meter] 2.4000 GHz  windows 36592  with tone 9430  worst SNR 9.0 dB | ch1   +0.64 (max dev 0.06)  ch2   +0.79 (max dev 0.08)  ch3   +1.18 (max dev 0.08)
[meter] 2.4000 GHz  windows 36592  with tone 9430  worst SNR 9.0 dB | ch1   +0.64 (max dev 0.06)  ch2   +0.79 (max dev 0.08)  ch3   +1.18 (max dev 0.08)
[meter] 5.2000 GHz  windows 36590  with tone 27036  worst SNR 8.6 dB | ch1   -4.17 (max dev 0.14)  ch2   -0.38 (max dev 0.13)  ch3   +0.31 (max dev 0.11)
[meter] 5.8000 GHz  windows 36593  with tone 128  worst SNR 9.1 dB | ch1   -0.17 (max dev 0.06)  ch2   +1.59 (max dev 0.13)  ch3   +2.53 (max dev 0.15)
[meter] 5.2000 GHz  windows 36590  with tone 27036  worst SNR 8.6 dB | ch1   -4.17 (max dev 0.14)  ch2   -0.38 (max dev 0.13)  ch3   +0.31 (max dev 0.11)
[meter] 5.8000 GHz  windows 36593  with tone 128  worst SNR 9.1 dB | ch1   -0.17 (max dev 0.06)  ch2   +1.59 (max dev 0.13)  ch3   +2.53 (max dev 0.15)
[meter] 2.4000 GHz  windows 36675  with tone 9430  worst SNR 9.0 dB | ch1   +0.64 (max dev 0.06)  ch2   +0.79 (max dev 0.08)  ch3   +1.18 (max dev 0.08)
[meter] 5.2000 GHz  windows 36672  with tone 27118  worst SNR 8.6 dB | ch1   -4.16 (max dev 0.05)  ch2   -0.38 (max dev 0.12)  ch3   +0.31 (max dev 0.09)
[meter] 5.8000 GHz  windows 36676  with tone 128  worst SNR 9.1 dB | ch1   -0.17 (max dev 0.06)  ch2   +1.59 (max dev 0.13)  ch3   +2.53 (max dev 0.15)
[meter] 2.4000 GHz  windows 36676  with tone 9430  worst SNR 9.0 dB | ch1   +0.64 (max dev 0.06)  ch2   +0.79 (max dev 0.08)  ch3   +1.18 (max dev 0.08)
[meter] 2.4000 GHz  windows 36676  with tone 9430  worst SNR 9.0 dB | ch1   +0.64 (max dev 0.06)  ch2   +0.79 (max dev 0.08)  ch3   +1.18 (max dev 0.08)
[meter] 5.2000 GHz  windows 36673  with tone 27119  worst SNR 8.6 dB | ch1   -4.16 (max dev 0.05)  ch2   -0.38 (max dev 0.12)  ch3   +0.31 (max dev 0.09)
[meter] 5.2000 GHz  windows 36673  with tone 27119  worst SNR 8.6 dB | ch1   -4.16 (max dev 0.05)  ch2   -0.38 (max dev 0.12)  ch3   +0.31 (max dev 0.09)
[meter] 5.8000 GHz  windows 36677  with tone 128  worst SNR 9.1 dB | ch1   -0.17 (max dev 0.06)  ch2   +1.59 (max dev 0.13)  ch3   +2.53 (max dev 0.15)
[meter] 5.8000 GHz  windows 36677  with tone 128  worst SNR 9.1 dB | ch1   -0.17 (max dev 0.06)  ch2   +1.59 (max dev 0.13)  ch3   +2.53 (max dev 0.15)
[meter] 2.4000 GHz  windows 36758  with tone 9430  worst SNR 9.0 dB | ch1   +0.64 (max dev 0.06)  ch2   +0.79 (max dev 0.08)  ch3   +1.18 (max dev 0.08)
[meter] 5.2000 GHz  windows 36755  with tone 27201  worst SNR 8.6 dB | ch1   -4.16 (max dev 0.05)  ch2   -0.40 (max dev 0.09)  ch3   +0.29 (max dev 0.07)
[meter] 5.8000 GHz  windows 36759  with tone 128  worst SNR 9.1 dB | ch1   -0.17 (max dev 0.06)  ch2   +1.59 (max dev 0.13)  ch3   +2.53 (max dev 0.15)
[meter] 2.4000 GHz  windows 36759  with tone 9430  worst SNR 9.0 dB | ch1   +0.64 (max dev 0.06)  ch2   +0.79 (max dev 0.08)  ch3   +1.18 (max dev 0.08)[meter] 2.4000 GHz  windows 36759  with tone 9430  worst SNR 9.0 dB | ch1   +0.64 (max dev 0.06)  ch2   +0.79 (max dev 0.08)  ch3   +1.18 (max dev 0.08)

[meter] 5.2000 GHz  windows 36756  with tone 27202  worst SNR 8.6 dB | ch1   -4.16 (max dev 0.05)  ch2   -0.41 (max dev 0.09)  ch3   +0.29 (max dev 0.07)
[meter] 5.2000 GHz  windows 36756  with tone 27202  worst SNR 8.6 dB | ch1   -4.16 (max dev 0.05)  ch2   -0.41 (max dev 0.09)  ch3   +0.29 (max dev 0.07)
[meter] 5.8000 GHz  windows 36760  with tone 128  worst SNR 9.1 dB | ch1   -0.17 (max dev 0.06)  ch2   +1.59 (max dev 0.13)  ch3   +2.53 (max dev 0.15)
[meter] 5.8000 GHz  windows 36760  with tone 128  worst SNR 9.1 dB | ch1   -0.17 (max dev 0.06)  ch2   +1.59 (max dev 0.13)  ch3   +2.53 (max dev 0.15)
[meter] 2.4000 GHz  windows 36841  with tone 9430  worst SNR 9.0 dB | ch1   +0.64 (max dev 0.06)  ch2   +0.79 (max dev 0.08)  ch3   +1.18 (max dev 0.08)
[meter] 5.2000 GHz  windows 36838  with tone 27284  worst SNR 8.6 dB | ch1   -4.16 (max dev 0.05)  ch2   -0.44 (max dev 0.09)  ch3   +0.25 (max dev 0.07)
[meter] 5.8000 GHz  windows 36843  with tone 128  worst SNR 9.1 dB | ch1   -0.17 (max dev 0.06)  ch2   +1.59 (max dev 0.13)  ch3   +2.53 (max dev 0.15)
[meter] 2.4000 GHz  windows 36843  with tone 9430  worst SNR 9.0 dB | ch1   +0.64 (max dev 0.06)  ch2   +0.79 (max dev 0.08)  ch3   +1.18 (max dev 0.08)
[meter] 2.4000 GHz  windows 36843  with tone 9430  worst SNR 9.0 dB | ch1   +0.64 (max dev 0.06)  ch2   +0.79 (max dev 0.08)  ch3   +1.18 (max dev 0.08)
[meter] 5.2000 GHz  windows 36839  with tone 27285  worst SNR 8.6 dB | ch1   -4.16 (max dev 0.05)  ch2   -0.44 (max dev 0.08)  ch3   +0.25 (max dev 0.07)
[meter] 5.2000 GHz  windows 36839  with tone 27285  worst SNR 8.6 dB | ch1   -4.16 (max dev 0.05)  ch2   -0.44 (max dev 0.08)  ch3   +0.25 (max dev 0.07)
[meter] 5.8000 GHz  windows 36844  with tone 128  worst SNR 9.1 dB | ch1   -0.17 (max dev 0.06)  ch2   +1.59 (max dev 0.13)  ch3   +2.53 (max dev 0.15)
[meter] 5.8000 GHz  windows 36844  with tone 128  worst SNR 9.1 dB | ch1   -0.17 (max dev 0.06)  ch2   +1.59 (max dev 0.13)  ch3   +2.53 (max dev 0.15)
[meter] 2.4000 GHz  windows 36924  with tone 9430  worst SNR 9.0 dB | ch1   +0.64 (max dev 0.06)  ch2   +0.79 (max dev 0.08)  ch3   +1.18 (max dev 0.08)
[meter] 5.2000 GHz  windows 36921  with tone 27367  worst SNR 8.6 dB | ch1   -4.15 (max dev 0.04)  ch2   -0.48 (max dev 0.12)  ch3   +0.22 (max dev 0.09)
[meter] 5.8000 GHz  windows 36926  with tone 128  worst SNR 9.1 dB | ch1   -0.17 (max dev 0.06)  ch2   +1.59 (max dev 0.13)  ch3   +2.53 (max dev 0.15)
[meter] 2.4000 GHz  windows 36926  with tone 9430  worst SNR 9.0 dB | ch1   +0.64 (max dev 0.06)  ch2   +0.79 (max dev 0.08)  ch3   +1.18 (max dev 0.08)
[meter] 5.2000 GHz  windows 36922  with tone 27368  worst SNR 8.6 dB | ch1   -4.15 (max dev 0.04)  ch2   -0.48 (max dev 0.12)  ch3   +0.22 (max dev 0.09)
[meter] 5.8000 GHz  windows 36927  with tone 128  worst SNR 9.1 dB | ch1   -0.17 (max dev 0.06)  ch2   +1.59 (max dev 0.13)  ch3   +2.53 (max dev 0.15)
[meter] 2.4000 GHz  windows 36926  with tone 9430  worst SNR 9.0 dB | ch1   +0.64 (max dev 0.06)  ch2   +0.79 (max dev 0.08)  ch3   +1.18 (max dev 0.08)
[meter] 5.2000 GHz  windows 36923  with tone 27369  worst SNR 8.6 dB | ch1   -4.15 (max dev 0.04)  ch2   -0.48 (max dev 0.12)  ch3   +0.22 (max dev 0.09)
[meter] 5.8000 GHz  windows 36927  with tone 128  worst SNR 9.1 dB | ch1   -0.17 (max dev 0.06)  ch2   +1.59 (max dev 0.13)  ch3   +2.53 (max dev 0.15)
[meter] 2.4000 GHz  windows 37008  with tone 9430  worst SNR 9.0 dB | ch1   +0.64 (max dev 0.06)  ch2   +0.79 (max dev 0.08)  ch3   +1.18 (max dev 0.08)
[meter] 5.2000 GHz  windows 37005  with tone 27451  worst SNR 8.6 dB | ch1   -4.15 (max dev 0.06)  ch2   -0.50 (max dev 0.11)  ch3   +0.20 (max dev 0.09)
[meter] 5.8000 GHz  windows 37009  with tone 128  worst SNR 9.1 dB | ch1   -0.17 (max dev 0.06)  ch2   +1.59 (max dev 0.13)  ch3   +2.53 (max dev 0.15)
[meter] 2.4000 GHz  windows 37009  with tone 9430  worst SNR 9.0 dB | ch1   +0.64 (max dev 0.06)  ch2   +0.79 (max dev 0.08)  ch3   +1.18 (max dev 0.08)
[meter] 5.2000 GHz  windows 37006  with tone 27452  worst SNR 8.6 dB | ch1   -4.15 (max dev 0.06)  ch2   -0.50 (max dev 0.11)  ch3   +0.20 (max dev 0.09)
[meter] 5.8000 GHz  windows 37011  with tone 128  worst SNR 9.1 dB | ch1   -0.17 (max dev 0.06)  ch2   +1.59 (max dev 0.13)  ch3   +2.53 (max dev 0.15)
[meter] 2.4000 GHz  windows 37010  with tone 9430  worst SNR 9.0 dB | ch1   +0.64 (max dev 0.06)  ch2   +0.79 (max dev 0.08)  ch3   +1.18 (max dev 0.08)
[meter] 5.2000 GHz  windows 37006  with tone 27452  worst SNR 8.6 dB | ch1   -4.15 (max dev 0.06)  ch2   -0.50 (max dev 0.11)  ch3   +0.20 (max dev 0.09)
[meter] 5.8000 GHz  windows 37011  with tone 128  worst SNR 9.1 dB | ch1   -0.17 (max dev 0.06)  ch2   +1.59 (max dev 0.13)  ch3   +2.53 (max dev 0.15)
[meter] 2.4000 GHz  windows 37091  with tone 9430  worst SNR 9.0 dB | ch1   +0.64 (max dev 0.06)  ch2   +0.79 (max dev 0.08)  ch3   +1.18 (max dev 0.08)
[meter] 5.2000 GHz  windows 37088  with tone 27534  worst SNR 8.6 dB | ch1   -4.15 (max dev 0.06)  ch2   -0.51 (max dev 0.10)  ch3   +0.19 (max dev 0.08)
[meter] 5.8000 GHz  windows 37093  with tone 128  worst SNR 9.1 dB | ch1   -0.17 (max dev 0.06)  ch2   +1.59 (max dev 0.13)  ch3   +2.53 (max dev 0.15)
[meter] 2.4000 GHz  windows 37093  with tone 9430  worst SNR 9.0 dB | ch1   +0.64 (max dev 0.06)  ch2   +0.79 (max dev 0.08)  ch3   +1.18 (max dev 0.08)
[meter] 5.2000 GHz  windows 37089  with tone 27535  worst SNR 8.6 dB | ch1   -4.15 (max dev 0.06)  ch2   -0.51 (max dev 0.10)  ch3   +0.19 (max dev 0.08)
[meter] 5.8000 GHz  windows 37094  with tone 128  worst SNR 9.1 dB | ch1   -0.17 (max dev 0.06)  ch2   +1.59 (max dev 0.13)  ch3   +2.53 (max dev 0.15)
[meter] 2.4000 GHz  windows 37093  with tone 9430  worst SNR 9.0 dB | ch1   +0.64 (max dev 0.06)  ch2   +0.79 (max dev 0.08)  ch3   +1.18 (max dev 0.08)
[meter] 5.2000 GHz  windows 37090  with tone 27536  worst SNR 8.6 dB | ch1   -4.15 (max dev 0.06)  ch2   -0.51 (max dev 0.10)  ch3   +0.19 (max dev 0.08)
[meter] 5.8000 GHz  windows 37094  with tone 128  worst SNR 9.1 dB | ch1   -0.17 (max dev 0.06)  ch2   +1.59 (max dev 0.13)  ch3   +2.53 (max dev 0.15)
[meter] 2.4000 GHz  windows 37175  with tone 9430  worst SNR 9.0 dB | ch1   +0.64 (max dev 0.06)  ch2   +0.79 (max dev 0.08)  ch3   +1.18 (max dev 0.08)
[meter] 5.2000 GHz  windows 37171  with tone 27617  worst SNR 8.6 dB | ch1   -4.15 (max dev 0.06)  ch2   -0.50 (max dev 0.10)  ch3   +0.21 (max dev 0.09)
[meter] 5.8000 GHz  windows 37176  with tone 128  worst SNR 9.1 dB | ch1   -0.17 (max dev 0.06)  ch2   +1.59 (max dev 0.13)  ch3   +2.53 (max dev 0.15)
[meter] 2.4000 GHz  windows 37176  with tone 9430  worst SNR 9.0 dB | ch1   +0.64 (max dev 0.06)  ch2   +0.79 (max dev 0.08)  ch3   +1.18 (max dev 0.08)
[meter] 5.2000 GHz  windows 37173  with tone 27619  worst SNR 8.6 dB | ch1   -4.15 (max dev 0.06)  ch2   -0.50 (max dev 0.10)  ch3   +0.21 (max dev 0.09)
[meter] 5.8000 GHz  windows 37177  with tone 128  worst SNR 9.1 dB | ch1   -0.17 (max dev 0.06)  ch2   +1.59 (max dev 0.13)  ch3   +2.53 (max dev 0.15)
[meter] 2.4000 GHz  windows 37176  with tone 9430  worst SNR 9.0 dB | ch1   +0.64 (max dev 0.06)  ch2   +0.79 (max dev 0.08)  ch3   +1.18 (max dev 0.08)
[meter] 5.2000 GHz  windows 37173  with tone 27619  worst SNR 8.6 dB | ch1   -4.15 (max dev 0.06)  ch2   -0.50 (max dev 0.10)  ch3   +0.21 (max dev 0.09)
[meter] 5.8000 GHz  windows 37178  with tone 128  worst SNR 9.1 dB | ch1   -0.17 (max dev 0.06)  ch2   +1.59 (max dev 0.13)  ch3   +2.53 (max dev 0.15)
[meter] 2.4000 GHz  windows 37258  with tone 9430  worst SNR 9.0 dB | ch1   +0.64 (max dev 0.06)  ch2   +0.79 (max dev 0.08)  ch3   +1.18 (max dev 0.08)
[meter] 5.2000 GHz  windows 37255  with tone 27701  worst SNR 8.6 dB | ch1   -4.15 (max dev 0.04)  ch2   -0.48 (max dev 0.06)  ch3   +0.22 (max dev 0.06)
[meter] 5.8000 GHz  windows 37259  with tone 128  worst SNR 9.1 dB | ch1   -0.17 (max dev 0.06)  ch2   +1.59 (max dev 0.13)  ch3   +2.53 (max dev 0.15)
[meter] 2.4000 GHz  windows 37260  with tone 9430  worst SNR 9.0 dB | ch1   +0.64 (max dev 0.06)  ch2   +0.79 (max dev 0.08)  ch3   +1.18 (max dev 0.08)
[meter] 2.4000 GHz  windows 37260  with tone 9430  worst SNR 9.0 dB | ch1   +0.64 (max dev 0.06)  ch2   +0.79 (max dev 0.08)  ch3   +1.18 (max dev 0.08)
[meter] 5.2000 GHz  windows 37256  with tone 27702  worst SNR 8.6 dB | ch1   -4.15 (max dev 0.04)  ch2   -0.48 (max dev 0.06)  ch3   +0.22 (max dev 0.06)
[meter] 5.2000 GHz  windows 37256  with tone 27702  worst SNR 8.6 dB | ch1   -4.15 (max dev 0.04)  ch2   -0.48 (max dev 0.06)  ch3   +0.22 (max dev 0.06)
[meter] 5.8000 GHz  windows 37261  with tone 128  worst SNR 9.1 dB | ch1   -0.17 (max dev 0.06)  ch2   +1.59 (max dev 0.13)  ch3   +2.53 (max dev 0.15)
[meter] 5.8000 GHz  windows 37261  with tone 128  worst SNR 9.1 dB | ch1   -0.17 (max dev 0.06)  ch2   +1.59 (max dev 0.13)  ch3   +2.53 (max dev 0.15)
[meter] 2.4000 GHz  windows 37342  with tone 9430  worst SNR 9.0 dB | ch1   +0.64 (max dev 0.06)  ch2   +0.79 (max dev 0.08)  ch3   +1.18 (max dev 0.08)
[meter] 5.2000 GHz  windows 37338  with tone 27784  worst SNR 8.6 dB | ch1   -4.15 (max dev 0.04)  ch2   -0.48 (max dev 0.08)  ch3   +0.23 (max dev 0.06)
[meter] 5.8000 GHz  windows 37343  with tone 128  worst SNR 9.1 dB | ch1   -0.17 (max dev 0.06)  ch2   +1.59 (max dev 0.13)  ch3   +2.53 (max dev 0.15)
[meter] 2.4000 GHz  windows 37343  with tone 9430  worst SNR 9.0 dB | ch1   +0.64 (max dev 0.06)  ch2   +0.79 (max dev 0.08)  ch3   +1.18 (max dev 0.08)
[meter] 5.2000 GHz  windows 37340  with tone 27786  worst SNR 8.6 dB | ch1   -4.15 (max dev 0.04)  ch2   -0.48 (max dev 0.08)  ch3   +0.23 (max dev 0.06)
[meter] 2.4000 GHz  windows 37343  with tone 9430  worst SNR 9.0 dB | ch1   +0.64 (max dev 0.06)  ch2   +0.79 (max dev 0.08)  ch3   +1.18 (max dev 0.08)
[meter] 5.8000 GHz  windows 37344  with tone 128  worst SNR 9.1 dB | ch1   -0.17 (max dev 0.06)  ch2   +1.59 (max dev 0.13)  ch3   +2.53 (max dev 0.15)
[meter] 5.2000 GHz  windows 37340  with tone 27786  worst SNR 8.6 dB | ch1   -4.15 (max dev 0.04)  ch2   -0.48 (max dev 0.08)  ch3   +0.23 (max dev 0.06)
[meter] 5.8000 GHz  windows 37344  with tone 128  worst SNR 9.1 dB | ch1   -0.17 (max dev 0.06)  ch2   +1.59 (max dev 0.13)  ch3   +2.53 (max dev 0.15)
[meter] 2.4000 GHz  windows 37425  with tone 9430  worst SNR 9.0 dB | ch1   +0.64 (max dev 0.06)  ch2   +0.79 (max dev 0.08)  ch3   +1.18 (max dev 0.08)
[meter] 5.2000 GHz  windows 37422  with tone 27868  worst SNR 8.6 dB | ch1   -4.14 (max dev 0.04)  ch2   -0.47 (max dev 0.09)  ch3   +0.24 (max dev 0.08)
[meter] 5.8000 GHz  windows 37426  with tone 128  worst SNR 9.1 dB | ch1   -0.17 (max dev 0.06)  ch2   +1.59 (max dev 0.13)  ch3   +2.53 (max dev 0.15)
[meter] 2.4000 GHz  windows 37426  with tone 9430  worst SNR 9.0 dB | ch1   +0.64 (max dev 0.06)  ch2   +0.79 (max dev 0.08)  ch3   +1.18 (max dev 0.08)
[meter] 2.4000 GHz  windows 37426  with tone 9430  worst SNR 9.0 dB | ch1   +0.64 (max dev 0.06)  ch2   +0.79 (max dev 0.08)  ch3   +1.18 (max dev 0.08)
[meter] 5.2000 GHz  windows 37423  with tone 27869  worst SNR 8.6 dB | ch1   -4.14 (max dev 0.04)  ch2   -0.47 (max dev 0.09)  ch3   +0.24 (max dev 0.08)
[meter] 5.8000 GHz  windows 37428  with tone 128  worst SNR 9.1 dB | ch1   -0.17 (max dev 0.06)  ch2   +1.59 (max dev 0.13)  ch3   +2.53 (max dev 0.15)
[meter] 5.2000 GHz  windows 37423  with tone 27869  worst SNR 8.6 dB | ch1   -4.14 (max dev 0.04)  ch2   -0.47 (max dev 0.09)  ch3   +0.24 (max dev 0.08)
[meter] 5.8000 GHz  windows 37428  with tone 128  worst SNR 9.1 dB | ch1   -0.17 (max dev 0.06)  ch2   +1.59 (max dev 0.13)  ch3   +2.53 (max dev 0.15)
[meter] 2.4000 GHz  windows 37508  with tone 9430  worst SNR 9.0 dB | ch1   +0.64 (max dev 0.06)  ch2   +0.79 (max dev 0.08)  ch3   +1.18 (max dev 0.08)
[meter] 5.2000 GHz  windows 37505  with tone 27951  worst SNR 8.6 dB | ch1   -4.14 (max dev 0.04)  ch2   -0.45 (max dev 0.07)  ch3   +0.26 (max dev 0.09)
[meter] 5.8000 GHz  windows 37509  with tone 128  worst SNR 9.1 dB | ch1   -0.17 (max dev 0.06)  ch2   +1.59 (max dev 0.13)  ch3   +2.53 (max dev 0.15)
[meter] 2.4000 GHz  windows 37510  with tone 9430  worst SNR 9.0 dB | ch1   +0.64 (max dev 0.06)  ch2   +0.79 (max dev 0.08)  ch3   +1.18 (max dev 0.08)
[meter] 2.4000 GHz  windows 37510  with tone 9430  worst SNR 9.0 dB | ch1   +0.64 (max dev 0.06)  ch2   +0.79 (max dev 0.08)  ch3   +1.18 (max dev 0.08)
[meter] 5.2000 GHz  windows 37506  with tone 27952  worst SNR 8.6 dB | ch1   -4.14 (max dev 0.04)  ch2   -0.45 (max dev 0.07)  ch3   +0.27 (max dev 0.09)
[meter] 5.8000 GHz  windows 37511  with tone 128  worst SNR 9.1 dB | ch1   -0.17 (max dev 0.06)  ch2   +1.59 (max dev 0.13)  ch3   +2.53 (max dev 0.15)[meter] 5.2000 GHz  windows 37506  with tone 27952  worst SNR 8.6 dB | ch1   -4.14 (max dev 0.04)  ch2   -0.45 (max dev 0.07)  ch3   +0.27 (max dev 0.09)

[meter] 5.8000 GHz  windows 37511  with tone 128  worst SNR 9.1 dB | ch1   -0.17 (max dev 0.06)  ch2   +1.59 (max dev 0.13)  ch3   +2.53 (max dev 0.15)
[meter] 2.4000 GHz  windows 37592  with tone 9430  worst SNR 9.0 dB | ch1   +0.64 (max dev 0.06)  ch2   +0.79 (max dev 0.08)  ch3   +1.18 (max dev 0.08)
[meter] 5.2000 GHz  windows 37588  with tone 28034  worst SNR 8.6 dB | ch1   -4.15 (max dev 0.05)  ch2   -0.42 (max dev 0.10)  ch3   +0.30 (max dev 0.09)
[meter] 5.8000 GHz  windows 37593  with tone 128  worst SNR 9.1 dB | ch1   -0.17 (max dev 0.06)  ch2   +1.59 (max dev 0.13)  ch3   +2.53 (max dev 0.15)
[meter] 2.4000 GHz  windows 37593  with tone 9430  worst SNR 9.0 dB | ch1   +0.64 (max dev 0.06)  ch2   +0.79 (max dev 0.08)  ch3   +1.18 (max dev 0.08)
[meter] 2.4000 GHz  windows 37593  with tone 9430  worst SNR 9.0 dB | ch1   +0.64 (max dev 0.06)  ch2   +0.79 (max dev 0.08)  ch3   +1.18 (max dev 0.08)
[meter] 5.2000 GHz  windows 37590  with tone 28036  worst SNR 8.6 dB | ch1   -4.15 (max dev 0.05)  ch2   -0.41 (max dev 0.10)  ch3   +0.31 (max dev 0.09)
[meter] 5.8000 GHz  windows 37595  with tone 128  worst SNR 9.1 dB | ch1   -0.17 (max dev 0.06)  ch2   +1.59 (max dev 0.13)  ch3   +2.53 (max dev 0.15)
[meter] 5.2000 GHz  windows 37590  with tone 28036  worst SNR 8.6 dB | ch1   -4.15 (max dev 0.05)  ch2   -0.41 (max dev 0.10)  ch3   +0.31 (max dev 0.09)
[meter] 5.8000 GHz  windows 37595  with tone 128  worst SNR 9.1 dB | ch1   -0.17 (max dev 0.06)  ch2   +1.59 (max dev 0.13)  ch3   +2.53 (max dev 0.15)
[meter] 2.4000 GHz  windows 37675  with tone 9430  worst SNR 9.0 dB | ch1   +0.64 (max dev 0.06)  ch2   +0.79 (max dev 0.08)  ch3   +1.18 (max dev 0.08)
[meter] 5.2000 GHz  windows 37672  with tone 28118  worst SNR 8.6 dB | ch1   -4.14 (max dev 0.04)  ch2   -0.37 (max dev 0.10)  ch3   +0.35 (max dev 0.10)
[meter] 5.8000 GHz  windows 37677  with tone 128  worst SNR 9.1 dB | ch1   -0.17 (max dev 0.06)  ch2   +1.59 (max dev 0.13)  ch3   +2.53 (max dev 0.15)
[meter] 2.4000 GHz  windows 37677  with tone 9430  worst SNR 9.0 dB | ch1   +0.64 (max dev 0.06)  ch2   +0.79 (max dev 0.08)  ch3   +1.18 (max dev 0.08)
[meter] 2.4000 GHz  windows 37677  with tone 9430  worst SNR 9.0 dB | ch1   +0.64 (max dev 0.06)  ch2   +0.79 (max dev 0.08)  ch3   +1.18 (max dev 0.08)
[meter] 5.2000 GHz  windows 37673  with tone 28119  worst SNR 8.6 dB | ch1   -4.14 (max dev 0.04)  ch2   -0.37 (max dev 0.10)  ch3   +0.35 (max dev 0.09)
[meter] 5.2000 GHz  windows 37673  with tone 28119  worst SNR 8.6 dB | ch1   -4.14 (max dev 0.04)  ch2   -0.37 (max dev 0.10)  ch3   +0.35 (max dev 0.09)
[meter] 5.8000 GHz  windows 37678  with tone 128  worst SNR 9.1 dB | ch1   -0.17 (max dev 0.06)  ch2   +1.59 (max dev 0.13)  ch3   +2.53 (max dev 0.15)
[meter] 5.8000 GHz  windows 37678  with tone 128  worst SNR 9.1 dB | ch1   -0.17 (max dev 0.06)  ch2   +1.59 (max dev 0.13)  ch3   +2.53 (max dev 0.15)
[meter] 2.4000 GHz  windows 37759  with tone 9430  worst SNR 9.0 dB | ch1   +0.64 (max dev 0.06)  ch2   +0.79 (max dev 0.08)  ch3   +1.18 (max dev 0.08)
[meter] 5.2000 GHz  windows 37755  with tone 28201  worst SNR 8.6 dB | ch1   -4.14 (max dev 0.04)  ch2   -0.33 (max dev 0.09)  ch3   +0.39 (max dev 0.09)
[meter] 5.8000 GHz  windows 37760  with tone 128  worst SNR 9.1 dB | ch1   -0.17 (max dev 0.06)  ch2   +1.59 (max dev 0.13)  ch3   +2.53 (max dev 0.15)
[meter] 2.4000 GHz  windows 37760  with tone 9430  worst SNR 9.0 dB | ch1   +0.64 (max dev 0.06)  ch2   +0.79 (max dev 0.08)  ch3   +1.18 (max dev 0.08)
[meter] 2.4000 GHz  windows 37760  with tone 9430  worst SNR 9.0 dB | ch1   +0.64 (max dev 0.06)  ch2   +0.79 (max dev 0.08)  ch3   +1.18 (max dev 0.08)
[meter] 5.2000 GHz  windows 37757  with tone 28203  worst SNR 8.6 dB | ch1   -4.14 (max dev 0.04)  ch2   -0.33 (max dev 0.09)  ch3   +0.39 (max dev 0.09)
[meter] 5.2000 GHz  windows 37757  with tone 28203  worst SNR 8.6 dB | ch1   -4.14 (max dev 0.04)  ch2   -0.33 (max dev 0.09)  ch3   +0.39 (max dev 0.09)
[meter] 5.8000 GHz  windows 37761  with tone 128  worst SNR 9.1 dB | ch1   -0.17 (max dev 0.06)  ch2   +1.59 (max dev 0.13)  ch3   +2.53 (max dev 0.15)
[meter] 5.8000 GHz  windows 37761  with tone 128  worst SNR 9.1 dB | ch1   -0.17 (max dev 0.06)  ch2   +1.59 (max dev 0.13)  ch3   +2.53 (max dev 0.15)
[meter] 2.4000 GHz  windows 37842  with tone 9430  worst SNR 9.0 dB | ch1   +0.64 (max dev 0.06)  ch2   +0.79 (max dev 0.08)  ch3   +1.18 (max dev 0.08)
[meter] 5.2000 GHz  windows 37839  with tone 28285  worst SNR 8.6 dB | ch1   -4.13 (max dev 0.04)  ch2   -0.30 (max dev 0.12)  ch3   +0.42 (max dev 0.10)
[meter] 5.8000 GHz  windows 37843  with tone 128  worst SNR 9.1 dB | ch1   -0.17 (max dev 0.06)  ch2   +1.59 (max dev 0.13)  ch3   +2.53 (max dev 0.15)
[meter] 2.4000 GHz  windows 37843  with tone 9430  worst SNR 9.0 dB | ch1   +0.64 (max dev 0.06)  ch2   +0.79 (max dev 0.08)  ch3   +1.18 (max dev 0.08)
[meter] 2.4000 GHz  windows 37843  with tone 9430  worst SNR 9.0 dB | ch1   +0.64 (max dev 0.06)  ch2   +0.79 (max dev 0.08)  ch3   +1.18 (max dev 0.08)
[meter] 5.2000 GHz  windows 37840  with tone 28286  worst SNR 8.6 dB | ch1   -4.13 (max dev 0.04)  ch2   -0.30 (max dev 0.12)  ch3   +0.42 (max dev 0.10)
[meter] 5.8000 GHz  windows 37845  with tone 128  worst SNR 9.1 dB | ch1   -0.17 (max dev 0.06)  ch2   +1.59 (max dev 0.13)  ch3   +2.53 (max dev 0.15)
[meter] 5.2000 GHz  windows 37840  with tone 28286  worst SNR 8.6 dB | ch1   -4.13 (max dev 0.04)  ch2   -0.30 (max dev 0.12)  ch3   +0.42 (max dev 0.10)
[meter] 5.8000 GHz  windows 37845  with tone 128  worst SNR 9.1 dB | ch1   -0.17 (max dev 0.06)  ch2   +1.59 (max dev 0.13)  ch3   +2.53 (max dev 0.15)
[meter] 2.4000 GHz  windows 37926  with tone 9430  worst SNR 9.0 dB | ch1   +0.64 (max dev 0.06)  ch2   +0.79 (max dev 0.08)  ch3   +1.18 (max dev 0.08)
[meter] 5.2000 GHz  windows 37922  with tone 28368  worst SNR 8.6 dB | ch1   -4.13 (max dev 0.04)  ch2   -0.28 (max dev 0.08)  ch3   +0.43 (max dev 0.07)
[meter] 5.8000 GHz  windows 37927  with tone 128  worst SNR 9.1 dB | ch1   -0.17 (max dev 0.06)  ch2   +1.59 (max dev 0.13)  ch3   +2.53 (max dev 0.15)
[meter] 2.4000 GHz  windows 37927  with tone 9430  worst SNR 9.0 dB | ch1   +0.64 (max dev 0.06)  ch2   +0.79 (max dev 0.08)  ch3   +1.18 (max dev 0.08)
[meter] 2.4000 GHz  windows 37927  with tone 9430  worst SNR 9.0 dB | ch1   +0.64 (max dev 0.06)  ch2   +0.79 (max dev 0.08)  ch3   +1.18 (max dev 0.08)
[meter] 5.2000 GHz  windows 37923  with tone 28369  worst SNR 8.6 dB | ch1   -4.13 (max dev 0.04)  ch2   -0.28 (max dev 0.08)  ch3   +0.43 (max dev 0.07)[meter] 5.2000 GHz  windows 37923  with tone 28369  worst SNR 8.6 dB | ch1   -4.13 (max dev 0.04)  ch2   -0.28 (max dev 0.08)  ch3   +0.43 (max dev 0.07)

[meter] 5.8000 GHz  windows 37928  with tone 128  worst SNR 9.1 dB | ch1   -0.17 (max dev 0.06)  ch2   +1.59 (max dev 0.13)  ch3   +2.53 (max dev 0.15)
[meter] 5.8000 GHz  windows 37928  with tone 128  worst SNR 9.1 dB | ch1   -0.17 (max dev 0.06)  ch2   +1.59 (max dev 0.13)  ch3   +2.53 (max dev 0.15)
[meter] 2.4000 GHz  windows 38009  with tone 9430  worst SNR 9.0 dB | ch1   +0.64 (max dev 0.06)  ch2   +0.79 (max dev 0.08)  ch3   +1.18 (max dev 0.08)
[meter] 5.2000 GHz  windows 38006  with tone 28452  worst SNR 8.6 dB | ch1   -4.13 (max dev 0.05)  ch2   -0.29 (max dev 0.06)  ch3   +0.42 (max dev 0.06)
[meter] 5.8000 GHz  windows 38010  with tone 128  worst SNR 9.1 dB | ch1   -0.17 (max dev 0.06)  ch2   +1.59 (max dev 0.13)  ch3   +2.53 (max dev 0.15)
[meter] 2.4000 GHz  windows 38010  with tone 9430  worst SNR 9.0 dB | ch1   +0.64 (max dev 0.06)  ch2   +0.79 (max dev 0.08)  ch3   +1.18 (max dev 0.08)
[meter] 2.4000 GHz  windows 38010  with tone 9430  worst SNR 9.0 dB | ch1   +0.64 (max dev 0.06)  ch2   +0.79 (max dev 0.08)  ch3   +1.18 (max dev 0.08)
[meter] 5.2000 GHz  windows 38007  with tone 28453  worst SNR 8.6 dB | ch1   -4.13 (max dev 0.05)  ch2   -0.29 (max dev 0.06)  ch3   +0.42 (max dev 0.06)
[meter] 5.8000 GHz  windows 38011  with tone 128  worst SNR 9.1 dB | ch1   -0.17 (max dev 0.06)  ch2   +1.59 (max dev 0.13)  ch3   +2.53 (max dev 0.15)
[meter] 5.2000 GHz  windows 38007  with tone 28453  worst SNR 8.6 dB | ch1   -4.13 (max dev 0.05)  ch2   -0.29 (max dev 0.06)  ch3   +0.42 (max dev 0.06)
[meter] 5.8000 GHz  windows 38011  with tone 128  worst SNR 9.1 dB | ch1   -0.17 (max dev 0.06)  ch2   +1.59 (max dev 0.13)  ch3   +2.53 (max dev 0.15)
[meter] 2.4000 GHz  windows 38092  with tone 9430  worst SNR 9.0 dB | ch1   +0.64 (max dev 0.06)  ch2   +0.79 (max dev 0.08)  ch3   +1.18 (max dev 0.08)
[meter] 5.2000 GHz  windows 38089  with tone 28535  worst SNR 8.6 dB | ch1   -4.13 (max dev 0.04)  ch2   -0.31 (max dev 0.05)  ch3   +0.40 (max dev 0.06)
[meter] 5.8000 GHz  windows 38093  with tone 128  worst SNR 9.1 dB | ch1   -0.17 (max dev 0.06)  ch2   +1.59 (max dev 0.13)  ch3   +2.53 (max dev 0.15)
[meter] 2.4000 GHz  windows 38094  with tone 9430  worst SNR 9.0 dB | ch1   +0.64 (max dev 0.06)  ch2   +0.79 (max dev 0.08)  ch3   +1.18 (max dev 0.08)
[meter] 2.4000 GHz  windows 38094  with tone 9430  worst SNR 9.0 dB | ch1   +0.64 (max dev 0.06)  ch2   +0.79 (max dev 0.08)  ch3   +1.18 (max dev 0.08)
[meter] 5.2000 GHz  windows 38090  with tone 28536  worst SNR 8.6 dB | ch1   -4.13 (max dev 0.04)  ch2   -0.31 (max dev 0.05)  ch3   +0.40 (max dev 0.06)
[meter] 5.2000 GHz  windows 38090  with tone 28536  worst SNR 8.6 dB | ch1   -4.13 (max dev 0.04)  ch2   -0.31 (max dev 0.05)  ch3   +0.40 (max dev 0.06)
[meter] 5.8000 GHz  windows 38095  with tone 128  worst SNR 9.1 dB | ch1   -0.17 (max dev 0.06)  ch2   +1.59 (max dev 0.13)  ch3   +2.53 (max dev 0.15)
[meter] 5.8000 GHz  windows 38095  with tone 128  worst SNR 9.1 dB | ch1   -0.17 (max dev 0.06)  ch2   +1.59 (max dev 0.13)  ch3   +2.53 (max dev 0.15)
[meter] 2.4000 GHz  windows 38176  with tone 9430  worst SNR 9.0 dB | ch1   +0.64 (max dev 0.06)  ch2   +0.79 (max dev 0.08)  ch3   +1.18 (max dev 0.08)
[meter] 5.2000 GHz  windows 38173  with tone 28619  worst SNR 8.6 dB | ch1   -4.13 (max dev 0.06)  ch2   -0.32 (max dev 0.06)  ch3   +0.39 (max dev 0.06)
[meter] 5.8000 GHz  windows 38177  with tone 128  worst SNR 9.1 dB | ch1   -0.17 (max dev 0.06)  ch2   +1.59 (max dev 0.13)  ch3   +2.53 (max dev 0.15)
[meter] 2.4000 GHz  windows 38177  with tone 9430  worst SNR 9.0 dB | ch1   +0.64 (max dev 0.06)  ch2   +0.79 (max dev 0.08)  ch3   +1.18 (max dev 0.08)
[meter] 5.2000 GHz  windows 38174  with tone 28620  worst SNR 8.6 dB | ch1   -4.13 (max dev 0.06)  ch2   -0.32 (max dev 0.06)  ch3   +0.39 (max dev 0.06)
[meter] 5.8000 GHz  windows 38178  with tone 128  worst SNR 9.1 dB | ch1   -0.17 (max dev 0.06)  ch2   +1.59 (max dev 0.13)  ch3   +2.53 (max dev 0.15)
[meter] 2.4000 GHz  windows 38177  with tone 9430  worst SNR 9.0 dB | ch1   +0.64 (max dev 0.06)  ch2   +0.79 (max dev 0.08)  ch3   +1.18 (max dev 0.08)
[meter] 5.2000 GHz  windows 38174  with tone 28620  worst SNR 8.6 dB | ch1   -4.13 (max dev 0.06)  ch2   -0.32 (max dev 0.06)  ch3   +0.39 (max dev 0.06)
[meter] 5.8000 GHz  windows 38178  with tone 128  worst SNR 9.1 dB | ch1   -0.17 (max dev 0.06)  ch2   +1.59 (max dev 0.13)  ch3   +2.53 (max dev 0.15)
[meter] 2.4000 GHz  windows 38259  with tone 9430  worst SNR 9.0 dB | ch1   +0.64 (max dev 0.06)  ch2   +0.79 (max dev 0.08)  ch3   +1.18 (max dev 0.08)
[meter] 5.2000 GHz  windows 38256  with tone 28702  worst SNR 8.6 dB | ch1   -4.13 (max dev 0.05)  ch2   -0.34 (max dev 0.06)  ch3   +0.38 (max dev 0.06)
[meter] 5.8000 GHz  windows 38260  with tone 128  worst SNR 9.1 dB | ch1   -0.17 (max dev 0.06)  ch2   +1.59 (max dev 0.13)  ch3   +2.53 (max dev 0.15)
[meter] 2.4000 GHz  windows 38260  with tone 9430  worst SNR 9.0 dB | ch1   +0.64 (max dev 0.06)  ch2   +0.79 (max dev 0.08)  ch3   +1.18 (max dev 0.08)
[meter] 5.2000 GHz  windows 38256  with tone 28702  worst SNR 8.6 dB | ch1   -4.13 (max dev 0.05)  ch2   -0.34 (max dev 0.06)  ch3   +0.38 (max dev 0.06)
[meter] 5.8000 GHz  windows 38261  with tone 128  worst SNR 9.1 dB | ch1   -0.17 (max dev 0.06)  ch2   +1.59 (max dev 0.13)  ch3   +2.53 (max dev 0.15)
[meter] 2.4000 GHz  windows 38260  with tone 9430  worst SNR 9.0 dB | ch1   +0.64 (max dev 0.06)  ch2   +0.79 (max dev 0.08)  ch3   +1.18 (max dev 0.08)
[meter] 5.2000 GHz  windows 38257  with tone 28703  worst SNR 8.6 dB | ch1   -4.13 (max dev 0.05)  ch2   -0.34 (max dev 0.06)  ch3   +0.38 (max dev 0.06)
[meter] 5.8000 GHz  windows 38261  with tone 128  worst SNR 9.1 dB | ch1   -0.17 (max dev 0.06)  ch2   +1.59 (max dev 0.13)  ch3   +2.53 (max dev 0.15)
[meter] 2.4000 GHz  windows 38343  with tone 9430  worst SNR 9.0 dB | ch1   +0.64 (max dev 0.06)  ch2   +0.79 (max dev 0.08)  ch3   +1.18 (max dev 0.08)
[meter] 5.2000 GHz  windows 38339  with tone 28785  worst SNR 8.6 dB | ch1   -4.12 (max dev 0.05)  ch2   -0.34 (max dev 0.06)  ch3   +0.39 (max dev 0.06)
[meter] 5.8000 GHz  windows 38344  with tone 128  worst SNR 9.1 dB | ch1   -0.17 (max dev 0.06)  ch2   +1.59 (max dev 0.13)  ch3   +2.53 (max dev 0.15)
[meter] 2.4000 GHz  windows 38344  with tone 9430  worst SNR 9.0 dB | ch1   +0.64 (max dev 0.06)  ch2   +0.79 (max dev 0.08)  ch3   +1.18 (max dev 0.08)
[meter] 5.2000 GHz  windows 38340  with tone 28786  worst SNR 8.6 dB | ch1   -4.12 (max dev 0.05)  ch2   -0.34 (max dev 0.06)  ch3   +0.39 (max dev 0.06)
[meter] 5.8000 GHz  windows 38345  with tone 128  worst SNR 9.1 dB | ch1   -0.17 (max dev 0.06)  ch2   +1.59 (max dev 0.13)  ch3   +2.53 (max dev 0.15)
[meter] 2.4000 GHz  windows 38344  with tone 9430  worst SNR 9.0 dB | ch1   +0.64 (max dev 0.06)  ch2   +0.79 (max dev 0.08)  ch3   +1.18 (max dev 0.08)
[meter] 5.2000 GHz  windows 38341  with tone 28787  worst SNR 8.6 dB | ch1   -4.12 (max dev 0.05)  ch2   -0.34 (max dev 0.06)  ch3   +0.39 (max dev 0.06)
[meter] 5.8000 GHz  windows 38345  with tone 128  worst SNR 9.1 dB | ch1   -0.17 (max dev 0.06)  ch2   +1.59 (max dev 0.13)  ch3   +2.53 (max dev 0.15)
[meter] 2.4000 GHz  windows 38426  with tone 9430  worst SNR 9.0 dB | ch1   +0.64 (max dev 0.06)  ch2   +0.79 (max dev 0.08)  ch3   +1.18 (max dev 0.08)
[meter] 5.2000 GHz  windows 38423  with tone 28869  worst SNR 8.6 dB | ch1   -4.12 (max dev 0.05)  ch2   -0.35 (max dev 0.05)  ch3   +0.39 (max dev 0.06)
[meter] 5.8000 GHz  windows 38427  with tone 128  worst SNR 9.1 dB | ch1   -0.17 (max dev 0.06)  ch2   +1.59 (max dev 0.13)  ch3   +2.53 (max dev 0.15)
[meter] 2.4000 GHz  windows 38427  with tone 9430  worst SNR 9.0 dB | ch1   +0.64 (max dev 0.06)  ch2   +0.79 (max dev 0.08)  ch3   +1.18 (max dev 0.08)
[meter] 5.2000 GHz  windows 38424  with tone 28870  worst SNR 8.6 dB | ch1   -4.12 (max dev 0.05)  ch2   -0.35 (max dev 0.05)  ch3   +0.39 (max dev 0.06)
[meter] 5.8000 GHz  windows 38428  with tone 128  worst SNR 9.1 dB | ch1   -0.17 (max dev 0.06)  ch2   +1.59 (max dev 0.13)  ch3   +2.53 (max dev 0.15)
[meter] 2.4000 GHz  windows 38428  with tone 9430  worst SNR 9.0 dB | ch1   +0.64 (max dev 0.06)  ch2   +0.79 (max dev 0.08)  ch3   +1.18 (max dev 0.08)
[meter] 5.2000 GHz  windows 38424  with tone 28870  worst SNR 8.6 dB | ch1   -4.12 (max dev 0.05)  ch2   -0.35 (max dev 0.05)  ch3   +0.39 (max dev 0.06)
[meter] 5.8000 GHz  windows 38429  with tone 128  worst SNR 9.1 dB | ch1   -0.17 (max dev 0.06)  ch2   +1.59 (max dev 0.13)  ch3   +2.53 (max dev 0.15)
[meter] 2.4000 GHz  windows 38509  with tone 9430  worst SNR 9.0 dB | ch1   +0.64 (max dev 0.06)  ch2   +0.79 (max dev 0.08)  ch3   +1.18 (max dev 0.08)
[meter] 5.2000 GHz  windows 38506  with tone 28952  worst SNR 8.6 dB | ch1   -4.12 (max dev 0.05)  ch2   -0.36 (max dev 0.06)  ch3   +0.38 (max dev 0.06)
[meter] 5.8000 GHz  windows 38511  with tone 128  worst SNR 9.1 dB | ch1   -0.17 (max dev 0.06)  ch2   +1.59 (max dev 0.13)  ch3   +2.53 (max dev 0.15)
[meter] 2.4000 GHz  windows 38510  with tone 9430  worst SNR 9.0 dB | ch1   +0.64 (max dev 0.06)  ch2   +0.79 (max dev 0.08)  ch3   +1.18 (max dev 0.08)
[meter] 5.2000 GHz  windows 38507  with tone 28953  worst SNR 8.6 dB | ch1   -4.12 (max dev 0.05)  ch2   -0.36 (max dev 0.06)  ch3   +0.38 (max dev 0.06)
[meter] 5.8000 GHz  windows 38512  with tone 128  worst SNR 9.1 dB | ch1   -0.17 (max dev 0.06)  ch2   +1.59 (max dev 0.13)  ch3   +2.53 (max dev 0.15)
[meter] 2.4000 GHz  windows 38511  with tone 9430  worst SNR 9.0 dB | ch1   +0.64 (max dev 0.06)  ch2   +0.79 (max dev 0.08)  ch3   +1.18 (max dev 0.08)
[meter] 5.2000 GHz  windows 38508  with tone 28954  worst SNR 8.6 dB | ch1   -4.12 (max dev 0.05)  ch2   -0.36 (max dev 0.06)  ch3   +0.38 (max dev 0.08)
[meter] 5.8000 GHz  windows 38512  with tone 128  worst SNR 9.1 dB | ch1   -0.17 (max dev 0.06)  ch2   +1.59 (max dev 0.13)  ch3   +2.53 (max dev 0.15)
[meter] 2.4000 GHz  windows 38593  with tone 9430  worst SNR 9.0 dB | ch1   +0.64 (max dev 0.06)  ch2   +0.79 (max dev 0.08)  ch3   +1.18 (max dev 0.08)
[meter] 5.2000 GHz  windows 38589  with tone 29035  worst SNR 8.6 dB | ch1   -4.12 (max dev 0.05)  ch2   -0.38 (max dev 0.06)  ch3   +0.36 (max dev 0.07)
[meter] 5.8000 GHz  windows 38594  with tone 128  worst SNR 9.1 dB | ch1   -0.17 (max dev 0.06)  ch2   +1.59 (max dev 0.13)  ch3   +2.53 (max dev 0.15)
[meter] 2.4000 GHz  windows 38594  with tone 9430  worst SNR 9.0 dB | ch1   +0.64 (max dev 0.06)  ch2   +0.79 (max dev 0.08)  ch3   +1.18 (max dev 0.08)
[meter] 5.2000 GHz  windows 38590  with tone 29036  worst SNR 8.6 dB | ch1   -4.12 (max dev 0.05)  ch2   -0.38 (max dev 0.06)  ch3   +0.36 (max dev 0.07)
[meter] 5.8000 GHz  windows 38595  with tone 128  worst SNR 9.1 dB | ch1   -0.17 (max dev 0.06)  ch2   +1.59 (max dev 0.13)  ch3   +2.53 (max dev 0.15)
[meter] 2.4000 GHz  windows 38595  with tone 9430  worst SNR 9.0 dB | ch1   +0.64 (max dev 0.06)  ch2   +0.79 (max dev 0.08)  ch3   +1.18 (max dev 0.08)
[meter] 5.2000 GHz  windows 38591  with tone 29037  worst SNR 8.6 dB | ch1   -4.12 (max dev 0.05)  ch2   -0.38 (max dev 0.06)  ch3   +0.36 (max dev 0.07)
[meter] 5.8000 GHz  windows 38596  with tone 128  worst SNR 9.1 dB | ch1   -0.17 (max dev 0.06)  ch2   +1.59 (max dev 0.13)  ch3   +2.53 (max dev 0.15)
[meter] 2.4000 GHz  windows 38676  with tone 9430  worst SNR 9.0 dB | ch1   +0.64 (max dev 0.06)  ch2   +0.79 (max dev 0.08)  ch3   +1.18 (max dev 0.08)
[meter] 5.2000 GHz  windows 38673  with tone 29119  worst SNR 8.6 dB | ch1   -4.12 (max dev 0.04)  ch2   -0.40 (max dev 0.08)  ch3   +0.34 (max dev 0.08)
[meter] 5.8000 GHz  windows 38677  with tone 128  worst SNR 9.1 dB | ch1   -0.17 (max dev 0.06)  ch2   +1.59 (max dev 0.13)  ch3   +2.53 (max dev 0.15)
[meter] 2.4000 GHz  windows 38677  with tone 9430  worst SNR 9.0 dB | ch1   +0.64 (max dev 0.06)  ch2   +0.79 (max dev 0.08)  ch3   +1.18 (max dev 0.08)
[meter] 5.2000 GHz  windows 38674  with tone 29120  worst SNR 8.6 dB | ch1   -4.12 (max dev 0.04)  ch2   -0.41 (max dev 0.08)  ch3   +0.34 (max dev 0.08)
[meter] 5.8000 GHz  windows 38678  with tone 128  worst SNR 9.1 dB | ch1   -0.17 (max dev 0.06)  ch2   +1.59 (max dev 0.13)  ch3   +2.53 (max dev 0.15)
[meter] 2.4000 GHz  windows 38678  with tone 9430  worst SNR 9.0 dB | ch1   +0.64 (max dev 0.06)  ch2   +0.79 (max dev 0.08)  ch3   +1.18 (max dev 0.08)
[meter] 5.2000 GHz  windows 38675  with tone 29121  worst SNR 8.6 dB | ch1   -4.12 (max dev 0.04)  ch2   -0.41 (max dev 0.08)  ch3   +0.33 (max dev 0.08)
[meter] 5.8000 GHz  windows 38679  with tone 128  worst SNR 9.1 dB | ch1   -0.17 (max dev 0.06)  ch2   +1.59 (max dev 0.13)  ch3   +2.53 (max dev 0.15)
[meter] 2.4000 GHz  windows 38760  with tone 9430  worst SNR 9.0 dB | ch1   +0.64 (max dev 0.06)  ch2   +0.79 (max dev 0.08)  ch3   +1.18 (max dev 0.08)
[meter] 5.2000 GHz  windows 38756  with tone 29202  worst SNR 8.6 dB | ch1   -4.11 (max dev 0.04)  ch2   -0.44 (max dev 0.07)  ch3   +0.30 (max dev 0.08)
[meter] 5.8000 GHz  windows 38761  with tone 128  worst SNR 9.1 dB | ch1   -0.17 (max dev 0.06)  ch2   +1.59 (max dev 0.13)  ch3   +2.53 (max dev 0.15)
[meter] 2.4000 GHz  windows 38760  with tone 9430  worst SNR 9.0 dB | ch1   +0.64 (max dev 0.06)  ch2   +0.79 (max dev 0.08)  ch3   +1.18 (max dev 0.08)
[meter] 5.2000 GHz  windows 38757  with tone 29203  worst SNR 8.6 dB | ch1   -4.11 (max dev 0.04)  ch2   -0.44 (max dev 0.07)  ch3   +0.30 (max dev 0.08)
[meter] 5.8000 GHz  windows 38762  with tone 128  worst SNR 9.1 dB | ch1   -0.17 (max dev 0.06)  ch2   +1.59 (max dev 0.13)  ch3   +2.53 (max dev 0.15)
[meter] 2.4000 GHz  windows 38761  with tone 9430  worst SNR 9.0 dB | ch1   +0.64 (max dev 0.06)  ch2   +0.79 (max dev 0.08)  ch3   +1.18 (max dev 0.08)
[meter] 5.2000 GHz  windows 38758  with tone 29204  worst SNR 8.6 dB | ch1   -4.11 (max dev 0.04)  ch2   -0.44 (max dev 0.07)  ch3   +0.30 (max dev 0.08)
[meter] 5.8000 GHz  windows 38763  with tone 128  worst SNR 9.1 dB | ch1   -0.17 (max dev 0.06)  ch2   +1.59 (max dev 0.13)  ch3   +2.53 (max dev 0.15)
[meter] 2.4000 GHz  windows 38843  with tone 9430  worst SNR 9.0 dB | ch1   +0.64 (max dev 0.06)  ch2   +0.79 (max dev 0.08)  ch3   +1.18 (max dev 0.08)
[meter] 5.2000 GHz  windows 38840  with tone 29286  worst SNR 8.6 dB | ch1   -4.11 (max dev 0.04)  ch2   -0.48 (max dev 0.08)  ch3   +0.26 (max dev 0.09)
[meter] 5.8000 GHz  windows 38844  with tone 128  worst SNR 9.1 dB | ch1   -0.17 (max dev 0.06)  ch2   +1.59 (max dev 0.13)  ch3   +2.53 (max dev 0.15)
[meter] 2.4000 GHz  windows 38844  with tone 9430  worst SNR 9.0 dB | ch1   +0.64 (max dev 0.06)  ch2   +0.79 (max dev 0.08)  ch3   +1.18 (max dev 0.08)
[meter] 5.2000 GHz  windows 38841  with tone 29287  worst SNR 8.6 dB | ch1   -4.11 (max dev 0.04)  ch2   -0.48 (max dev 0.08)  ch3   +0.26 (max dev 0.09)
[meter] 5.8000 GHz  windows 38845  with tone 128  worst SNR 9.1 dB | ch1   -0.17 (max dev 0.06)  ch2   +1.59 (max dev 0.13)  ch3   +2.53 (max dev 0.15)
[meter] 2.4000 GHz  windows 38845  with tone 9430  worst SNR 9.0 dB | ch1   +0.64 (max dev 0.06)  ch2   +0.79 (max dev 0.08)  ch3   +1.18 (max dev 0.08)
[meter] 5.2000 GHz  windows 38842  with tone 29288  worst SNR 8.6 dB | ch1   -4.11 (max dev 0.04)  ch2   -0.48 (max dev 0.08)  ch3   +0.26 (max dev 0.09)
[meter] 5.8000 GHz  windows 38846  with tone 128  worst SNR 9.1 dB | ch1   -0.17 (max dev 0.06)  ch2   +1.59 (max dev 0.13)  ch3   +2.53 (max dev 0.15)
[meter] 2.4000 GHz  windows 38927  with tone 9430  worst SNR 9.0 dB | ch1   +0.64 (max dev 0.06)  ch2   +0.79 (max dev 0.08)  ch3   +1.18 (max dev 0.08)
[meter] 5.2000 GHz  windows 38923  with tone 29369  worst SNR 8.6 dB | ch1   -4.11 (max dev 0.04)  ch2   -0.49 (max dev 0.06)  ch3   +0.25 (max dev 0.07)
[meter] 5.8000 GHz  windows 38928  with tone 128  worst SNR 9.1 dB | ch1   -0.17 (max dev 0.06)  ch2   +1.59 (max dev 0.13)  ch3   +2.53 (max dev 0.15)
[meter] 2.4000 GHz  windows 38928  with tone 9430  worst SNR 9.0 dB | ch1   +0.64 (max dev 0.06)  ch2   +0.79 (max dev 0.08)  ch3   +1.18 (max dev 0.08)
[meter] 5.2000 GHz  windows 38924  with tone 29370  worst SNR 8.6 dB | ch1   -4.11 (max dev 0.04)  ch2   -0.49 (max dev 0.06)  ch3   +0.25 (max dev 0.07)
[meter] 5.8000 GHz  windows 38929  with tone 128  worst SNR 9.1 dB | ch1   -0.17 (max dev 0.06)  ch2   +1.59 (max dev 0.13)  ch3   +2.53 (max dev 0.15)
[meter] 2.4000 GHz  windows 38928  with tone 9430  worst SNR 9.0 dB | ch1   +0.64 (max dev 0.06)  ch2   +0.79 (max dev 0.08)  ch3   +1.18 (max dev 0.08)
[meter] 5.2000 GHz  windows 38925  with tone 29371  worst SNR 8.6 dB | ch1   -4.11 (max dev 0.04)  ch2   -0.49 (max dev 0.06)  ch3   +0.25 (max dev 0.07)
[meter] 5.8000 GHz  windows 38929  with tone 128  worst SNR 9.1 dB | ch1   -0.17 (max dev 0.06)  ch2   +1.59 (max dev 0.13)  ch3   +2.53 (max dev 0.15)
[meter] 2.4000 GHz  windows 39010  with tone 9430  worst SNR 9.0 dB | ch1   +0.64 (max dev 0.06)  ch2   +0.79 (max dev 0.08)  ch3   +1.18 (max dev 0.08)
[meter] 5.2000 GHz  windows 39007  with tone 29453  worst SNR 8.6 dB | ch1   -4.12 (max dev 0.04)  ch2   -0.49 (max dev 0.06)  ch3   +0.24 (max dev 0.08)
[meter] 5.8000 GHz  windows 39011  with tone 128  worst SNR 9.1 dB | ch1   -0.17 (max dev 0.06)  ch2   +1.59 (max dev 0.13)  ch3   +2.53 (max dev 0.15)
[meter] 2.4000 GHz  windows 39011  with tone 9430  worst SNR 9.0 dB | ch1   +0.64 (max dev 0.06)  ch2   +0.79 (max dev 0.08)  ch3   +1.18 (max dev 0.08)
[meter] 5.2000 GHz  windows 39008  with tone 29454  worst SNR 8.6 dB | ch1   -4.12 (max dev 0.04)  ch2   -0.49 (max dev 0.06)  ch3   +0.24 (max dev 0.08)
[meter] 5.8000 GHz  windows 39012  with tone 128  worst SNR 9.1 dB | ch1   -0.17 (max dev 0.06)  ch2   +1.59 (max dev 0.13)  ch3   +2.53 (max dev 0.15)
[meter] 2.4000 GHz  windows 39011  with tone 9430  worst SNR 9.0 dB | ch1   +0.64 (max dev 0.06)  ch2   +0.79 (max dev 0.08)  ch3   +1.18 (max dev 0.08)
[meter] 5.2000 GHz  windows 39008  with tone 29454  worst SNR 8.6 dB | ch1   -4.12 (max dev 0.04)  ch2   -0.49 (max dev 0.06)  ch3   +0.24 (max dev 0.08)
[meter] 5.8000 GHz  windows 39013  with tone 128  worst SNR 9.1 dB | ch1   -0.17 (max dev 0.06)  ch2   +1.59 (max dev 0.13)  ch3   +2.53 (max dev 0.15)
[meter] 2.4000 GHz  windows 39094  with tone 9430  worst SNR 9.0 dB | ch1   +0.64 (max dev 0.06)  ch2   +0.79 (max dev 0.08)  ch3   +1.18 (max dev 0.08)
[meter] 5.2000 GHz  windows 39090  with tone 29536  worst SNR 8.6 dB | ch1   -4.11 (max dev 0.04)  ch2   -0.50 (max dev 0.06)  ch3   +0.24 (max dev 0.08)
[meter] 5.8000 GHz  windows 39095  with tone 128  worst SNR 9.1 dB | ch1   -0.17 (max dev 0.06)  ch2   +1.59 (max dev 0.13)  ch3   +2.53 (max dev 0.15)
[meter] 2.4000 GHz  windows 39095  with tone 9430  worst SNR 9.0 dB | ch1   +0.64 (max dev 0.06)  ch2   +0.79 (max dev 0.08)  ch3   +1.18 (max dev 0.08)
[meter] 5.2000 GHz  windows 39091  with tone 29537  worst SNR 8.6 dB | ch1   -4.11 (max dev 0.04)  ch2   -0.50 (max dev 0.06)  ch3   +0.24 (max dev 0.08)
[meter] 5.8000 GHz  windows 39096  with tone 128  worst SNR 9.1 dB | ch1   -0.17 (max dev 0.06)  ch2   +1.59 (max dev 0.13)  ch3   +2.53 (max dev 0.15)
[meter] 2.4000 GHz  windows 39095  with tone 9430  worst SNR 9.0 dB | ch1   +0.64 (max dev 0.06)  ch2   +0.79 (max dev 0.08)  ch3   +1.18 (max dev 0.08)
[meter] 5.2000 GHz  windows 39092  with tone 29538  worst SNR 8.6 dB | ch1   -4.11 (max dev 0.04)  ch2   -0.50 (max dev 0.06)  ch3   +0.24 (max dev 0.07)
[meter] 5.8000 GHz  windows 39096  with tone 128  worst SNR 9.1 dB | ch1   -0.17 (max dev 0.06)  ch2   +1.59 (max dev 0.13)  ch3   +2.53 (max dev 0.15)
[meter] 2.4000 GHz  windows 39177  with tone 9430  worst SNR 9.0 dB | ch1   +0.64 (max dev 0.06)  ch2   +0.79 (max dev 0.08)  ch3   +1.18 (max dev 0.08)
[meter] 5.2000 GHz  windows 39174  with tone 29620  worst SNR 8.6 dB | ch1   -4.12 (max dev 0.05)  ch2   -0.51 (max dev 0.05)  ch3   +0.23 (max dev 0.07)
[meter] 5.8000 GHz  windows 39178  with tone 128  worst SNR 9.1 dB | ch1   -0.17 (max dev 0.06)  ch2   +1.59 (max dev 0.13)  ch3   +2.53 (max dev 0.15)
[meter] 2.4000 GHz  windows 39178  with tone 9430  worst SNR 9.0 dB | ch1   +0.64 (max dev 0.06)  ch2   +0.79 (max dev 0.08)  ch3   +1.18 (max dev 0.08)
[meter] 5.2000 GHz  windows 39175  with tone 29621  worst SNR 8.6 dB | ch1   -4.12 (max dev 0.05)  ch2   -0.51 (max dev 0.05)  ch3   +0.23 (max dev 0.07)
[meter] 5.8000 GHz  windows 39179  with tone 128  worst SNR 9.1 dB | ch1   -0.17 (max dev 0.06)  ch2   +1.59 (max dev 0.13)  ch3   +2.53 (max dev 0.15)
[meter] 2.4000 GHz  windows 39179  with tone 9430  worst SNR 9.0 dB | ch1   +0.64 (max dev 0.06)  ch2   +0.79 (max dev 0.08)  ch3   +1.18 (max dev 0.08)
[meter] 5.2000 GHz  windows 39175  with tone 29621  worst SNR 8.6 dB | ch1   -4.12 (max dev 0.05)  ch2   -0.51 (max dev 0.05)  ch3   +0.23 (max dev 0.07)
[meter] 5.8000 GHz  windows 39180  with tone 128  worst SNR 9.1 dB | ch1   -0.17 (max dev 0.06)  ch2   +1.59 (max dev 0.13)  ch3   +2.53 (max dev 0.15)
[meter] 2.4000 GHz  windows 39260  with tone 9430  worst SNR 9.0 dB | ch1   +0.64 (max dev 0.06)  ch2   +0.79 (max dev 0.08)  ch3   +1.18 (max dev 0.08)
[meter] 5.2000 GHz  windows 39257  with tone 29703  worst SNR 8.6 dB | ch1   -4.13 (max dev 0.04)  ch2   -0.50 (max dev 0.06)  ch3   +0.24 (max dev 0.06)
[meter] 5.8000 GHz  windows 39262  with tone 128  worst SNR 9.1 dB | ch1   -0.17 (max dev 0.06)  ch2   +1.59 (max dev 0.13)  ch3   +2.53 (max dev 0.15)
[meter] 2.4000 GHz  windows 39261  with tone 9430  worst SNR 9.0 dB | ch1   +0.64 (max dev 0.06)  ch2   +0.79 (max dev 0.08)  ch3   +1.18 (max dev 0.08)
[meter] 5.2000 GHz  windows 39258  with tone 29704  worst SNR 8.6 dB | ch1   -4.13 (max dev 0.04)  ch2   -0.50 (max dev 0.05)  ch3   +0.24 (max dev 0.06)
[meter] 5.8000 GHz  windows 39263  with tone 128  worst SNR 9.1 dB | ch1   -0.17 (max dev 0.06)  ch2   +1.59 (max dev 0.13)  ch3   +2.53 (max dev 0.15)
[meter] 2.4000 GHz  windows 39262  with tone 9430  worst SNR 9.0 dB | ch1   +0.64 (max dev 0.06)  ch2   +0.79 (max dev 0.08)  ch3   +1.18 (max dev 0.08)
[meter] 5.2000 GHz  windows 39259  with tone 29705  worst SNR 8.6 dB | ch1   -4.13 (max dev 0.04)  ch2   -0.49 (max dev 0.06)  ch3   +0.25 (max dev 0.06)
[meter] 5.8000 GHz  windows 39263  with tone 128  worst SNR 9.1 dB | ch1   -0.17 (max dev 0.06)  ch2   +1.59 (max dev 0.13)  ch3   +2.53 (max dev 0.15)
[meter] 2.4000 GHz  windows 39344  with tone 9430  worst SNR 9.0 dB | ch1   +0.64 (max dev 0.06)  ch2   +0.79 (max dev 0.08)  ch3   +1.18 (max dev 0.08)
[meter] 5.2000 GHz  windows 39340  with tone 29786  worst SNR 8.6 dB | ch1   -4.13 (max dev 0.05)  ch2   -0.47 (max dev 0.07)  ch3   +0.26 (max dev 0.06)
[meter] 5.8000 GHz  windows 39345  with tone 128  worst SNR 9.1 dB | ch1   -0.17 (max dev 0.06)  ch2   +1.59 (max dev 0.13)  ch3   +2.53 (max dev 0.15)
[meter] 2.4000 GHz  windows 39345  with tone 9430  worst SNR 9.0 dB | ch1   +0.64 (max dev 0.06)  ch2   +0.79 (max dev 0.08)  ch3   +1.18 (max dev 0.08)
[meter] 5.2000 GHz  windows 39342  with tone 29788  worst SNR 8.6 dB | ch1   -4.13 (max dev 0.05)  ch2   -0.47 (max dev 0.07)  ch3   +0.26 (max dev 0.06)
[meter] 5.8000 GHz  windows 39346  with tone 128  worst SNR 9.1 dB | ch1   -0.17 (max dev 0.06)  ch2   +1.59 (max dev 0.13)  ch3   +2.53 (max dev 0.15)
[meter] 2.4000 GHz  windows 39346  with tone 9430  worst SNR 9.0 dB | ch1   +0.64 (max dev 0.06)  ch2   +0.79 (max dev 0.08)  ch3   +1.18 (max dev 0.08)
[meter] 5.2000 GHz  windows 39342  with tone 29788  worst SNR 8.6 dB | ch1   -4.13 (max dev 0.05)  ch2   -0.47 (max dev 0.07)  ch3   +0.26 (max dev 0.06)
[meter] 5.8000 GHz  windows 39347  with tone 128  worst SNR 9.1 dB | ch1   -0.17 (max dev 0.06)  ch2   +1.59 (max dev 0.13)  ch3   +2.53 (max dev 0.15)
[meter] 2.4000 GHz  windows 39427  with tone 9430  worst SNR 9.0 dB | ch1   +0.64 (max dev 0.06)  ch2   +0.79 (max dev 0.08)  ch3   +1.18 (max dev 0.08)
[meter] 5.2000 GHz  windows 39423  with tone 29869  worst SNR 8.6 dB | ch1   -4.12 (max dev 0.06)  ch2   -0.46 (max dev 0.07)  ch3   +0.28 (max dev 0.06)
[meter] 5.8000 GHz  windows 39428  with tone 128  worst SNR 9.1 dB | ch1   -0.17 (max dev 0.06)  ch2   +1.59 (max dev 0.13)  ch3   +2.53 (max dev 0.15)
[meter] 2.4000 GHz  windows 39428  with tone 9430  worst SNR 9.0 dB | ch1   +0.64 (max dev 0.06)  ch2   +0.79 (max dev 0.08)  ch3   +1.18 (max dev 0.08)
[meter] 5.2000 GHz  windows 39425  with tone 29871  worst SNR 8.6 dB | ch1   -4.12 (max dev 0.06)  ch2   -0.46 (max dev 0.07)  ch3   +0.28 (max dev 0.06)
[meter] 5.8000 GHz  windows 39429  with tone 128  worst SNR 9.1 dB | ch1   -0.17 (max dev 0.06)  ch2   +1.59 (max dev 0.13)  ch3   +2.53 (max dev 0.15)
[meter] 2.4000 GHz  windows 39429  with tone 9430  worst SNR 9.0 dB | ch1   +0.64 (max dev 0.06)  ch2   +0.79 (max dev 0.08)  ch3   +1.18 (max dev 0.08)
[meter] 5.2000 GHz  windows 39426  with tone 29872  worst SNR 8.6 dB | ch1   -4.12 (max dev 0.06)  ch2   -0.46 (max dev 0.07)  ch3   +0.28 (max dev 0.06)
[meter] 5.8000 GHz  windows 39430  with tone 128  worst SNR 9.1 dB | ch1   -0.17 (max dev 0.06)  ch2   +1.59 (max dev 0.13)  ch3   +2.53 (max dev 0.15)
[meter] 2.4000 GHz  windows 39510  with tone 9430  worst SNR 9.0 dB | ch1   +0.64 (max dev 0.06)  ch2   +0.79 (max dev 0.08)  ch3   +1.18 (max dev 0.08)
[meter] 5.2000 GHz  windows 39507  with tone 29953  worst SNR 8.6 dB | ch1   -4.11 (max dev 0.06)  ch2   -0.46 (max dev 0.07)  ch3   +0.28 (max dev 0.11)
[meter] 5.8000 GHz  windows 39512  with tone 128  worst SNR 9.1 dB | ch1   -0.17 (max dev 0.06)  ch2   +1.59 (max dev 0.13)  ch3   +2.53 (max dev 0.15)
[meter] 2.4000 GHz  windows 39512  with tone 9430  worst SNR 9.0 dB | ch1   +0.64 (max dev 0.06)  ch2   +0.79 (max dev 0.08)  ch3   +1.18 (max dev 0.08)
[meter] 5.2000 GHz  windows 39508  with tone 29954  worst SNR 8.6 dB | ch1   -4.11 (max dev 0.06)  ch2   -0.46 (max dev 0.07)  ch3   +0.28 (max dev 0.11)
[meter] 5.8000 GHz  windows 39513  with tone 128  worst SNR 9.1 dB | ch1   -0.17 (max dev 0.06)  ch2   +1.59 (max dev 0.13)  ch3   +2.53 (max dev 0.15)
[meter] 2.4000 GHz  windows 39512  with tone 9430  worst SNR 9.0 dB | ch1   +0.64 (max dev 0.06)  ch2   +0.79 (max dev 0.08)  ch3   +1.18 (max dev 0.08)
[meter] 5.2000 GHz  windows 39509  with tone 29955  worst SNR 8.6 dB | ch1   -4.11 (max dev 0.06)  ch2   -0.46 (max dev 0.07)  ch3   +0.28 (max dev 0.11)
[meter] 5.8000 GHz  windows 39514  with tone 128  worst SNR 9.1 dB | ch1   -0.17 (max dev 0.06)  ch2   +1.59 (max dev 0.13)  ch3   +2.53 (max dev 0.15)
[meter] 2.4000 GHz  windows 39594  with tone 9430  worst SNR 9.0 dB | ch1   +0.64 (max dev 0.06)  ch2   +0.79 (max dev 0.08)  ch3   +1.18 (max dev 0.08)
[meter] 5.2000 GHz  windows 39590  with tone 30036  worst SNR 8.6 dB | ch1   -4.11 (max dev 0.05)  ch2   -0.47 (max dev 0.07)  ch3   +0.28 (max dev 0.11)
[meter] 5.8000 GHz  windows 39595  with tone 128  worst SNR 9.1 dB | ch1   -0.17 (max dev 0.06)  ch2   +1.59 (max dev 0.13)  ch3   +2.53 (max dev 0.15)
[meter] 2.4000 GHz  windows 39595  with tone 9430  worst SNR 9.0 dB | ch1   +0.64 (max dev 0.06)  ch2   +0.79 (max dev 0.08)  ch3   +1.18 (max dev 0.08)
[meter] 5.2000 GHz  windows 39592  with tone 30038  worst SNR 8.6 dB | ch1   -4.11 (max dev 0.05)  ch2   -0.47 (max dev 0.07)  ch3   +0.28 (max dev 0.11)
[meter] 5.8000 GHz  windows 39597  with tone 128  worst SNR 9.1 dB | ch1   -0.17 (max dev 0.06)  ch2   +1.59 (max dev 0.13)  ch3   +2.53 (max dev 0.15)
[meter] 2.4000 GHz  windows 39596  with tone 9430  worst SNR 9.0 dB | ch1   +0.64 (max dev 0.06)  ch2   +0.79 (max dev 0.08)  ch3   +1.18 (max dev 0.08)
[meter] 5.2000 GHz  windows 39592  with tone 30038  worst SNR 8.6 dB | ch1   -4.11 (max dev 0.05)  ch2   -0.47 (max dev 0.07)  ch3   +0.28 (max dev 0.11)
[meter] 5.8000 GHz  windows 39597  with tone 128  worst SNR 9.1 dB | ch1   -0.17 (max dev 0.06)  ch2   +1.59 (max dev 0.13)  ch3   +2.53 (max dev 0.15)
[meter] 2.4000 GHz  windows 39676  with tone 9430  worst SNR 9.0 dB | ch1   +0.64 (max dev 0.06)  ch2   +0.79 (max dev 0.08)  ch3   +1.18 (max dev 0.08)
[meter] 5.2000 GHz  windows 39673  with tone 30119  worst SNR 8.6 dB | ch1   -4.10 (max dev 0.06)  ch2   -0.46 (max dev 0.06)  ch3   +0.29 (max dev 0.11)
[meter] 5.8000 GHz  windows 39678  with tone 128  worst SNR 9.1 dB | ch1   -0.17 (max dev 0.06)  ch2   +1.59 (max dev 0.13)  ch3   +2.53 (max dev 0.15)
[meter] 2.4000 GHz  windows 39679  with tone 9430  worst SNR 9.0 dB | ch1   +0.64 (max dev 0.06)  ch2   +0.79 (max dev 0.08)  ch3   +1.18 (max dev 0.08)
[meter] 5.2000 GHz  windows 39675  with tone 30121  worst SNR 8.6 dB | ch1   -4.10 (max dev 0.06)  ch2   -0.46 (max dev 0.06)  ch3   +0.29 (max dev 0.11)
[meter] 5.8000 GHz  windows 39680  with tone 128  worst SNR 9.1 dB | ch1   -0.17 (max dev 0.06)  ch2   +1.59 (max dev 0.13)  ch3   +2.53 (max dev 0.15)
[meter] 2.4000 GHz  windows 39679  with tone 9430  worst SNR 9.0 dB | ch1   +0.64 (max dev 0.06)  ch2   +0.79 (max dev 0.08)  ch3   +1.18 (max dev 0.08)
[meter] 5.2000 GHz  windows 39676  with tone 30122  worst SNR 8.6 dB | ch1   -4.10 (max dev 0.06)  ch2   -0.46 (max dev 0.06)  ch3   +0.29 (max dev 0.11)
[meter] 5.8000 GHz  windows 39680  with tone 128  worst SNR 9.1 dB | ch1   -0.17 (max dev 0.06)  ch2   +1.59 (max dev 0.13)  ch3   +2.53 (max dev 0.15)
[meter] 2.4000 GHz  windows 39760  with tone 9430  worst SNR 9.0 dB | ch1   +0.64 (max dev 0.06)  ch2   +0.79 (max dev 0.08)  ch3   +1.18 (max dev 0.08)
[meter] 5.2000 GHz  windows 39757  with tone 30203  worst SNR 8.6 dB | ch1   -4.10 (max dev 0.05)  ch2   -0.44 (max dev 0.06)  ch3   +0.30 (max dev 0.06)
[meter] 5.8000 GHz  windows 39762  with tone 128  worst SNR 9.1 dB | ch1   -0.17 (max dev 0.06)  ch2   +1.59 (max dev 0.13)  ch3   +2.53 (max dev 0.15)
[meter] 2.4000 GHz  windows 39762  with tone 9430  worst SNR 9.0 dB | ch1   +0.64 (max dev 0.06)  ch2   +0.79 (max dev 0.08)  ch3   +1.18 (max dev 0.08)
[meter] 5.2000 GHz  windows 39759  with tone 30205  worst SNR 8.6 dB | ch1   -4.10 (max dev 0.05)  ch2   -0.44 (max dev 0.07)  ch3   +0.30 (max dev 0.06)
[meter] 5.8000 GHz  windows 39763  with tone 128  worst SNR 9.1 dB | ch1   -0.17 (max dev 0.06)  ch2   +1.59 (max dev 0.13)  ch3   +2.53 (max dev 0.15)
[meter] 2.4000 GHz  windows 39763  with tone 9430  worst SNR 9.0 dB | ch1   +0.64 (max dev 0.06)  ch2   +0.79 (max dev 0.08)  ch3   +1.18 (max dev 0.08)
[meter] 5.2000 GHz  windows 39759  with tone 30205  worst SNR 8.6 dB | ch1   -4.10 (max dev 0.05)  ch2   -0.44 (max dev 0.07)  ch3   +0.30 (max dev 0.06)
[meter] 5.8000 GHz  windows 39764  with tone 128  worst SNR 9.1 dB | ch1   -0.17 (max dev 0.06)  ch2   +1.59 (max dev 0.13)  ch3   +2.53 (max dev 0.15)
[meter] 2.4000 GHz  windows 39844  with tone 9430  worst SNR 9.0 dB | ch1   +0.64 (max dev 0.06)  ch2   +0.79 (max dev 0.08)  ch3   +1.18 (max dev 0.08)
[meter] 5.2000 GHz  windows 39840  with tone 30286  worst SNR 8.6 dB | ch1   -4.11 (max dev 0.05)  ch2   -0.42 (max dev 0.08)  ch3   +0.32 (max dev 0.06)
[meter] 5.8000 GHz  windows 39845  with tone 128  worst SNR 9.1 dB | ch1   -0.17 (max dev 0.06)  ch2   +1.59 (max dev 0.13)  ch3   +2.53 (max dev 0.15)
[meter] 2.4000 GHz  windows 39846  with tone 9430  worst SNR 9.0 dB | ch1   +0.64 (max dev 0.06)  ch2   +0.79 (max dev 0.08)  ch3   +1.18 (max dev 0.08)
[meter] 5.2000 GHz  windows 39842  with tone 30288  worst SNR 8.6 dB | ch1   -4.11 (max dev 0.05)  ch2   -0.41 (max dev 0.08)  ch3   +0.32 (max dev 0.06)
[meter] 5.8000 GHz  windows 39847  with tone 128  worst SNR 9.1 dB | ch1   -0.17 (max dev 0.06)  ch2   +1.59 (max dev 0.13)  ch3   +2.53 (max dev 0.15)
[meter] 2.4000 GHz  windows 39846  with tone 9430  worst SNR 9.0 dB | ch1   +0.64 (max dev 0.06)  ch2   +0.79 (max dev 0.08)  ch3   +1.18 (max dev 0.08)
[meter] 5.2000 GHz  windows 39843  with tone 30289  worst SNR 8.6 dB | ch1   -4.11 (max dev 0.05)  ch2   -0.41 (max dev 0.08)  ch3   +0.32 (max dev 0.06)
[meter] 5.8000 GHz  windows 39847  with tone 128  worst SNR 9.1 dB | ch1   -0.17 (max dev 0.06)  ch2   +1.59 (max dev 0.13)  ch3   +2.53 (max dev 0.15)
[meter] 2.4000 GHz  windows 39927  with tone 9430  worst SNR 9.0 dB | ch1   +0.64 (max dev 0.06)  ch2   +0.79 (max dev 0.08)  ch3   +1.18 (max dev 0.08)
[meter] 5.2000 GHz  windows 39924  with tone 30370  worst SNR 8.6 dB | ch1   -4.11 (max dev 0.05)  ch2   -0.40 (max dev 0.06)  ch3   +0.33 (max dev 0.06)
[meter] 5.8000 GHz  windows 39928  with tone 128  worst SNR 9.1 dB | ch1   -0.17 (max dev 0.06)  ch2   +1.59 (max dev 0.13)  ch3   +2.53 (max dev 0.15)
[meter] 2.4000 GHz  windows 39929  with tone 9430  worst SNR 9.0 dB | ch1   +0.64 (max dev 0.06)  ch2   +0.79 (max dev 0.08)  ch3   +1.18 (max dev 0.08)
[meter] 5.2000 GHz  windows 39926  with tone 30372  worst SNR 8.6 dB | ch1   -4.10 (max dev 0.05)  ch2   -0.40 (max dev 0.06)  ch3   +0.33 (max dev 0.05)
[meter] 5.8000 GHz  windows 39930  with tone 128  worst SNR 9.1 dB | ch1   -0.17 (max dev 0.06)  ch2   +1.59 (max dev 0.13)  ch3   +2.53 (max dev 0.15)
[meter] 2.4000 GHz  windows 39929  with tone 9430  worst SNR 9.0 dB | ch1   +0.64 (max dev 0.06)  ch2   +0.79 (max dev 0.08)  ch3   +1.18 (max dev 0.08)
[meter] 5.2000 GHz  windows 39926  with tone 30372  worst SNR 8.6 dB | ch1   -4.10 (max dev 0.05)  ch2   -0.40 (max dev 0.06)  ch3   +0.33 (max dev 0.05)
[meter] 5.8000 GHz  windows 39931  with tone 128  worst SNR 9.1 dB | ch1   -0.17 (max dev 0.06)  ch2   +1.59 (max dev 0.13)  ch3   +2.53 (max dev 0.15)
[meter] 2.4000 GHz  windows 40010  with tone 9430  worst SNR 9.0 dB | ch1   +0.64 (max dev 0.06)  ch2   +0.79 (max dev 0.08)  ch3   +1.18 (max dev 0.08)
[meter] 5.2000 GHz  windows 40007  with tone 30453  worst SNR 8.6 dB | ch1   -4.10 (max dev 0.05)  ch2   -0.40 (max dev 0.04)  ch3   +0.35 (max dev 0.05)
[meter] 5.8000 GHz  windows 40012  with tone 128  worst SNR 9.1 dB | ch1   -0.17 (max dev 0.06)  ch2   +1.59 (max dev 0.13)  ch3   +2.53 (max dev 0.15)
[meter] 2.4000 GHz  windows 40012  with tone 9430  worst SNR 9.0 dB | ch1   +0.64 (max dev 0.06)  ch2   +0.79 (max dev 0.08)  ch3   +1.18 (max dev 0.08)
[meter] 5.2000 GHz  windows 40009  with tone 30455  worst SNR 8.6 dB | ch1   -4.10 (max dev 0.05)  ch2   -0.40 (max dev 0.04)  ch3   +0.35 (max dev 0.05)
[meter] 5.8000 GHz  windows 40013  with tone 128  worst SNR 9.1 dB | ch1   -0.17 (max dev 0.06)  ch2   +1.59 (max dev 0.13)  ch3   +2.53 (max dev 0.15)
[meter] 2.4000 GHz  windows 40012  with tone 9430  worst SNR 9.0 dB | ch1   +0.64 (max dev 0.06)  ch2   +0.79 (max dev 0.08)  ch3   +1.18 (max dev 0.08)
[meter] 5.2000 GHz  windows 40009  with tone 30455  worst SNR 8.6 dB | ch1   -4.10 (max dev 0.05)  ch2   -0.40 (max dev 0.04)  ch3   +0.35 (max dev 0.05)
[meter] 5.8000 GHz  windows 40014  with tone 128  worst SNR 9.1 dB | ch1   -0.17 (max dev 0.06)  ch2   +1.59 (max dev 0.13)  ch3   +2.53 (max dev 0.15)
[meter] 2.4000 GHz  windows 40094  with tone 9430  worst SNR 9.0 dB | ch1   +0.64 (max dev 0.06)  ch2   +0.79 (max dev 0.08)  ch3   +1.18 (max dev 0.08)
[meter] 5.2000 GHz  windows 40090  with tone 30536  worst SNR 8.6 dB | ch1   -4.10 (max dev 0.05)  ch2   -0.40 (max dev 0.04)  ch3   +0.36 (max dev 0.05)
[meter] 5.8000 GHz  windows 40095  with tone 128  worst SNR 9.1 dB | ch1   -0.17 (max dev 0.06)  ch2   +1.59 (max dev 0.13)  ch3   +2.53 (max dev 0.15)
[meter] 2.4000 GHz  windows 40096  with tone 9430  worst SNR 9.0 dB | ch1   +0.64 (max dev 0.06)  ch2   +0.79 (max dev 0.08)  ch3   +1.18 (max dev 0.08)
[meter] 5.2000 GHz  windows 40092  with tone 30538  worst SNR 8.6 dB | ch1   -4.10 (max dev 0.04)  ch2   -0.40 (max dev 0.04)  ch3   +0.36 (max dev 0.05)
[meter] 5.8000 GHz  windows 40097  with tone 128  worst SNR 9.1 dB | ch1   -0.17 (max dev 0.06)  ch2   +1.59 (max dev 0.13)  ch3   +2.53 (max dev 0.15)
[meter] 2.4000 GHz  windows 40096  with tone 9430  worst SNR 9.0 dB | ch1   +0.64 (max dev 0.06)  ch2   +0.79 (max dev 0.08)  ch3   +1.18 (max dev 0.08)
[meter] 5.2000 GHz  windows 40093  with tone 30539  worst SNR 8.6 dB | ch1   -4.10 (max dev 0.04)  ch2   -0.40 (max dev 0.04)  ch3   +0.36 (max dev 0.05)
[meter] 5.8000 GHz  windows 40097  with tone 128  worst SNR 9.1 dB | ch1   -0.17 (max dev 0.06)  ch2   +1.59 (max dev 0.13)  ch3   +2.53 (max dev 0.15)
[meter] 2.4000 GHz  windows 40177  with tone 9430  worst SNR 9.0 dB | ch1   +0.64 (max dev 0.06)  ch2   +0.79 (max dev 0.08)  ch3   +1.18 (max dev 0.08)
[meter] 5.2000 GHz  windows 40174  with tone 30620  worst SNR 8.6 dB | ch1   -4.10 (max dev 0.05)  ch2   -0.40 (max dev 0.05)  ch3   +0.36 (max dev 0.07)
[meter] 5.8000 GHz  windows 40179  with tone 128  worst SNR 9.1 dB | ch1   -0.17 (max dev 0.06)  ch2   +1.59 (max dev 0.13)  ch3   +2.53 (max dev 0.15)
[meter] 2.4000 GHz  windows 40179  with tone 9430  worst SNR 9.0 dB | ch1   +0.64 (max dev 0.06)  ch2   +0.79 (max dev 0.08)  ch3   +1.18 (max dev 0.08)
[meter] 5.2000 GHz  windows 40176  with tone 30622  worst SNR 8.6 dB | ch1   -4.10 (max dev 0.05)  ch2   -0.40 (max dev 0.05)  ch3   +0.36 (max dev 0.07)
[meter] 5.8000 GHz  windows 40180  with tone 128  worst SNR 9.1 dB | ch1   -0.17 (max dev 0.06)  ch2   +1.59 (max dev 0.13)  ch3   +2.53 (max dev 0.15)
[meter] 2.4000 GHz  windows 40179  with tone 9430  worst SNR 9.0 dB | ch1   +0.64 (max dev 0.06)  ch2   +0.79 (max dev 0.08)  ch3   +1.18 (max dev 0.08)
[meter] 5.2000 GHz  windows 40176  with tone 30622  worst SNR 8.6 dB | ch1   -4.10 (max dev 0.05)  ch2   -0.40 (max dev 0.05)  ch3   +0.36 (max dev 0.07)
[meter] 5.8000 GHz  windows 40181  with tone 128  worst SNR 9.1 dB | ch1   -0.17 (max dev 0.06)  ch2   +1.59 (max dev 0.13)  ch3   +2.53 (max dev 0.15)
[meter] 2.4000 GHz  windows 40261  with tone 9430  worst SNR 9.0 dB | ch1   +0.64 (max dev 0.06)  ch2   +0.79 (max dev 0.08)  ch3   +1.18 (max dev 0.08)
[meter] 5.2000 GHz  windows 40257  with tone 30703  worst SNR 8.6 dB | ch1   -4.10 (max dev 0.04)  ch2   -0.40 (max dev 0.05)  ch3   +0.37 (max dev 0.07)
[meter] 5.8000 GHz  windows 40262  with tone 128  worst SNR 9.1 dB | ch1   -0.17 (max dev 0.06)  ch2   +1.59 (max dev 0.13)  ch3   +2.53 (max dev 0.15)
[meter] 2.4000 GHz  windows 40262  with tone 9430  worst SNR 9.0 dB | ch1   +0.64 (max dev 0.06)  ch2   +0.79 (max dev 0.08)  ch3   +1.18 (max dev 0.08)
[meter] 5.2000 GHz  windows 40259  with tone 30705  worst SNR 8.6 dB | ch1   -4.10 (max dev 0.04)  ch2   -0.40 (max dev 0.05)  ch3   +0.37 (max dev 0.07)
[meter] 5.8000 GHz  windows 40264  with tone 128  worst SNR 9.1 dB | ch1   -0.17 (max dev 0.06)  ch2   +1.59 (max dev 0.13)  ch3   +2.53 (max dev 0.15)
[meter] 2.4000 GHz  windows 40263  with tone 9430  worst SNR 9.0 dB | ch1   +0.64 (max dev 0.06)  ch2   +0.79 (max dev 0.08)  ch3   +1.18 (max dev 0.08)
[meter] 5.2000 GHz  windows 40259  with tone 30705  worst SNR 8.6 dB | ch1   -4.10 (max dev 0.04)  ch2   -0.40 (max dev 0.05)  ch3   +0.37 (max dev 0.07)
[meter] 5.8000 GHz  windows 40264  with tone 128  worst SNR 9.1 dB | ch1   -0.17 (max dev 0.06)  ch2   +1.59 (max dev 0.13)  ch3   +2.53 (max dev 0.15)
[meter] 2.4000 GHz  windows 40344  with tone 9430  worst SNR 9.0 dB | ch1   +0.64 (max dev 0.06)  ch2   +0.79 (max dev 0.08)  ch3   +1.18 (max dev 0.08)
[meter] 5.2000 GHz  windows 40340  with tone 30786  worst SNR 8.6 dB | ch1   -4.10 (max dev 0.04)  ch2   -0.38 (max dev 0.07)  ch3   +0.38 (max dev 0.05)
[meter] 5.8000 GHz  windows 40345  with tone 128  worst SNR 9.1 dB | ch1   -0.17 (max dev 0.06)  ch2   +1.59 (max dev 0.13)  ch3   +2.53 (max dev 0.15)
[meter] 2.4000 GHz  windows 40346  with tone 9430  worst SNR 9.0 dB | ch1   +0.64 (max dev 0.06)  ch2   +0.79 (max dev 0.08)  ch3   +1.18 (max dev 0.08)
[meter] 5.2000 GHz  windows 40343  with tone 30789  worst SNR 8.6 dB | ch1   -4.10 (max dev 0.04)  ch2   -0.38 (max dev 0.07)  ch3   +0.38 (max dev 0.05)
[meter] 5.8000 GHz  windows 40347  with tone 128  worst SNR 9.1 dB | ch1   -0.17 (max dev 0.06)  ch2   +1.59 (max dev 0.13)  ch3   +2.53 (max dev 0.15)
[meter] 2.4000 GHz  windows 40346  with tone 9430  worst SNR 9.0 dB | ch1   +0.64 (max dev 0.06)  ch2   +0.79 (max dev 0.08)  ch3   +1.18 (max dev 0.08)
[meter] 5.2000 GHz  windows 40343  with tone 30789  worst SNR 8.6 dB | ch1   -4.10 (max dev 0.04)  ch2   -0.38 (max dev 0.07)  ch3   +0.38 (max dev 0.05)
[meter] 5.8000 GHz  windows 40348  with tone 128  worst SNR 9.1 dB | ch1   -0.17 (max dev 0.06)  ch2   +1.59 (max dev 0.13)  ch3   +2.53 (max dev 0.15)
[meter] 2.4000 GHz  windows 40427  with tone 9430  worst SNR 9.0 dB | ch1   +0.64 (max dev 0.06)  ch2   +0.79 (max dev 0.08)  ch3   +1.18 (max dev 0.08)
[meter] 5.2000 GHz  windows 40424  with tone 30870  worst SNR 8.6 dB | ch1   -4.10 (max dev 0.04)  ch2   -0.36 (max dev 0.08)  ch3   +0.39 (max dev 0.05)
[meter] 5.8000 GHz  windows 40428  with tone 128  worst SNR 9.1 dB | ch1   -0.17 (max dev 0.06)  ch2   +1.59 (max dev 0.13)  ch3   +2.53 (max dev 0.15)
[meter] 2.4000 GHz  windows 40429  with tone 9430  worst SNR 9.0 dB | ch1   +0.64 (max dev 0.06)  ch2   +0.79 (max dev 0.08)  ch3   +1.18 (max dev 0.08)
[meter] 5.2000 GHz  windows 40426  with tone 30872  worst SNR 8.6 dB | ch1   -4.10 (max dev 0.04)  ch2   -0.36 (max dev 0.08)  ch3   +0.39 (max dev 0.05)
[meter] 5.8000 GHz  windows 40431  with tone 128  worst SNR 9.1 dB | ch1   -0.17 (max dev 0.06)  ch2   +1.59 (max dev 0.13)  ch3   +2.53 (max dev 0.15)
[meter] 2.4000 GHz  windows 40430  with tone 9430  worst SNR 9.0 dB | ch1   +0.64 (max dev 0.06)  ch2   +0.79 (max dev 0.08)  ch3   +1.18 (max dev 0.08)
[meter] 5.2000 GHz  windows 40426  with tone 30872  worst SNR 8.6 dB | ch1   -4.10 (max dev 0.04)  ch2   -0.36 (max dev 0.08)  ch3   +0.39 (max dev 0.05)
[meter] 5.8000 GHz  windows 40431  with tone 128  worst SNR 9.1 dB | ch1   -0.17 (max dev 0.06)  ch2   +1.59 (max dev 0.13)  ch3   +2.53 (max dev 0.15)
[meter] 2.4000 GHz  windows 40511  with tone 9430  worst SNR 9.0 dB | ch1   +0.64 (max dev 0.06)  ch2   +0.79 (max dev 0.08)  ch3   +1.18 (max dev 0.08)
[meter] 5.2000 GHz  windows 40507  with tone 30953  worst SNR 8.6 dB | ch1   -4.10 (max dev 0.04)  ch2   -0.35 (max dev 0.09)  ch3   +0.39 (max dev 0.06)
[meter] 5.8000 GHz  windows 40512  with tone 128  worst SNR 9.1 dB | ch1   -0.17 (max dev 0.06)  ch2   +1.59 (max dev 0.13)  ch3   +2.53 (max dev 0.15)
[meter] 2.4000 GHz  windows 40512  with tone 9430  worst SNR 9.0 dB | ch1   +0.64 (max dev 0.06)  ch2   +0.79 (max dev 0.08)  ch3   +1.18 (max dev 0.08)
[meter] 5.2000 GHz  windows 40509  with tone 30955  worst SNR 8.6 dB | ch1   -4.10 (max dev 0.04)  ch2   -0.35 (max dev 0.09)  ch3   +0.39 (max dev 0.06)
[meter] 5.8000 GHz  windows 40514  with tone 128  worst SNR 9.1 dB | ch1   -0.17 (max dev 0.06)  ch2   +1.59 (max dev 0.13)  ch3   +2.53 (max dev 0.15)
[meter] 2.4000 GHz  windows 40513  with tone 9430  worst SNR 9.0 dB | ch1   +0.64 (max dev 0.06)  ch2   +0.79 (max dev 0.08)  ch3   +1.18 (max dev 0.08)
[meter] 5.2000 GHz  windows 40510  with tone 30956  worst SNR 8.6 dB | ch1   -4.10 (max dev 0.04)  ch2   -0.35 (max dev 0.09)  ch3   +0.39 (max dev 0.06)
[meter] 5.8000 GHz  windows 40514  with tone 128  worst SNR 9.1 dB | ch1   -0.17 (max dev 0.06)  ch2   +1.59 (max dev 0.13)  ch3   +2.53 (max dev 0.15)
[meter] 2.4000 GHz  windows 40594  with tone 9430  worst SNR 9.0 dB | ch1   +0.64 (max dev 0.06)  ch2   +0.79 (max dev 0.08)  ch3   +1.18 (max dev 0.08)
[meter] 5.2000 GHz  windows 40591  with tone 31037  worst SNR 8.6 dB | ch1   -4.10 (max dev 0.04)  ch2   -0.35 (max dev 0.09)  ch3   +0.40 (max dev 0.06)
[meter] 5.8000 GHz  windows 40595  with tone 128  worst SNR 9.1 dB | ch1   -0.17 (max dev 0.06)  ch2   +1.59 (max dev 0.13)  ch3   +2.53 (max dev 0.15)
[meter] 2.4000 GHz  windows 40596  with tone 9430  worst SNR 9.0 dB | ch1   +0.64 (max dev 0.06)  ch2   +0.79 (max dev 0.08)  ch3   +1.18 (max dev 0.08)
[meter] 5.2000 GHz  windows 40593  with tone 31039  worst SNR 8.6 dB | ch1   -4.10 (max dev 0.04)  ch2   -0.35 (max dev 0.09)  ch3   +0.40 (max dev 0.06)
[meter] 5.8000 GHz  windows 40597  with tone 128  worst SNR 9.1 dB | ch1   -0.17 (max dev 0.06)  ch2   +1.59 (max dev 0.13)  ch3   +2.53 (max dev 0.15)
[meter] 2.4000 GHz  windows 40596  with tone 9430  worst SNR 9.0 dB | ch1   +0.64 (max dev 0.06)  ch2   +0.79 (max dev 0.08)  ch3   +1.18 (max dev 0.08)
[meter] 5.2000 GHz  windows 40593  with tone 31039  worst SNR 8.6 dB | ch1   -4.10 (max dev 0.04)  ch2   -0.35 (max dev 0.09)  ch3   +0.40 (max dev 0.06)
[meter] 5.8000 GHz  windows 40597  with tone 128  worst SNR 9.1 dB | ch1   -0.17 (max dev 0.06)  ch2   +1.59 (max dev 0.13)  ch3   +2.53 (max dev 0.15)
[meter] 2.4000 GHz  windows 40677  with tone 9430  worst SNR 9.0 dB | ch1   +0.64 (max dev 0.06)  ch2   +0.79 (max dev 0.08)  ch3   +1.18 (max dev 0.08)
[meter] 5.2000 GHz  windows 40674  with tone 31120  worst SNR 8.6 dB | ch1   -4.10 (max dev 0.04)  ch2   -0.34 (max dev 0.06)  ch3   +0.42 (max dev 0.08)
[meter] 5.8000 GHz  windows 40679  with tone 128  worst SNR 9.1 dB | ch1   -0.17 (max dev 0.06)  ch2   +1.59 (max dev 0.13)  ch3   +2.53 (max dev 0.15)
[meter] 2.4000 GHz  windows 40679  with tone 9430  worst SNR 9.0 dB | ch1   +0.64 (max dev 0.06)  ch2   +0.79 (max dev 0.08)  ch3   +1.18 (max dev 0.08)
[meter] 2.4000 GHz  windows 40679  with tone 9430  worst SNR 9.0 dB | ch1   +0.64 (max dev 0.06)  ch2   +0.79 (max dev 0.08)  ch3   +1.18 (max dev 0.08)
[meter] 5.2000 GHz  windows 40676  with tone 31122  worst SNR 8.6 dB | ch1   -4.10 (max dev 0.04)  ch2   -0.34 (max dev 0.06)  ch3   +0.42 (max dev 0.08)
[meter] 5.2000 GHz  windows 40676  with tone 31122  worst SNR 8.6 dB | ch1   -4.10 (max dev 0.04)  ch2   -0.34 (max dev 0.06)  ch3   +0.42 (max dev 0.08)
[meter] 5.8000 GHz  windows 40681  with tone 128  worst SNR 9.1 dB | ch1   -0.17 (max dev 0.06)  ch2   +1.59 (max dev 0.13)  ch3   +2.53 (max dev 0.15)
[meter] 5.8000 GHz  windows 40681  with tone 128  worst SNR 9.1 dB | ch1   -0.17 (max dev 0.06)  ch2   +1.59 (max dev 0.13)  ch3   +2.53 (max dev 0.15)
[meter] 2.4000 GHz  windows 40761  with tone 9430  worst SNR 9.0 dB | ch1   +0.64 (max dev 0.06)  ch2   +0.79 (max dev 0.08)  ch3   +1.18 (max dev 0.08)
[meter] 5.2000 GHz  windows 40758  with tone 31204  worst SNR 8.6 dB | ch1   -4.09 (max dev 0.05)  ch2   -0.31 (max dev 0.07)  ch3   +0.44 (max dev 0.07)
[meter] 5.8000 GHz  windows 40762  with tone 128  worst SNR 9.1 dB | ch1   -0.17 (max dev 0.06)  ch2   +1.59 (max dev 0.13)  ch3   +2.53 (max dev 0.15)
[meter] 2.4000 GHz  windows 40763  with tone 9430  worst SNR 9.0 dB | ch1   +0.64 (max dev 0.06)  ch2   +0.79 (max dev 0.08)  ch3   +1.18 (max dev 0.08)
[meter] 2.4000 GHz  windows 40763  with tone 9430  worst SNR 9.0 dB | ch1   +0.64 (max dev 0.06)  ch2   +0.79 (max dev 0.08)  ch3   +1.18 (max dev 0.08)
[meter] 5.2000 GHz  windows 40760  with tone 31206  worst SNR 8.6 dB | ch1   -4.09 (max dev 0.07)  ch2   -0.31 (max dev 0.07)  ch3   +0.45 (max dev 0.07)
[meter] 5.2000 GHz  windows 40760  with tone 31206  worst SNR 8.6 dB | ch1   -4.09 (max dev 0.07)  ch2   -0.31 (max dev 0.07)  ch3   +0.45 (max dev 0.07)
[meter] 5.8000 GHz  windows 40764  with tone 128  worst SNR 9.1 dB | ch1   -0.17 (max dev 0.06)  ch2   +1.59 (max dev 0.13)  ch3   +2.53 (max dev 0.15)
[meter] 5.8000 GHz  windows 40764  with tone 128  worst SNR 9.1 dB | ch1   -0.17 (max dev 0.06)  ch2   +1.59 (max dev 0.13)  ch3   +2.53 (max dev 0.15)
[meter] 2.4000 GHz  windows 40844  with tone 9430  worst SNR 9.0 dB | ch1   +0.64 (max dev 0.06)  ch2   +0.79 (max dev 0.08)  ch3   +1.18 (max dev 0.08)
[meter] 5.2000 GHz  windows 40841  with tone 31287  worst SNR 8.6 dB | ch1   -4.09 (max dev 0.07)  ch2   -0.30 (max dev 0.09)  ch3   +0.45 (max dev 0.09)
[meter] 5.8000 GHz  windows 40845  with tone 128  worst SNR 9.1 dB | ch1   -0.17 (max dev 0.06)  ch2   +1.59 (max dev 0.13)  ch3   +2.53 (max dev 0.15)
[meter] 2.4000 GHz  windows 40846  with tone 9430  worst SNR 9.0 dB | ch1   +0.64 (max dev 0.06)  ch2   +0.79 (max dev 0.08)  ch3   +1.18 (max dev 0.08)
[meter] 5.2000 GHz  windows 40843  with tone 31289  worst SNR 8.6 dB | ch1   -4.09 (max dev 0.07)  ch2   -0.30 (max dev 0.09)  ch3   +0.45 (max dev 0.09)
[meter] 5.8000 GHz  windows 40848  with tone 128  worst SNR 9.1 dB | ch1   -0.17 (max dev 0.06)  ch2   +1.59 (max dev 0.13)  ch3   +2.53 (max dev 0.15)
[meter] 2.4000 GHz  windows 40847  with tone 9430  worst SNR 9.0 dB | ch1   +0.64 (max dev 0.06)  ch2   +0.79 (max dev 0.08)  ch3   +1.18 (max dev 0.08)
[meter] 5.2000 GHz  windows 40843  with tone 31289  worst SNR 8.6 dB | ch1   -4.09 (max dev 0.07)  ch2   -0.30 (max dev 0.09)  ch3   +0.45 (max dev 0.09)
[meter] 5.8000 GHz  windows 40848  with tone 128  worst SNR 9.1 dB | ch1   -0.17 (max dev 0.06)  ch2   +1.59 (max dev 0.13)  ch3   +2.53 (max dev 0.15)
[meter] 2.4000 GHz  windows 40928  with tone 9430  worst SNR 9.0 dB | ch1   +0.64 (max dev 0.06)  ch2   +0.79 (max dev 0.08)  ch3   +1.18 (max dev 0.08)
[meter] 5.2000 GHz  windows 40924  with tone 31370  worst SNR 8.6 dB | ch1   -4.08 (max dev 0.06)  ch2   -0.29 (max dev 0.10)  ch3   +0.44 (max dev 0.09)
[meter] 5.8000 GHz  windows 40929  with tone 128  worst SNR 9.1 dB | ch1   -0.17 (max dev 0.06)  ch2   +1.59 (max dev 0.13)  ch3   +2.53 (max dev 0.15)
[meter] 2.4000 GHz  windows 40930  with tone 9430  worst SNR 9.0 dB | ch1   +0.64 (max dev 0.06)  ch2   +0.79 (max dev 0.08)  ch3   +1.18 (max dev 0.08)
[meter] 5.2000 GHz  windows 40926  with tone 31372  worst SNR 8.6 dB | ch1   -4.08 (max dev 0.06)  ch2   -0.29 (max dev 0.10)  ch3   +0.44 (max dev 0.09)
[meter] 5.8000 GHz  windows 40931  with tone 128  worst SNR 9.1 dB | ch1   -0.17 (max dev 0.06)  ch2   +1.59 (max dev 0.13)  ch3   +2.53 (max dev 0.15)
[meter] 2.4000 GHz  windows 40930  with tone 9430  worst SNR 9.0 dB | ch1   +0.64 (max dev 0.06)  ch2   +0.79 (max dev 0.08)  ch3   +1.18 (max dev 0.08)
[meter] 5.2000 GHz  windows 40927  with tone 31373  worst SNR 8.6 dB | ch1   -4.08 (max dev 0.06)  ch2   -0.29 (max dev 0.10)  ch3   +0.44 (max dev 0.09)
[meter] 5.8000 GHz  windows 40931  with tone 128  worst SNR 9.1 dB | ch1   -0.17 (max dev 0.06)  ch2   +1.59 (max dev 0.13)  ch3   +2.53 (max dev 0.15)
[meter] 2.4000 GHz  windows 41011  with tone 9430  worst SNR 9.0 dB | ch1   +0.64 (max dev 0.06)  ch2   +0.79 (max dev 0.08)  ch3   +1.18 (max dev 0.08)
[meter] 5.2000 GHz  windows 41007  with tone 31453  worst SNR 8.6 dB | ch1   -4.08 (max dev 0.07)  ch2   -0.31 (max dev 0.10)  ch3   +0.41 (max dev 0.08)
[meter] 5.8000 GHz  windows 41012  with tone 128  worst SNR 9.1 dB | ch1   -0.17 (max dev 0.06)  ch2   +1.59 (max dev 0.13)  ch3   +2.53 (max dev 0.15)
[meter] 2.4000 GHz  windows 41013  with tone 9430  worst SNR 9.0 dB | ch1   +0.64 (max dev 0.06)  ch2   +0.79 (max dev 0.08)  ch3   +1.18 (max dev 0.08)
[meter] 5.2000 GHz  windows 41010  with tone 31456  worst SNR 8.6 dB | ch1   -4.08 (max dev 0.07)  ch2   -0.31 (max dev 0.17)  ch3   +0.41 (max dev 0.09)
[meter] 5.8000 GHz  windows 41015  with tone 128  worst SNR 9.1 dB | ch1   -0.17 (max dev 0.06)  ch2   +1.59 (max dev 0.13)  ch3   +2.53 (max dev 0.15)
[meter] 2.4000 GHz  windows 41013  with tone 9430  worst SNR 9.0 dB | ch1   +0.64 (max dev 0.06)  ch2   +0.79 (max dev 0.08)  ch3   +1.18 (max dev 0.08)
[meter] 5.2000 GHz  windows 41010  with tone 31456  worst SNR 8.6 dB | ch1   -4.08 (max dev 0.07)  ch2   -0.31 (max dev 0.17)  ch3   +0.41 (max dev 0.09)
[meter] 5.8000 GHz  windows 41015  with tone 128  worst SNR 9.1 dB | ch1   -0.17 (max dev 0.06)  ch2   +1.59 (max dev 0.13)  ch3   +2.53 (max dev 0.15)
[meter] 2.4000 GHz  windows 41094  with tone 9430  worst SNR 9.0 dB | ch1   +0.64 (max dev 0.06)  ch2   +0.79 (max dev 0.08)  ch3   +1.18 (max dev 0.08)
[meter] 5.2000 GHz  windows 41091  with tone 31537  worst SNR 8.6 dB | ch1   -4.10 (max dev 0.07)  ch2   -0.35 (max dev 0.13)  ch3   +0.38 (max dev 0.11)
[meter] 5.8000 GHz  windows 41096  with tone 128  worst SNR 9.1 dB | ch1   -0.17 (max dev 0.06)  ch2   +1.59 (max dev 0.13)  ch3   +2.53 (max dev 0.15)
[meter] 2.4000 GHz  windows 41097  with tone 9430  worst SNR 9.0 dB | ch1   +0.64 (max dev 0.06)  ch2   +0.79 (max dev 0.08)  ch3   +1.18 (max dev 0.08)
[meter] 5.2000 GHz  windows 41093  with tone 31539  worst SNR 8.6 dB | ch1   -4.10 (max dev 0.07)  ch2   -0.35 (max dev 0.13)  ch3   +0.37 (max dev 0.11)
[meter] 5.8000 GHz  windows 41098  with tone 128  worst SNR 9.1 dB | ch1   -0.17 (max dev 0.06)  ch2   +1.59 (max dev 0.13)  ch3   +2.53 (max dev 0.15)
[meter] 2.4000 GHz  windows 41097  with tone 9430  worst SNR 9.0 dB | ch1   +0.64 (max dev 0.06)  ch2   +0.79 (max dev 0.08)  ch3   +1.18 (max dev 0.08)
[meter] 5.2000 GHz  windows 41094  with tone 31540  worst SNR 8.6 dB | ch1   -4.10 (max dev 0.07)  ch2   -0.35 (max dev 0.13)  ch3   +0.37 (max dev 0.11)
[meter] 5.8000 GHz  windows 41098  with tone 128  worst SNR 9.1 dB | ch1   -0.17 (max dev 0.06)  ch2   +1.59 (max dev 0.13)  ch3   +2.53 (max dev 0.15)
[meter] 2.4000 GHz  windows 41178  with tone 9430  worst SNR 9.0 dB | ch1   +0.64 (max dev 0.06)  ch2   +0.79 (max dev 0.08)  ch3   +1.18 (max dev 0.08)
[meter] 5.2000 GHz  windows 41174  with tone 31620  worst SNR 8.6 dB | ch1   -4.10 (max dev 0.07)  ch2   -0.40 (max dev 0.14)  ch3   +0.33 (max dev 0.14)
[meter] 5.8000 GHz  windows 41179  with tone 128  worst SNR 9.1 dB | ch1   -0.17 (max dev 0.06)  ch2   +1.59 (max dev 0.13)  ch3   +2.53 (max dev 0.15)
[meter] 2.4000 GHz  windows 41180  with tone 9430  worst SNR 9.0 dB | ch1   +0.64 (max dev 0.06)  ch2   +0.79 (max dev 0.08)  ch3   +1.18 (max dev 0.08)
[meter] 5.2000 GHz  windows 41177  with tone 31623  worst SNR 8.6 dB | ch1   -4.10 (max dev 0.06)  ch2   -0.40 (max dev 0.14)  ch3   +0.32 (max dev 0.13)
[meter] 5.8000 GHz  windows 41181  with tone 128  worst SNR 9.1 dB | ch1   -0.17 (max dev 0.06)  ch2   +1.59 (max dev 0.13)  ch3   +2.53 (max dev 0.15)
[meter] 2.4000 GHz  windows 41180  with tone 9430  worst SNR 9.0 dB | ch1   +0.64 (max dev 0.06)  ch2   +0.79 (max dev 0.08)  ch3   +1.18 (max dev 0.08)
[meter] 5.2000 GHz  windows 41177  with tone 31623  worst SNR 8.6 dB | ch1   -4.10 (max dev 0.06)  ch2   -0.40 (max dev 0.14)  ch3   +0.32 (max dev 0.13)
[meter] 5.8000 GHz  windows 41181  with tone 128  worst SNR 9.1 dB | ch1   -0.17 (max dev 0.06)  ch2   +1.59 (max dev 0.13)  ch3   +2.53 (max dev 0.15)
[meter] 2.4000 GHz  windows 41261  with tone 9430  worst SNR 9.0 dB | ch1   +0.64 (max dev 0.06)  ch2   +0.79 (max dev 0.08)  ch3   +1.18 (max dev 0.08)
[meter] 5.2000 GHz  windows 41258  with tone 31704  worst SNR 8.6 dB | ch1   -4.10 (max dev 0.06)  ch2   -0.45 (max dev 0.10)  ch3   +0.27 (max dev 0.11)
[meter] 5.8000 GHz  windows 41263  with tone 128  worst SNR 9.1 dB | ch1   -0.17 (max dev 0.06)  ch2   +1.59 (max dev 0.13)  ch3   +2.53 (max dev 0.15)
[meter] 2.4000 GHz  windows 41263  with tone 9430  worst SNR 9.0 dB | ch1   +0.64 (max dev 0.06)  ch2   +0.79 (max dev 0.08)  ch3   +1.18 (max dev 0.08)
[meter] 5.2000 GHz  windows 41260  with tone 31706  worst SNR 8.6 dB | ch1   -4.10 (max dev 0.06)  ch2   -0.45 (max dev 0.11)  ch3   +0.27 (max dev 0.11)
[meter] 5.8000 GHz  windows 41265  with tone 128  worst SNR 9.1 dB | ch1   -0.17 (max dev 0.06)  ch2   +1.59 (max dev 0.13)  ch3   +2.53 (max dev 0.15)
[meter] 2.4000 GHz  windows 41264  with tone 9430  worst SNR 9.0 dB | ch1   +0.64 (max dev 0.06)  ch2   +0.79 (max dev 0.08)  ch3   +1.18 (max dev 0.08)
[meter] 5.2000 GHz  windows 41260  with tone 31706  worst SNR 8.6 dB | ch1   -4.10 (max dev 0.06)  ch2   -0.45 (max dev 0.11)  ch3   +0.27 (max dev 0.11)
[meter] 5.8000 GHz  windows 41265  with tone 128  worst SNR 9.1 dB | ch1   -0.17 (max dev 0.06)  ch2   +1.59 (max dev 0.13)  ch3   +2.53 (max dev 0.15)
[meter] 2.4000 GHz  windows 41344  with tone 9430  worst SNR 9.0 dB | ch1   +0.64 (max dev 0.06)  ch2   +0.79 (max dev 0.08)  ch3   +1.18 (max dev 0.08)
[meter] 5.2000 GHz  windows 41341  with tone 31787  worst SNR 8.6 dB | ch1   -4.10 (max dev 0.06)  ch2   -0.49 (max dev 0.09)  ch3   +0.25 (max dev 0.07)
[meter] 5.8000 GHz  windows 41346  with tone 128  worst SNR 9.1 dB | ch1   -0.17 (max dev 0.06)  ch2   +1.59 (max dev 0.13)  ch3   +2.53 (max dev 0.15)
[meter] 2.4000 GHz  windows 41347  with tone 9430  worst SNR 9.0 dB | ch1   +0.64 (max dev 0.06)  ch2   +0.79 (max dev 0.08)  ch3   +1.18 (max dev 0.08)
[meter] 5.2000 GHz  windows 41343  with tone 31789  worst SNR 8.6 dB | ch1   -4.10 (max dev 0.06)  ch2   -0.49 (max dev 0.09)  ch3   +0.25 (max dev 0.07)
[meter] 5.8000 GHz  windows 41348  with tone 128  worst SNR 9.1 dB | ch1   -0.17 (max dev 0.06)  ch2   +1.59 (max dev 0.13)  ch3   +2.53 (max dev 0.15)
[meter] 2.4000 GHz  windows 41347  with tone 9430  worst SNR 9.0 dB | ch1   +0.64 (max dev 0.06)  ch2   +0.79 (max dev 0.08)  ch3   +1.18 (max dev 0.08)
[meter] 5.2000 GHz  windows 41343  with tone 31789  worst SNR 8.6 dB | ch1   -4.10 (max dev 0.06)  ch2   -0.49 (max dev 0.09)  ch3   +0.25 (max dev 0.07)
[meter] 5.8000 GHz  windows 41348  with tone 128  worst SNR 9.1 dB | ch1   -0.17 (max dev 0.06)  ch2   +1.59 (max dev 0.13)  ch3   +2.53 (max dev 0.15)
[meter] 2.4000 GHz  windows 41428  with tone 9430  worst SNR 9.0 dB | ch1   +0.64 (max dev 0.06)  ch2   +0.79 (max dev 0.08)  ch3   +1.18 (max dev 0.08)
[meter] 5.2000 GHz  windows 41425  with tone 31871  worst SNR 8.6 dB | ch1   -4.11 (max dev 0.06)  ch2   -0.50 (max dev 0.07)  ch3   +0.24 (max dev 0.08)
[meter] 5.8000 GHz  windows 41429  with tone 128  worst SNR 9.1 dB | ch1   -0.17 (max dev 0.06)  ch2   +1.59 (max dev 0.13)  ch3   +2.53 (max dev 0.15)
[meter] 2.4000 GHz  windows 41430  with tone 9430  worst SNR 9.0 dB | ch1   +0.64 (max dev 0.06)  ch2   +0.79 (max dev 0.08)  ch3   +1.18 (max dev 0.08)[meter] 2.4000 GHz  windows 41430  with tone 9430  worst SNR 9.0 dB | ch1   +0.64 (max dev 0.06)  ch2   +0.79 (max dev 0.08)  ch3   +1.18 (max dev 0.08)

[meter] 5.2000 GHz  windows 41427  with tone 31873  worst SNR 8.6 dB | ch1   -4.11 (max dev 0.06)  ch2   -0.50 (max dev 0.07)  ch3   +0.24 (max dev 0.08)
[meter] 5.2000 GHz  windows 41427  with tone 31873  worst SNR 8.6 dB | ch1   -4.11 (max dev 0.06)  ch2   -0.50 (max dev 0.07)  ch3   +0.24 (max dev 0.08)
[meter] 5.8000 GHz  windows 41432  with tone 128  worst SNR 9.1 dB | ch1   -0.17 (max dev 0.06)  ch2   +1.59 (max dev 0.13)  ch3   +2.53 (max dev 0.15)
[meter] 5.8000 GHz  windows 41432  with tone 128  worst SNR 9.1 dB | ch1   -0.17 (max dev 0.06)  ch2   +1.59 (max dev 0.13)  ch3   +2.53 (max dev 0.15)
[meter] 2.4000 GHz  windows 41511  with tone 9430  worst SNR 9.0 dB | ch1   +0.64 (max dev 0.06)  ch2   +0.79 (max dev 0.08)  ch3   +1.18 (max dev 0.08)
[meter] 5.2000 GHz  windows 41508  with tone 31954  worst SNR 8.6 dB | ch1   -4.11 (max dev 0.05)  ch2   -0.50 (max dev 0.07)  ch3   +0.25 (max dev 0.07)
[meter] 5.8000 GHz  windows 41513  with tone 128  worst SNR 9.1 dB | ch1   -0.17 (max dev 0.06)  ch2   +1.59 (max dev 0.13)  ch3   +2.53 (max dev 0.15)
[meter] 2.4000 GHz  windows 41514  with tone 9430  worst SNR 9.0 dB | ch1   +0.64 (max dev 0.06)  ch2   +0.79 (max dev 0.08)  ch3   +1.18 (max dev 0.08)
[meter] 2.4000 GHz  windows 41514  with tone 9430  worst SNR 9.0 dB | ch1   +0.64 (max dev 0.06)  ch2   +0.79 (max dev 0.08)  ch3   +1.18 (max dev 0.08)
[meter] 5.2000 GHz  windows 41510  with tone 31956  worst SNR 8.6 dB | ch1   -4.11 (max dev 0.05)  ch2   -0.50 (max dev 0.07)  ch3   +0.25 (max dev 0.07)
[meter] 5.8000 GHz  windows 41515  with tone 128  worst SNR 9.1 dB | ch1   -0.17 (max dev 0.06)  ch2   +1.59 (max dev 0.13)  ch3   +2.53 (max dev 0.15)
[meter] 5.2000 GHz  windows 41510  with tone 31956  worst SNR 8.6 dB | ch1   -4.11 (max dev 0.05)  ch2   -0.50 (max dev 0.07)  ch3   +0.25 (max dev 0.07)
[meter] 5.8000 GHz  windows 41515  with tone 128  worst SNR 9.1 dB | ch1   -0.17 (max dev 0.06)  ch2   +1.59 (max dev 0.13)  ch3   +2.53 (max dev 0.15)
[meter] 2.4000 GHz  windows 41595  with tone 9430  worst SNR 9.0 dB | ch1   +0.64 (max dev 0.06)  ch2   +0.79 (max dev 0.08)  ch3   +1.18 (max dev 0.08)
[meter] 5.2000 GHz  windows 41591  with tone 32037  worst SNR 8.6 dB | ch1   -4.11 (max dev 0.05)  ch2   -0.50 (max dev 0.07)  ch3   +0.24 (max dev 0.06)
[meter] 5.8000 GHz  windows 41596  with tone 128  worst SNR 9.1 dB | ch1   -0.17 (max dev 0.06)  ch2   +1.59 (max dev 0.13)  ch3   +2.53 (max dev 0.15)
[meter] 2.4000 GHz  windows 41597  with tone 9430  worst SNR 9.0 dB | ch1   +0.64 (max dev 0.06)  ch2   +0.79 (max dev 0.08)  ch3   +1.18 (max dev 0.08)
[meter] 5.2000 GHz  windows 41594  with tone 32040  worst SNR 8.6 dB | ch1   -4.11 (max dev 0.05)  ch2   -0.50 (max dev 0.07)  ch3   +0.24 (max dev 0.06)
[meter] 5.8000 GHz  windows 41598  with tone 128  worst SNR 9.1 dB | ch1   -0.17 (max dev 0.06)  ch2   +1.59 (max dev 0.13)  ch3   +2.53 (max dev 0.15)
[meter] 2.4000 GHz  windows 41597  with tone 9430  worst SNR 9.0 dB | ch1   +0.64 (max dev 0.06)  ch2   +0.79 (max dev 0.08)  ch3   +1.18 (max dev 0.08)
[meter] 5.2000 GHz  windows 41594  with tone 32040  worst SNR 8.6 dB | ch1   -4.11 (max dev 0.05)  ch2   -0.50 (max dev 0.07)  ch3   +0.24 (max dev 0.06)
[meter] 5.8000 GHz  windows 41599  with tone 128  worst SNR 9.1 dB | ch1   -0.17 (max dev 0.06)  ch2   +1.59 (max dev 0.13)  ch3   +2.53 (max dev 0.15)
[meter] 2.4000 GHz  windows 41678  with tone 9430  worst SNR 9.0 dB | ch1   +0.64 (max dev 0.06)  ch2   +0.79 (max dev 0.08)  ch3   +1.18 (max dev 0.08)
[meter] 5.2000 GHz  windows 41675  with tone 32121  worst SNR 8.6 dB | ch1   -4.11 (max dev 0.04)  ch2   -0.50 (max dev 0.06)  ch3   +0.24 (max dev 0.05)
[meter] 5.8000 GHz  windows 41680  with tone 128  worst SNR 9.1 dB | ch1   -0.17 (max dev 0.06)  ch2   +1.59 (max dev 0.13)  ch3   +2.53 (max dev 0.15)
[meter] 2.4000 GHz  windows 41680  with tone 9430  worst SNR 9.0 dB | ch1   +0.64 (max dev 0.06)  ch2   +0.79 (max dev 0.08)  ch3   +1.18 (max dev 0.08)
[meter] 5.2000 GHz  windows 41677  with tone 32123  worst SNR 8.6 dB | ch1   -4.11 (max dev 0.04)  ch2   -0.51 (max dev 0.06)  ch3   +0.24 (max dev 0.05)
[meter] 5.8000 GHz  windows 41681  with tone 128  worst SNR 9.1 dB | ch1   -0.17 (max dev 0.06)  ch2   +1.59 (max dev 0.13)  ch3   +2.53 (max dev 0.15)
[meter] 2.4000 GHz  windows 41680  with tone 9430  worst SNR 9.0 dB | ch1   +0.64 (max dev 0.06)  ch2   +0.79 (max dev 0.08)  ch3   +1.18 (max dev 0.08)
[meter] 5.2000 GHz  windows 41677  with tone 32123  worst SNR 8.6 dB | ch1   -4.11 (max dev 0.04)  ch2   -0.51 (max dev 0.06)  ch3   +0.24 (max dev 0.05)
[meter] 5.8000 GHz  windows 41682  with tone 128  worst SNR 9.1 dB | ch1   -0.17 (max dev 0.06)  ch2   +1.59 (max dev 0.13)  ch3   +2.53 (max dev 0.15)
[meter] 2.4000 GHz  windows 41762  with tone 9430  worst SNR 9.0 dB | ch1   +0.64 (max dev 0.06)  ch2   +0.79 (max dev 0.08)  ch3   +1.18 (max dev 0.08)
[meter] 5.2000 GHz  windows 41758  with tone 32204  worst SNR 8.6 dB | ch1   -4.11 (max dev 0.04)  ch2   -0.52 (max dev 0.08)  ch3   +0.24 (max dev 0.06)
[meter] 5.8000 GHz  windows 41763  with tone 128  worst SNR 9.1 dB | ch1   -0.17 (max dev 0.06)  ch2   +1.59 (max dev 0.13)  ch3   +2.53 (max dev 0.15)
[meter] 2.4000 GHz  windows 41764  with tone 9430  worst SNR 9.0 dB | ch1   +0.64 (max dev 0.06)  ch2   +0.79 (max dev 0.08)  ch3   +1.18 (max dev 0.08)
[meter] 5.2000 GHz  windows 41760  with tone 32206  worst SNR 8.6 dB | ch1   -4.10 (max dev 0.04)  ch2   -0.52 (max dev 0.08)  ch3   +0.24 (max dev 0.06)
[meter] 5.8000 GHz  windows 41765  with tone 128  worst SNR 9.1 dB | ch1   -0.17 (max dev 0.06)  ch2   +1.59 (max dev 0.13)  ch3   +2.53 (max dev 0.15)
[meter] 2.4000 GHz  windows 41764  with tone 9430  worst SNR 9.0 dB | ch1   +0.64 (max dev 0.06)  ch2   +0.79 (max dev 0.08)  ch3   +1.18 (max dev 0.08)
[meter] 5.2000 GHz  windows 41761  with tone 32207  worst SNR 8.6 dB | ch1   -4.10 (max dev 0.04)  ch2   -0.52 (max dev 0.08)  ch3   +0.24 (max dev 0.06)
[meter] 5.8000 GHz  windows 41765  with tone 128  worst SNR 9.1 dB | ch1   -0.17 (max dev 0.06)  ch2   +1.59 (max dev 0.13)  ch3   +2.53 (max dev 0.15)
[meter] 2.4000 GHz  windows 41845  with tone 9430  worst SNR 9.0 dB | ch1   +0.64 (max dev 0.06)  ch2   +0.79 (max dev 0.08)  ch3   +1.18 (max dev 0.08)
[meter] 5.2000 GHz  windows 41842  with tone 32288  worst SNR 8.6 dB | ch1   -4.11 (max dev 0.04)  ch2   -0.54 (max dev 0.09)  ch3   +0.22 (max dev 0.07)
[meter] 5.8000 GHz  windows 41846  with tone 128  worst SNR 9.1 dB | ch1   -0.17 (max dev 0.06)  ch2   +1.59 (max dev 0.13)  ch3   +2.53 (max dev 0.15)
[meter] 2.4000 GHz  windows 41847  with tone 9430  worst SNR 9.0 dB | ch1   +0.64 (max dev 0.06)  ch2   +0.79 (max dev 0.08)  ch3   +1.18 (max dev 0.08)
[meter] 5.2000 GHz  windows 41844  with tone 32290  worst SNR 8.6 dB | ch1   -4.11 (max dev 0.04)  ch2   -0.54 (max dev 0.09)  ch3   +0.22 (max dev 0.07)
[meter] 5.8000 GHz  windows 41848  with tone 128  worst SNR 9.1 dB | ch1   -0.17 (max dev 0.06)  ch2   +1.59 (max dev 0.13)  ch3   +2.53 (max dev 0.15)
[meter] 2.4000 GHz  windows 41847  with tone 9430  worst SNR 9.0 dB | ch1   +0.64 (max dev 0.06)  ch2   +0.79 (max dev 0.08)  ch3   +1.18 (max dev 0.08)
[meter] 5.2000 GHz  windows 41844  with tone 32290  worst SNR 8.6 dB | ch1   -4.11 (max dev 0.04)  ch2   -0.54 (max dev 0.09)  ch3   +0.22 (max dev 0.07)
[meter] 5.8000 GHz  windows 41849  with tone 128  worst SNR 9.1 dB | ch1   -0.17 (max dev 0.06)  ch2   +1.59 (max dev 0.13)  ch3   +2.53 (max dev 0.15)
[meter] 2.4000 GHz  windows 41928  with tone 9430  worst SNR 9.0 dB | ch1   +0.64 (max dev 0.06)  ch2   +0.79 (max dev 0.08)  ch3   +1.18 (max dev 0.08)
[meter] 5.2000 GHz  windows 41925  with tone 32371  worst SNR 8.6 dB | ch1   -4.11 (max dev 0.04)  ch2   -0.58 (max dev 0.06)  ch3   +0.19 (max dev 0.07)
[meter] 5.8000 GHz  windows 41930  with tone 128  worst SNR 9.1 dB | ch1   -0.17 (max dev 0.06)  ch2   +1.59 (max dev 0.13)  ch3   +2.53 (max dev 0.15)
[meter] 2.4000 GHz  windows 41930  with tone 9430  worst SNR 9.0 dB | ch1   +0.64 (max dev 0.06)  ch2   +0.79 (max dev 0.08)  ch3   +1.18 (max dev 0.08)
[meter] 5.2000 GHz  windows 41927  with tone 32373  worst SNR 8.6 dB | ch1   -4.11 (max dev 0.04)  ch2   -0.58 (max dev 0.06)  ch3   +0.19 (max dev 0.07)
[meter] 5.8000 GHz  windows 41932  with tone 128  worst SNR 9.1 dB | ch1   -0.17 (max dev 0.06)  ch2   +1.59 (max dev 0.13)  ch3   +2.53 (max dev 0.15)
[meter] 2.4000 GHz  windows 41931  with tone 9430  worst SNR 9.0 dB | ch1   +0.64 (max dev 0.06)  ch2   +0.79 (max dev 0.08)  ch3   +1.18 (max dev 0.08)
[meter] 5.2000 GHz  windows 41927  with tone 32373  worst SNR 8.6 dB | ch1   -4.11 (max dev 0.04)  ch2   -0.58 (max dev 0.06)  ch3   +0.19 (max dev 0.07)
[meter] 5.8000 GHz  windows 41932  with tone 128  worst SNR 9.1 dB | ch1   -0.17 (max dev 0.06)  ch2   +1.59 (max dev 0.13)  ch3   +2.53 (max dev 0.15)
[meter] 2.4000 GHz  windows 42012  with tone 9430  worst SNR 9.0 dB | ch1   +0.64 (max dev 0.06)  ch2   +0.79 (max dev 0.08)  ch3   +1.18 (max dev 0.08)
[meter] 5.2000 GHz  windows 42008  with tone 32454  worst SNR 8.6 dB | ch1   -4.12 (max dev 0.04)  ch2   -0.60 (max dev 0.07)  ch3   +0.16 (max dev 0.07)
[meter] 5.8000 GHz  windows 42013  with tone 128  worst SNR 9.1 dB | ch1   -0.17 (max dev 0.06)  ch2   +1.59 (max dev 0.13)  ch3   +2.53 (max dev 0.15)
[meter] 2.4000 GHz  windows 42014  with tone 9430  worst SNR 9.0 dB | ch1   +0.64 (max dev 0.06)  ch2   +0.79 (max dev 0.08)  ch3   +1.18 (max dev 0.08)
[meter] 5.2000 GHz  windows 42011  with tone 32457  worst SNR 8.6 dB | ch1   -4.12 (max dev 0.04)  ch2   -0.60 (max dev 0.07)  ch3   +0.16 (max dev 0.07)
[meter] 5.8000 GHz  windows 42015  with tone 128  worst SNR 9.1 dB | ch1   -0.17 (max dev 0.06)  ch2   +1.59 (max dev 0.13)  ch3   +2.53 (max dev 0.15)
[meter] 2.4000 GHz  windows 42014  with tone 9430  worst SNR 9.0 dB | ch1   +0.64 (max dev 0.06)  ch2   +0.79 (max dev 0.08)  ch3   +1.18 (max dev 0.08)
[meter] 5.2000 GHz  windows 42011  with tone 32457  worst SNR 8.6 dB | ch1   -4.12 (max dev 0.04)  ch2   -0.60 (max dev 0.07)  ch3   +0.16 (max dev 0.07)
[meter] 5.8000 GHz  windows 42016  with tone 128  worst SNR 9.1 dB | ch1   -0.17 (max dev 0.06)  ch2   +1.59 (max dev 0.13)  ch3   +2.53 (max dev 0.15)
[meter] 2.4000 GHz  windows 42095  with tone 9430  worst SNR 9.0 dB | ch1   +0.64 (max dev 0.06)  ch2   +0.79 (max dev 0.08)  ch3   +1.18 (max dev 0.08)
[meter] 5.2000 GHz  windows 42092  with tone 32538  worst SNR 8.6 dB | ch1   -4.12 (max dev 0.04)  ch2   -0.61 (max dev 0.07)  ch3   +0.15 (max dev 0.07)
[meter] 5.8000 GHz  windows 42096  with tone 128  worst SNR 9.1 dB | ch1   -0.17 (max dev 0.06)  ch2   +1.59 (max dev 0.13)  ch3   +2.53 (max dev 0.15)
[meter] 2.4000 GHz  windows 42097  with tone 9430  worst SNR 9.0 dB | ch1   +0.64 (max dev 0.06)  ch2   +0.79 (max dev 0.08)  ch3   +1.18 (max dev 0.08)
[meter] 5.2000 GHz  windows 42094  with tone 32540  worst SNR 8.6 dB | ch1   -4.12 (max dev 0.04)  ch2   -0.61 (max dev 0.07)  ch3   +0.15 (max dev 0.07)
[meter] 5.8000 GHz  windows 42099  with tone 128  worst SNR 9.1 dB | ch1   -0.17 (max dev 0.06)  ch2   +1.59 (max dev 0.13)  ch3   +2.53 (max dev 0.15)
[meter] 2.4000 GHz  windows 42098  with tone 9430  worst SNR 9.0 dB | ch1   +0.64 (max dev 0.06)  ch2   +0.79 (max dev 0.08)  ch3   +1.18 (max dev 0.08)
[meter] 5.2000 GHz  windows 42094  with tone 32540  worst SNR 8.6 dB | ch1   -4.12 (max dev 0.04)  ch2   -0.61 (max dev 0.07)  ch3   +0.15 (max dev 0.07)
[meter] 5.8000 GHz  windows 42099  with tone 128  worst SNR 9.1 dB | ch1   -0.17 (max dev 0.06)  ch2   +1.59 (max dev 0.13)  ch3   +2.53 (max dev 0.15)
[meter] 2.4000 GHz  windows 42179  with tone 9430  worst SNR 9.0 dB | ch1   +0.64 (max dev 0.06)  ch2   +0.79 (max dev 0.08)  ch3   +1.18 (max dev 0.08)
[meter] 5.2000 GHz  windows 42175  with tone 32621  worst SNR 8.6 dB | ch1   -4.12 (max dev 0.05)  ch2   -0.62 (max dev 0.07)  ch3   +0.14 (max dev 0.05)
[meter] 5.8000 GHz  windows 42180  with tone 128  worst SNR 9.1 dB | ch1   -0.17 (max dev 0.06)  ch2   +1.59 (max dev 0.13)  ch3   +2.53 (max dev 0.15)
[meter] 2.4000 GHz  windows 42181  with tone 9430  worst SNR 9.0 dB | ch1   +0.64 (max dev 0.06)  ch2   +0.79 (max dev 0.08)  ch3   +1.18 (max dev 0.08)
[meter] 5.2000 GHz  windows 42177  with tone 32623  worst SNR 8.6 dB | ch1   -4.12 (max dev 0.05)  ch2   -0.62 (max dev 0.07)  ch3   +0.14 (max dev 0.05)
[meter] 5.8000 GHz  windows 42182  with tone 128  worst SNR 9.1 dB | ch1   -0.17 (max dev 0.06)  ch2   +1.59 (max dev 0.13)  ch3   +2.53 (max dev 0.15)
[meter] 2.4000 GHz  windows 42181  with tone 9430  worst SNR 9.0 dB | ch1   +0.64 (max dev 0.06)  ch2   +0.79 (max dev 0.08)  ch3   +1.18 (max dev 0.08)
[meter] 5.2000 GHz  windows 42178  with tone 32624  worst SNR 8.6 dB | ch1   -4.12 (max dev 0.05)  ch2   -0.62 (max dev 0.07)  ch3   +0.14 (max dev 0.05)
[meter] 5.8000 GHz  windows 42182  with tone 128  worst SNR 9.1 dB | ch1   -0.17 (max dev 0.06)  ch2   +1.59 (max dev 0.13)  ch3   +2.53 (max dev 0.15)
[meter] 2.4000 GHz  windows 42262  with tone 9430  worst SNR 9.0 dB | ch1   +0.64 (max dev 0.06)  ch2   +0.79 (max dev 0.08)  ch3   +1.18 (max dev 0.08)
[meter] 5.2000 GHz  windows 42259  with tone 32705  worst SNR 8.6 dB | ch1   -4.11 (max dev 0.05)  ch2   -0.61 (max dev 0.08)  ch3   +0.15 (max dev 0.08)
[meter] 5.8000 GHz  windows 42263  with tone 128  worst SNR 9.1 dB | ch1   -0.17 (max dev 0.06)  ch2   +1.59 (max dev 0.13)  ch3   +2.53 (max dev 0.15)
[meter] 2.4000 GHz  windows 42264  with tone 9430  worst SNR 9.0 dB | ch1   +0.64 (max dev 0.06)  ch2   +0.79 (max dev 0.08)  ch3   +1.18 (max dev 0.08)
[meter] 5.2000 GHz  windows 42260  with tone 32706  worst SNR 8.6 dB | ch1   -4.11 (max dev 0.05)  ch2   -0.60 (max dev 0.08)  ch3   +0.15 (max dev 0.08)
[meter] 5.8000 GHz  windows 42265  with tone 128  worst SNR 9.1 dB | ch1   -0.17 (max dev 0.06)  ch2   +1.59 (max dev 0.13)  ch3   +2.53 (max dev 0.15)
[meter] 2.4000 GHz  windows 42264  with tone 9430  worst SNR 9.0 dB | ch1   +0.64 (max dev 0.06)  ch2   +0.79 (max dev 0.08)  ch3   +1.18 (max dev 0.08)
[meter] 5.2000 GHz  windows 42261  with tone 32707  worst SNR 8.6 dB | ch1   -4.11 (max dev 0.05)  ch2   -0.60 (max dev 0.08)  ch3   +0.15 (max dev 0.08)
[meter] 5.8000 GHz  windows 42265  with tone 128  worst SNR 9.1 dB | ch1   -0.17 (max dev 0.06)  ch2   +1.59 (max dev 0.13)  ch3   +2.53 (max dev 0.15)
[meter] 2.4000 GHz  windows 42346  with tone 9430  worst SNR 9.0 dB | ch1   +0.64 (max dev 0.06)  ch2   +0.79 (max dev 0.08)  ch3   +1.18 (max dev 0.08)
[meter] 5.2000 GHz  windows 42342  with tone 32788  worst SNR 8.6 dB | ch1   -4.11 (max dev 0.04)  ch2   -0.58 (max dev 0.10)  ch3   +0.17 (max dev 0.11)
[meter] 5.8000 GHz  windows 42347  with tone 128  worst SNR 9.1 dB | ch1   -0.17 (max dev 0.06)  ch2   +1.59 (max dev 0.13)  ch3   +2.53 (max dev 0.15)
[meter] 2.4000 GHz  windows 42347  with tone 9430  worst SNR 9.0 dB | ch1   +0.64 (max dev 0.06)  ch2   +0.79 (max dev 0.08)  ch3   +1.18 (max dev 0.08)
[meter] 5.2000 GHz  windows 42344  with tone 32790  worst SNR 8.6 dB | ch1   -4.11 (max dev 0.04)  ch2   -0.58 (max dev 0.10)  ch3   +0.17 (max dev 0.11)
[meter] 5.8000 GHz  windows 42348  with tone 128  worst SNR 9.1 dB | ch1   -0.17 (max dev 0.06)  ch2   +1.59 (max dev 0.13)  ch3   +2.53 (max dev 0.15)
[meter] 2.4000 GHz  windows 42347  with tone 9430  worst SNR 9.0 dB | ch1   +0.64 (max dev 0.06)  ch2   +0.79 (max dev 0.08)  ch3   +1.18 (max dev 0.08)
[meter] 5.2000 GHz  windows 42344  with tone 32790  worst SNR 8.6 dB | ch1   -4.11 (max dev 0.04)  ch2   -0.58 (max dev 0.10)  ch3   +0.17 (max dev 0.11)
[meter] 5.8000 GHz  windows 42349  with tone 128  worst SNR 9.1 dB | ch1   -0.17 (max dev 0.06)  ch2   +1.59 (max dev 0.13)  ch3   +2.53 (max dev 0.15)
[meter] 2.4000 GHz  windows 42429  with tone 9430  worst SNR 9.0 dB | ch1   +0.64 (max dev 0.06)  ch2   +0.79 (max dev 0.08)  ch3   +1.18 (max dev 0.08)
[meter] 5.2000 GHz  windows 42426  with tone 32872  worst SNR 8.6 dB | ch1   -4.12 (max dev 0.05)  ch2   -0.55 (max dev 0.09)  ch3   +0.21 (max dev 0.07)
[meter] 5.8000 GHz  windows 42430  with tone 128  worst SNR 9.1 dB | ch1   -0.17 (max dev 0.06)  ch2   +1.59 (max dev 0.13)  ch3   +2.53 (max dev 0.15)
[meter] 2.4000 GHz  windows 42431  with tone 9430  worst SNR 9.0 dB | ch1   +0.64 (max dev 0.06)  ch2   +0.79 (max dev 0.08)  ch3   +1.18 (max dev 0.08)
[meter] 5.2000 GHz  windows 42427  with tone 32873  worst SNR 8.6 dB | ch1   -4.12 (max dev 0.05)  ch2   -0.55 (max dev 0.09)  ch3   +0.21 (max dev 0.07)
[meter] 5.8000 GHz  windows 42432  with tone 128  worst SNR 9.1 dB | ch1   -0.17 (max dev 0.06)  ch2   +1.59 (max dev 0.13)  ch3   +2.53 (max dev 0.15)
[meter] 2.4000 GHz  windows 42431  with tone 9430  worst SNR 9.0 dB | ch1   +0.64 (max dev 0.06)  ch2   +0.79 (max dev 0.08)  ch3   +1.18 (max dev 0.08)
[meter] 5.2000 GHz  windows 42428  with tone 32874  worst SNR 8.6 dB | ch1   -4.12 (max dev 0.05)  ch2   -0.55 (max dev 0.09)  ch3   +0.21 (max dev 0.07)
[meter] 5.8000 GHz  windows 42432  with tone 128  worst SNR 9.1 dB | ch1   -0.17 (max dev 0.06)  ch2   +1.59 (max dev 0.13)  ch3   +2.53 (max dev 0.15)
[meter] 2.4000 GHz  windows 42512  with tone 9430  worst SNR 9.0 dB | ch1   +0.64 (max dev 0.06)  ch2   +0.79 (max dev 0.08)  ch3   +1.18 (max dev 0.08)
[meter] 5.2000 GHz  windows 42509  with tone 32955  worst SNR 8.6 dB | ch1   -4.12 (max dev 0.05)  ch2   -0.53 (max dev 0.06)  ch3   +0.23 (max dev 0.07)
[meter] 5.8000 GHz  windows 42514  with tone 128  worst SNR 9.1 dB | ch1   -0.17 (max dev 0.06)  ch2   +1.59 (max dev 0.13)  ch3   +2.53 (max dev 0.15)
[meter] 2.4000 GHz  windows 42514  with tone 9430  worst SNR 9.0 dB | ch1   +0.64 (max dev 0.06)  ch2   +0.79 (max dev 0.08)  ch3   +1.18 (max dev 0.08)
[meter] 5.2000 GHz  windows 42511  with tone 32957  worst SNR 8.6 dB | ch1   -4.12 (max dev 0.05)  ch2   -0.53 (max dev 0.07)  ch3   +0.24 (max dev 0.07)
[meter] 5.8000 GHz  windows 42515  with tone 128  worst SNR 9.1 dB | ch1   -0.17 (max dev 0.06)  ch2   +1.59 (max dev 0.13)  ch3   +2.53 (max dev 0.15)
[meter] 2.4000 GHz  windows 42514  with tone 9430  worst SNR 9.0 dB | ch1   +0.64 (max dev 0.06)  ch2   +0.79 (max dev 0.08)  ch3   +1.18 (max dev 0.08)
[meter] 5.2000 GHz  windows 42511  with tone 32957  worst SNR 8.6 dB | ch1   -4.12 (max dev 0.05)  ch2   -0.53 (max dev 0.07)  ch3   +0.24 (max dev 0.07)
[meter] 5.8000 GHz  windows 42515  with tone 128  worst SNR 9.1 dB | ch1   -0.17 (max dev 0.06)  ch2   +1.59 (max dev 0.13)  ch3   +2.53 (max dev 0.15)
[meter] 2.4000 GHz  windows 42596  with tone 9430  worst SNR 9.0 dB | ch1   +0.64 (max dev 0.06)  ch2   +0.79 (max dev 0.08)  ch3   +1.18 (max dev 0.08)
[meter] 5.2000 GHz  windows 42592  with tone 33038  worst SNR 8.6 dB | ch1   -4.12 (max dev 0.05)  ch2   -0.52 (max dev 0.09)  ch3   +0.24 (max dev 0.07)
[meter] 5.8000 GHz  windows 42597  with tone 128  worst SNR 9.1 dB | ch1   -0.17 (max dev 0.06)  ch2   +1.59 (max dev 0.13)  ch3   +2.53 (max dev 0.15)
[meter] 2.4000 GHz  windows 42598  with tone 9430  worst SNR 9.0 dB | ch1   +0.64 (max dev 0.06)  ch2   +0.79 (max dev 0.08)  ch3   +1.18 (max dev 0.08)
[meter] 5.2000 GHz  windows 42594  with tone 33040  worst SNR 8.6 dB | ch1   -4.12 (max dev 0.05)  ch2   -0.52 (max dev 0.09)  ch3   +0.24 (max dev 0.07)
[meter] 5.8000 GHz  windows 42599  with tone 128  worst SNR 9.1 dB | ch1   -0.17 (max dev 0.06)  ch2   +1.59 (max dev 0.13)  ch3   +2.53 (max dev 0.15)
[meter] 2.4000 GHz  windows 42598  with tone 9430  worst SNR 9.0 dB | ch1   +0.64 (max dev 0.06)  ch2   +0.79 (max dev 0.08)  ch3   +1.18 (max dev 0.08)
[meter] 5.2000 GHz  windows 42595  with tone 33041  worst SNR 8.6 dB | ch1   -4.12 (max dev 0.05)  ch2   -0.52 (max dev 0.09)  ch3   +0.24 (max dev 0.07)
[meter] 5.8000 GHz  windows 42599  with tone 128  worst SNR 9.1 dB | ch1   -0.17 (max dev 0.06)  ch2   +1.59 (max dev 0.13)  ch3   +2.53 (max dev 0.15)
[meter] 2.4000 GHz  windows 42679  with tone 9430  worst SNR 9.0 dB | ch1   +0.64 (max dev 0.06)  ch2   +0.79 (max dev 0.08)  ch3   +1.18 (max dev 0.08)
[meter] 5.2000 GHz  windows 42676  with tone 33122  worst SNR 8.6 dB | ch1   -4.11 (max dev 0.04)  ch2   -0.51 (max dev 0.10)  ch3   +0.25 (max dev 0.06)
[meter] 5.8000 GHz  windows 42680  with tone 128  worst SNR 9.1 dB | ch1   -0.17 (max dev 0.06)  ch2   +1.59 (max dev 0.13)  ch3   +2.53 (max dev 0.15)
[meter] 2.4000 GHz  windows 42681  with tone 9430  worst SNR 9.0 dB | ch1   +0.64 (max dev 0.06)  ch2   +0.79 (max dev 0.08)  ch3   +1.18 (max dev 0.08)
[meter] 5.2000 GHz  windows 42678  with tone 33124  worst SNR 8.6 dB | ch1   -4.11 (max dev 0.04)  ch2   -0.51 (max dev 0.10)  ch3   +0.25 (max dev 0.06)
[meter] 5.8000 GHz  windows 42683  with tone 128  worst SNR 9.1 dB | ch1   -0.17 (max dev 0.06)  ch2   +1.59 (max dev 0.13)  ch3   +2.53 (max dev 0.15)
[meter] 2.4000 GHz  windows 42682  with tone 9430  worst SNR 9.0 dB | ch1   +0.64 (max dev 0.06)  ch2   +0.79 (max dev 0.08)  ch3   +1.18 (max dev 0.08)
[meter] 5.2000 GHz  windows 42678  with tone 33124  worst SNR 8.6 dB | ch1   -4.11 (max dev 0.04)  ch2   -0.51 (max dev 0.10)  ch3   +0.25 (max dev 0.06)
[meter] 5.8000 GHz  windows 42683  with tone 128  worst SNR 9.1 dB | ch1   -0.17 (max dev 0.06)  ch2   +1.59 (max dev 0.13)  ch3   +2.53 (max dev 0.15)
[meter] 2.4000 GHz  windows 42762  with tone 9430  worst SNR 9.0 dB | ch1   +0.64 (max dev 0.06)  ch2   +0.79 (max dev 0.08)  ch3   +1.18 (max dev 0.08)
[meter] 5.2000 GHz  windows 42759  with tone 33205  worst SNR 8.6 dB | ch1   -4.11 (max dev 0.04)  ch2   -0.50 (max dev 0.11)  ch3   +0.26 (max dev 0.07)
[meter] 5.8000 GHz  windows 42764  with tone 128  worst SNR 9.1 dB | ch1   -0.17 (max dev 0.06)  ch2   +1.59 (max dev 0.13)  ch3   +2.53 (max dev 0.15)
[meter] 2.4000 GHz  windows 42764  with tone 9430  worst SNR 9.0 dB | ch1   +0.64 (max dev 0.06)  ch2   +0.79 (max dev 0.08)  ch3   +1.18 (max dev 0.08)
[meter] 5.2000 GHz  windows 42761  with tone 33207  worst SNR 8.6 dB | ch1   -4.11 (max dev 0.04)  ch2   -0.50 (max dev 0.11)  ch3   +0.26 (max dev 0.08)
[meter] 5.8000 GHz  windows 42766  with tone 128  worst SNR 9.1 dB | ch1   -0.17 (max dev 0.06)  ch2   +1.59 (max dev 0.13)  ch3   +2.53 (max dev 0.15)
[meter] 2.4000 GHz  windows 42765  with tone 9430  worst SNR 9.0 dB | ch1   +0.64 (max dev 0.06)  ch2   +0.79 (max dev 0.08)  ch3   +1.18 (max dev 0.08)
[meter] 5.2000 GHz  windows 42762  with tone 33208  worst SNR 8.6 dB | ch1   -4.11 (max dev 0.04)  ch2   -0.50 (max dev 0.11)  ch3   +0.26 (max dev 0.08)
[meter] 5.8000 GHz  windows 42766  with tone 128  worst SNR 9.1 dB | ch1   -0.17 (max dev 0.06)  ch2   +1.59 (max dev 0.13)  ch3   +2.53 (max dev 0.15)
[meter] 2.4000 GHz  windows 42846  with tone 9430  worst SNR 9.0 dB | ch1   +0.64 (max dev 0.06)  ch2   +0.79 (max dev 0.08)  ch3   +1.18 (max dev 0.08)
[meter] 5.2000 GHz  windows 42842  with tone 33288  worst SNR 8.6 dB | ch1   -4.11 (max dev 0.05)  ch2   -0.47 (max dev 0.08)  ch3   +0.27 (max dev 0.06)
[meter] 5.8000 GHz  windows 42847  with tone 128  worst SNR 9.1 dB | ch1   -0.17 (max dev 0.06)  ch2   +1.59 (max dev 0.13)  ch3   +2.53 (max dev 0.15)
[meter] 2.4000 GHz  windows 42848  with tone 9430  worst SNR 9.0 dB | ch1   +0.64 (max dev 0.06)  ch2   +0.79 (max dev 0.08)  ch3   +1.18 (max dev 0.08)
[meter] 5.2000 GHz  windows 42844  with tone 33290  worst SNR 8.6 dB | ch1   -4.11 (max dev 0.05)  ch2   -0.47 (max dev 0.08)  ch3   +0.27 (max dev 0.06)
[meter] 5.8000 GHz  windows 42849  with tone 128  worst SNR 9.1 dB | ch1   -0.17 (max dev 0.06)  ch2   +1.59 (max dev 0.13)  ch3   +2.53 (max dev 0.15)
[meter] 2.4000 GHz  windows 42848  with tone 9430  worst SNR 9.0 dB | ch1   +0.64 (max dev 0.06)  ch2   +0.79 (max dev 0.08)  ch3   +1.18 (max dev 0.08)
[meter] 5.2000 GHz  windows 42845  with tone 33291  worst SNR 8.6 dB | ch1   -4.11 (max dev 0.05)  ch2   -0.47 (max dev 0.08)  ch3   +0.27 (max dev 0.06)
[meter] 5.8000 GHz  windows 42849  with tone 128  worst SNR 9.1 dB | ch1   -0.17 (max dev 0.06)  ch2   +1.59 (max dev 0.13)  ch3   +2.53 (max dev 0.15)
[meter] 2.4000 GHz  windows 42929  with tone 9430  worst SNR 9.0 dB | ch1   +0.64 (max dev 0.06)  ch2   +0.79 (max dev 0.08)  ch3   +1.18 (max dev 0.08)
[meter] 5.2000 GHz  windows 42926  with tone 33372  worst SNR 8.6 dB | ch1   -4.11 (max dev 0.06)  ch2   -0.45 (max dev 0.07)  ch3   +0.29 (max dev 0.07)
[meter] 5.8000 GHz  windows 42931  with tone 128  worst SNR 9.1 dB | ch1   -0.17 (max dev 0.06)  ch2   +1.59 (max dev 0.13)  ch3   +2.53 (max dev 0.15)
[meter] 2.4000 GHz  windows 42931  with tone 9430  worst SNR 9.0 dB | ch1   +0.64 (max dev 0.06)  ch2   +0.79 (max dev 0.08)  ch3   +1.18 (max dev 0.08)
[meter] 5.2000 GHz  windows 42928  with tone 33374  worst SNR 8.6 dB | ch1   -4.11 (max dev 0.06)  ch2   -0.45 (max dev 0.06)  ch3   +0.29 (max dev 0.07)
[meter] 5.8000 GHz  windows 42933  with tone 128  worst SNR 9.1 dB | ch1   -0.17 (max dev 0.06)  ch2   +1.59 (max dev 0.13)  ch3   +2.53 (max dev 0.15)
[meter] 2.4000 GHz  windows 42932  with tone 9430  worst SNR 9.0 dB | ch1   +0.64 (max dev 0.06)  ch2   +0.79 (max dev 0.08)  ch3   +1.18 (max dev 0.08)
[meter] 5.2000 GHz  windows 42928  with tone 33374  worst SNR 8.6 dB | ch1   -4.11 (max dev 0.06)  ch2   -0.45 (max dev 0.06)  ch3   +0.29 (max dev 0.07)
[meter] 5.8000 GHz  windows 42933  with tone 128  worst SNR 9.1 dB | ch1   -0.17 (max dev 0.06)  ch2   +1.59 (max dev 0.13)  ch3   +2.53 (max dev 0.15)
[meter] 2.4000 GHz  windows 43012  with tone 9430  worst SNR 9.0 dB | ch1   +0.64 (max dev 0.06)  ch2   +0.79 (max dev 0.08)  ch3   +1.18 (max dev 0.08)
[meter] 5.2000 GHz  windows 43009  with tone 33455  worst SNR 8.6 dB | ch1   -4.11 (max dev 0.04)  ch2   -0.45 (max dev 0.06)  ch3   +0.29 (max dev 0.06)
[meter] 5.8000 GHz  windows 43013  with tone 128  worst SNR 9.1 dB | ch1   -0.17 (max dev 0.06)  ch2   +1.59 (max dev 0.13)  ch3   +2.53 (max dev 0.15)
[meter] 2.4000 GHz  windows 43015  with tone 9430  worst SNR 9.0 dB | ch1   +0.64 (max dev 0.06)  ch2   +0.79 (max dev 0.08)  ch3   +1.18 (max dev 0.08)
[meter] 5.2000 GHz  windows 43011  with tone 33457  worst SNR 8.6 dB | ch1   -4.11 (max dev 0.04)  ch2   -0.45 (max dev 0.06)  ch3   +0.29 (max dev 0.06)
[meter] 5.8000 GHz  windows 43016  with tone 128  worst SNR 9.1 dB | ch1   -0.17 (max dev 0.06)  ch2   +1.59 (max dev 0.13)  ch3   +2.53 (max dev 0.15)
[meter] 2.4000 GHz  windows 43015  with tone 9430  worst SNR 9.0 dB | ch1   +0.64 (max dev 0.06)  ch2   +0.79 (max dev 0.08)  ch3   +1.18 (max dev 0.08)
[meter] 5.2000 GHz  windows 43012  with tone 33458  worst SNR 8.6 dB | ch1   -4.11 (max dev 0.04)  ch2   -0.45 (max dev 0.06)  ch3   +0.29 (max dev 0.06)
[meter] 5.8000 GHz  windows 43016  with tone 128  worst SNR 9.1 dB | ch1   -0.17 (max dev 0.06)  ch2   +1.59 (max dev 0.13)  ch3   +2.53 (max dev 0.15)
[meter] 2.4000 GHz  windows 43096  with tone 9430  worst SNR 9.0 dB | ch1   +0.64 (max dev 0.06)  ch2   +0.79 (max dev 0.08)  ch3   +1.18 (max dev 0.08)
[meter] 5.2000 GHz  windows 43093  with tone 33539  worst SNR 8.6 dB | ch1   -4.11 (max dev 0.05)  ch2   -0.45 (max dev 0.06)  ch3   +0.29 (max dev 0.05)
[meter] 5.8000 GHz  windows 43097  with tone 128  worst SNR 9.1 dB | ch1   -0.17 (max dev 0.06)  ch2   +1.59 (max dev 0.13)  ch3   +2.53 (max dev 0.15)
[meter] 2.4000 GHz  windows 43098  with tone 9430  worst SNR 9.0 dB | ch1   +0.64 (max dev 0.06)  ch2   +0.79 (max dev 0.08)  ch3   +1.18 (max dev 0.08)
[meter] 5.2000 GHz  windows 43095  with tone 33541  worst SNR 8.6 dB | ch1   -4.11 (max dev 0.05)  ch2   -0.45 (max dev 0.06)  ch3   +0.29 (max dev 0.05)
[meter] 5.8000 GHz  windows 43099  with tone 128  worst SNR 9.1 dB | ch1   -0.17 (max dev 0.06)  ch2   +1.59 (max dev 0.13)  ch3   +2.53 (max dev 0.15)
[meter] 2.4000 GHz  windows 43099  with tone 9430  worst SNR 9.0 dB | ch1   +0.64 (max dev 0.06)  ch2   +0.79 (max dev 0.08)  ch3   +1.18 (max dev 0.08)
[meter] 5.2000 GHz  windows 43095  with tone 33541  worst SNR 8.6 dB | ch1   -4.11 (max dev 0.05)  ch2   -0.45 (max dev 0.06)  ch3   +0.29 (max dev 0.05)
[meter] 5.8000 GHz  windows 43100  with tone 128  worst SNR 9.1 dB | ch1   -0.17 (max dev 0.06)  ch2   +1.59 (max dev 0.13)  ch3   +2.53 (max dev 0.15)
[meter] 2.4000 GHz  windows 43179  with tone 9430  worst SNR 9.0 dB | ch1   +0.64 (max dev 0.06)  ch2   +0.79 (max dev 0.08)  ch3   +1.18 (max dev 0.08)
[meter] 5.2000 GHz  windows 43176  with tone 33622  worst SNR 8.6 dB | ch1   -4.11 (max dev 0.05)  ch2   -0.46 (max dev 0.05)  ch3   +0.29 (max dev 0.06)
[meter] 5.8000 GHz  windows 43181  with tone 128  worst SNR 9.1 dB | ch1   -0.17 (max dev 0.06)  ch2   +1.59 (max dev 0.13)  ch3   +2.53 (max dev 0.15)
[meter] 2.4000 GHz  windows 43182  with tone 9430  worst SNR 9.0 dB | ch1   +0.64 (max dev 0.06)  ch2   +0.79 (max dev 0.08)  ch3   +1.18 (max dev 0.08)
[meter] 5.2000 GHz  windows 43178  with tone 33624  worst SNR 8.6 dB | ch1   -4.11 (max dev 0.05)  ch2   -0.46 (max dev 0.05)  ch3   +0.29 (max dev 0.06)
[meter] 5.8000 GHz  windows 43183  with tone 128  worst SNR 9.1 dB | ch1   -0.17 (max dev 0.06)  ch2   +1.59 (max dev 0.13)  ch3   +2.53 (max dev 0.15)
[meter] 2.4000 GHz  windows 43182  with tone 9430  worst SNR 9.0 dB | ch1   +0.64 (max dev 0.06)  ch2   +0.79 (max dev 0.08)  ch3   +1.18 (max dev 0.08)
[meter] 5.2000 GHz  windows 43179  with tone 33625  worst SNR 8.6 dB | ch1   -4.11 (max dev 0.05)  ch2   -0.46 (max dev 0.05)  ch3   +0.29 (max dev 0.06)
[meter] 5.8000 GHz  windows 43183  with tone 128  worst SNR 9.1 dB | ch1   -0.17 (max dev 0.06)  ch2   +1.59 (max dev 0.13)  ch3   +2.53 (max dev 0.15)
[meter] 2.4000 GHz  windows 43263  with tone 9430  worst SNR 9.0 dB | ch1   +0.64 (max dev 0.06)  ch2   +0.79 (max dev 0.08)  ch3   +1.18 (max dev 0.08)
[meter] 5.2000 GHz  windows 43259  with tone 33705  worst SNR 8.6 dB | ch1   -4.11 (max dev 0.05)  ch2   -0.47 (max dev 0.08)  ch3   +0.28 (max dev 0.11)
[meter] 5.8000 GHz  windows 43264  with tone 128  worst SNR 9.1 dB | ch1   -0.17 (max dev 0.06)  ch2   +1.59 (max dev 0.13)  ch3   +2.53 (max dev 0.15)
[meter] 2.4000 GHz  windows 43265  with tone 9430  worst SNR 9.0 dB | ch1   +0.64 (max dev 0.06)  ch2   +0.79 (max dev 0.08)  ch3   +1.18 (max dev 0.08)
[meter] 5.2000 GHz  windows 43262  with tone 33708  worst SNR 8.6 dB | ch1   -4.11 (max dev 0.05)  ch2   -0.47 (max dev 0.08)  ch3   +0.28 (max dev 0.11)
[meter] 5.8000 GHz  windows 43266  with tone 128  worst SNR 9.1 dB | ch1   -0.17 (max dev 0.06)  ch2   +1.59 (max dev 0.13)  ch3   +2.53 (max dev 0.15)
[meter] 2.4000 GHz  windows 43265  with tone 9430  worst SNR 9.0 dB | ch1   +0.64 (max dev 0.06)  ch2   +0.79 (max dev 0.08)  ch3   +1.18 (max dev 0.08)
[meter] 5.2000 GHz  windows 43262  with tone 33708  worst SNR 8.6 dB | ch1   -4.11 (max dev 0.05)  ch2   -0.47 (max dev 0.08)  ch3   +0.28 (max dev 0.11)
[meter] 5.8000 GHz  windows 43267  with tone 128  worst SNR 9.1 dB | ch1   -0.17 (max dev 0.06)  ch2   +1.59 (max dev 0.13)  ch3   +2.53 (max dev 0.15)
[meter] 2.4000 GHz  windows 43346  with tone 9430  worst SNR 9.0 dB | ch1   +0.64 (max dev 0.06)  ch2   +0.79 (max dev 0.08)  ch3   +1.18 (max dev 0.08)
[meter] 5.2000 GHz  windows 43343  with tone 33789  worst SNR 8.6 dB | ch1   -4.12 (max dev 0.07)  ch2   -0.49 (max dev 0.10)  ch3   +0.25 (max dev 0.09)
[meter] 5.8000 GHz  windows 43347  with tone 128  worst SNR 9.1 dB | ch1   -0.17 (max dev 0.06)  ch2   +1.59 (max dev 0.13)  ch3   +2.53 (max dev 0.15)
[meter] 2.4000 GHz  windows 43348  with tone 9430  worst SNR 9.0 dB | ch1   +0.64 (max dev 0.06)  ch2   +0.79 (max dev 0.08)  ch3   +1.18 (max dev 0.08)
[meter] 5.2000 GHz  windows 43345  with tone 33791  worst SNR 8.6 dB | ch1   -4.12 (max dev 0.07)  ch2   -0.49 (max dev 0.11)  ch3   +0.25 (max dev 0.09)
[meter] 5.8000 GHz  windows 43350  with tone 128  worst SNR 9.1 dB | ch1   -0.17 (max dev 0.06)  ch2   +1.59 (max dev 0.13)  ch3   +2.53 (max dev 0.15)
[meter] 2.4000 GHz  windows 43349  with tone 9430  worst SNR 9.0 dB | ch1   +0.64 (max dev 0.06)  ch2   +0.79 (max dev 0.08)  ch3   +1.18 (max dev 0.08)
[meter] 5.2000 GHz  windows 43345  with tone 33791  worst SNR 8.6 dB | ch1   -4.12 (max dev 0.07)  ch2   -0.49 (max dev 0.11)  ch3   +0.25 (max dev 0.09)
[meter] 5.8000 GHz  windows 43350  with tone 128  worst SNR 9.1 dB | ch1   -0.17 (max dev 0.06)  ch2   +1.59 (max dev 0.13)  ch3   +2.53 (max dev 0.15)
[meter] 2.4000 GHz  windows 43429  with tone 9430  worst SNR 9.0 dB | ch1   +0.64 (max dev 0.06)  ch2   +0.79 (max dev 0.08)  ch3   +1.18 (max dev 0.08)
[meter] 5.2000 GHz  windows 43426  with tone 33872  worst SNR 8.6 dB | ch1   -4.12 (max dev 0.07)  ch2   -0.51 (max dev 0.09)  ch3   +0.24 (max dev 0.10)
[meter] 5.8000 GHz  windows 43431  with tone 128  worst SNR 9.1 dB | ch1   -0.17 (max dev 0.06)  ch2   +1.59 (max dev 0.13)  ch3   +2.53 (max dev 0.15)
[meter] 2.4000 GHz  windows 43432  with tone 9430  worst SNR 9.0 dB | ch1   +0.64 (max dev 0.06)  ch2   +0.79 (max dev 0.08)  ch3   +1.18 (max dev 0.08)
[meter] 5.2000 GHz  windows 43428  with tone 33874  worst SNR 8.6 dB | ch1   -4.12 (max dev 0.07)  ch2   -0.51 (max dev 0.09)  ch3   +0.24 (max dev 0.10)
[meter] 5.8000 GHz  windows 43433  with tone 128  worst SNR 9.1 dB | ch1   -0.17 (max dev 0.06)  ch2   +1.59 (max dev 0.13)  ch3   +2.53 (max dev 0.15)
[meter] 2.4000 GHz  windows 43432  with tone 9430  worst SNR 9.0 dB | ch1   +0.64 (max dev 0.06)  ch2   +0.79 (max dev 0.08)  ch3   +1.18 (max dev 0.08)
[meter] 5.2000 GHz  windows 43429  with tone 33875  worst SNR 8.6 dB | ch1   -4.12 (max dev 0.07)  ch2   -0.51 (max dev 0.09)  ch3   +0.24 (max dev 0.10)
[meter] 5.8000 GHz  windows 43433  with tone 128  worst SNR 9.1 dB | ch1   -0.17 (max dev 0.06)  ch2   +1.59 (max dev 0.13)  ch3   +2.53 (max dev 0.15)
[meter] 2.4000 GHz  windows 43513  with tone 9430  worst SNR 9.0 dB | ch1   +0.64 (max dev 0.06)  ch2   +0.79 (max dev 0.08)  ch3   +1.18 (max dev 0.08)
[meter] 5.2000 GHz  windows 43509  with tone 33955  worst SNR 8.6 dB | ch1   -4.12 (max dev 0.07)  ch2   -0.52 (max dev 0.09)  ch3   +0.23 (max dev 0.07)
[meter] 5.8000 GHz  windows 43514  with tone 128  worst SNR 9.1 dB | ch1   -0.17 (max dev 0.06)  ch2   +1.59 (max dev 0.13)  ch3   +2.53 (max dev 0.15)
[meter] 2.4000 GHz  windows 43515  with tone 9430  worst SNR 9.0 dB | ch1   +0.64 (max dev 0.06)  ch2   +0.79 (max dev 0.08)  ch3   +1.18 (max dev 0.08)
[meter] 5.2000 GHz  windows 43511  with tone 33957  worst SNR 8.6 dB | ch1   -4.12 (max dev 0.07)  ch2   -0.52 (max dev 0.09)  ch3   +0.23 (max dev 0.07)
[meter] 5.8000 GHz  windows 43516  with tone 128  worst SNR 9.1 dB | ch1   -0.17 (max dev 0.06)  ch2   +1.59 (max dev 0.13)  ch3   +2.53 (max dev 0.15)
[meter] 2.4000 GHz  windows 43515  with tone 9430  worst SNR 9.0 dB | ch1   +0.64 (max dev 0.06)  ch2   +0.79 (max dev 0.08)  ch3   +1.18 (max dev 0.08)
[meter] 5.2000 GHz  windows 43512  with tone 33958  worst SNR 8.6 dB | ch1   -4.12 (max dev 0.07)  ch2   -0.52 (max dev 0.09)  ch3   +0.23 (max dev 0.07)
[meter] 5.8000 GHz  windows 43517  with tone 128  worst SNR 9.1 dB | ch1   -0.17 (max dev 0.06)  ch2   +1.59 (max dev 0.13)  ch3   +2.53 (max dev 0.15)
[meter] 2.4000 GHz  windows 43596  with tone 9430  worst SNR 9.0 dB | ch1   +0.64 (max dev 0.06)  ch2   +0.79 (max dev 0.08)  ch3   +1.18 (max dev 0.08)
[meter] 5.2000 GHz  windows 43593  with tone 34039  worst SNR 8.6 dB | ch1   -4.12 (max dev 0.04)  ch2   -0.53 (max dev 0.08)  ch3   +0.23 (max dev 0.07)
[meter] 5.8000 GHz  windows 43597  with tone 128  worst SNR 9.1 dB | ch1   -0.17 (max dev 0.06)  ch2   +1.59 (max dev 0.13)  ch3   +2.53 (max dev 0.15)
[meter] 2.4000 GHz  windows 43598  with tone 9430  worst SNR 9.0 dB | ch1   +0.64 (max dev 0.06)  ch2   +0.79 (max dev 0.08)  ch3   +1.18 (max dev 0.08)
[meter] 5.2000 GHz  windows 43595  with tone 34041  worst SNR 8.6 dB | ch1   -4.12 (max dev 0.04)  ch2   -0.53 (max dev 0.08)  ch3   +0.23 (max dev 0.07)
[meter] 5.8000 GHz  windows 43600  with tone 128  worst SNR 9.1 dB | ch1   -0.17 (max dev 0.06)  ch2   +1.59 (max dev 0.13)  ch3   +2.53 (max dev 0.15)
[meter] 2.4000 GHz  windows 43599  with tone 9430  worst SNR 9.0 dB | ch1   +0.64 (max dev 0.06)  ch2   +0.79 (max dev 0.08)  ch3   +1.18 (max dev 0.08)
[meter] 5.2000 GHz  windows 43596  with tone 34042  worst SNR 8.6 dB | ch1   -4.12 (max dev 0.04)  ch2   -0.53 (max dev 0.08)  ch3   +0.23 (max dev 0.07)
[meter] 5.8000 GHz  windows 43601  with tone 128  worst SNR 9.1 dB | ch1   -0.17 (max dev 0.06)  ch2   +1.59 (max dev 0.13)  ch3   +2.53 (max dev 0.15)
[meter] 2.4000 GHz  windows 43679  with tone 9430  worst SNR 9.0 dB | ch1   +0.64 (max dev 0.06)  ch2   +0.79 (max dev 0.08)  ch3   +1.18 (max dev 0.08)
[meter] 5.2000 GHz  windows 43676  with tone 34122  worst SNR 8.6 dB | ch1   -4.12 (max dev 0.04)  ch2   -0.52 (max dev 0.08)  ch3   +0.24 (max dev 0.07)
[meter] 5.8000 GHz  windows 43681  with tone 128  worst SNR 9.1 dB | ch1   -0.17 (max dev 0.06)  ch2   +1.59 (max dev 0.13)  ch3   +2.53 (max dev 0.15)
[meter] 2.4000 GHz  windows 43682  with tone 9430  worst SNR 9.0 dB | ch1   +0.64 (max dev 0.06)  ch2   +0.79 (max dev 0.08)  ch3   +1.18 (max dev 0.08)
[meter] 5.2000 GHz  windows 43679  with tone 34125  worst SNR 8.6 dB | ch1   -4.12 (max dev 0.04)  ch2   -0.52 (max dev 0.08)  ch3   +0.24 (max dev 0.07)
[meter] 5.8000 GHz  windows 43683  with tone 128  worst SNR 9.1 dB | ch1   -0.17 (max dev 0.06)  ch2   +1.59 (max dev 0.13)  ch3   +2.53 (max dev 0.15)
[meter] 2.4000 GHz  windows 43682  with tone 9430  worst SNR 9.0 dB | ch1   +0.64 (max dev 0.06)  ch2   +0.79 (max dev 0.08)  ch3   +1.18 (max dev 0.08)
[meter] 5.2000 GHz  windows 43679  with tone 34125  worst SNR 8.6 dB | ch1   -4.12 (max dev 0.04)  ch2   -0.52 (max dev 0.08)  ch3   +0.24 (max dev 0.07)
[meter] 5.8000 GHz  windows 43683  with tone 128  worst SNR 9.1 dB | ch1   -0.17 (max dev 0.06)  ch2   +1.59 (max dev 0.13)  ch3   +2.53 (max dev 0.15)
[meter] 2.4000 GHz  windows 43763  with tone 9430  worst SNR 9.0 dB | ch1   +0.64 (max dev 0.06)  ch2   +0.79 (max dev 0.08)  ch3   +1.18 (max dev 0.08)
[meter] 5.2000 GHz  windows 43760  with tone 34206  worst SNR 8.6 dB | ch1   -4.12 (max dev 0.04)  ch2   -0.53 (max dev 0.07)  ch3   +0.23 (max dev 0.05)
[meter] 5.8000 GHz  windows 43764  with tone 128  worst SNR 9.1 dB | ch1   -0.17 (max dev 0.06)  ch2   +1.59 (max dev 0.13)  ch3   +2.53 (max dev 0.15)
[meter] 2.4000 GHz  windows 43765  with tone 9430  worst SNR 9.0 dB | ch1   +0.64 (max dev 0.06)  ch2   +0.79 (max dev 0.08)  ch3   +1.18 (max dev 0.08)
[meter] 5.2000 GHz  windows 43762  with tone 34208  worst SNR 8.6 dB | ch1   -4.12 (max dev 0.04)  ch2   -0.53 (max dev 0.07)  ch3   +0.23 (max dev 0.05)
[meter] 5.8000 GHz  windows 43767  with tone 128  worst SNR 9.1 dB | ch1   -0.17 (max dev 0.06)  ch2   +1.59 (max dev 0.13)  ch3   +2.53 (max dev 0.15)
[meter] 2.4000 GHz  windows 43766  with tone 9430  worst SNR 9.0 dB | ch1   +0.64 (max dev 0.06)  ch2   +0.79 (max dev 0.08)  ch3   +1.18 (max dev 0.08)
[meter] 5.2000 GHz  windows 43763  with tone 34209  worst SNR 8.6 dB | ch1   -4.12 (max dev 0.04)  ch2   -0.53 (max dev 0.07)  ch3   +0.23 (max dev 0.05)
[meter] 5.8000 GHz  windows 43767  with tone 128  worst SNR 9.1 dB | ch1   -0.17 (max dev 0.06)  ch2   +1.59 (max dev 0.13)  ch3   +2.53 (max dev 0.15)
[meter] 2.4000 GHz  windows 43846  with tone 9430  worst SNR 9.0 dB | ch1   +0.64 (max dev 0.06)  ch2   +0.79 (max dev 0.08)  ch3   +1.18 (max dev 0.08)
[meter] 5.2000 GHz  windows 43843  with tone 34289  worst SNR 8.6 dB | ch1   -4.12 (max dev 0.05)  ch2   -0.54 (max dev 0.10)  ch3   +0.22 (max dev 0.09)
[meter] 5.8000 GHz  windows 43848  with tone 128  worst SNR 8.9 dB | ch1   -0.17 (max dev 0.06)  ch2   +1.59 (max dev 0.13)  ch3   +2.53 (max dev 0.15)
[meter] 2.4000 GHz  windows 43849  with tone 9430  worst SNR 9.0 dB | ch1   +0.64 (max dev 0.06)  ch2   +0.79 (max dev 0.08)  ch3   +1.18 (max dev 0.08)
[meter] 5.2000 GHz  windows 43845  with tone 34291  worst SNR 8.6 dB | ch1   -4.12 (max dev 0.05)  ch2   -0.54 (max dev 0.10)  ch3   +0.22 (max dev 0.09)
[meter] 5.8000 GHz  windows 43850  with tone 128  worst SNR 8.9 dB | ch1   -0.17 (max dev 0.06)  ch2   +1.59 (max dev 0.13)  ch3   +2.53 (max dev 0.15)
[meter] 2.4000 GHz  windows 43850  with tone 9430  worst SNR 9.0 dB | ch1   +0.64 (max dev 0.06)  ch2   +0.79 (max dev 0.08)  ch3   +1.18 (max dev 0.08)
[meter] 5.2000 GHz  windows 43846  with tone 34292  worst SNR 8.6 dB | ch1   -4.12 (max dev 0.05)  ch2   -0.54 (max dev 0.10)  ch3   +0.22 (max dev 0.09)
[meter] 5.8000 GHz  windows 43851  with tone 128  worst SNR 8.9 dB | ch1   -0.17 (max dev 0.06)  ch2   +1.59 (max dev 0.13)  ch3   +2.53 (max dev 0.15)
[meter] 2.4000 GHz  windows 43930  with tone 9430  worst SNR 9.0 dB | ch1   +0.64 (max dev 0.06)  ch2   +0.79 (max dev 0.08)  ch3   +1.18 (max dev 0.08)
[meter] 5.2000 GHz  windows 43927  with tone 34373  worst SNR 8.6 dB | ch1   -4.15 (max dev 0.48)  ch2   -0.42 (max dev 1.09)  ch3   +0.33 (max dev 1.05)
[meter] 5.8000 GHz  windows 43931  with tone 128  worst SNR 8.9 dB | ch1   -0.17 (max dev 0.06)  ch2   +1.59 (max dev 0.13)  ch3   +2.53 (max dev 0.15)
[meter] 2.4000 GHz  windows 43932  with tone 9430  worst SNR 9.0 dB | ch1   +0.64 (max dev 0.06)  ch2   +0.79 (max dev 0.08)  ch3   +1.18 (max dev 0.08)
[meter] 5.2000 GHz  windows 43928  with tone 34374  worst SNR 8.6 dB | ch1   -4.15 (max dev 0.48)  ch2   -0.41 (max dev 1.08)  ch3   +0.34 (max dev 1.05)
[meter] 5.8000 GHz  windows 43933  with tone 128  worst SNR 8.9 dB | ch1   -0.17 (max dev 0.06)  ch2   +1.59 (max dev 0.13)  ch3   +2.53 (max dev 0.15)
[meter] 2.4000 GHz  windows 43933  with tone 9430  worst SNR 9.0 dB | ch1   +0.64 (max dev 0.06)  ch2   +0.79 (max dev 0.08)  ch3   +1.18 (max dev 0.08)
[meter] 5.2000 GHz  windows 43929  with tone 34375  worst SNR 8.6 dB | ch1   -4.15 (max dev 0.48)  ch2   -0.41 (max dev 1.08)  ch3   +0.34 (max dev 1.05)
[meter] 5.8000 GHz  windows 43934  with tone 128  worst SNR 8.9 dB | ch1   -0.17 (max dev 0.06)  ch2   +1.59 (max dev 0.13)  ch3   +2.53 (max dev 0.15)
[meter] 2.4000 GHz  windows 44013  with tone 9430  worst SNR 9.0 dB | ch1   +0.64 (max dev 0.06)  ch2   +0.79 (max dev 0.08)  ch3   +1.18 (max dev 0.08)
[meter] 5.2000 GHz  windows 44010  with tone 34456  worst SNR 8.6 dB | ch1   -4.15 (max dev 0.74)  ch2   -0.13 (max dev 1.18)  ch3   +0.62 (max dev 1.33)
[meter] 5.8000 GHz  windows 44015  with tone 128  worst SNR 8.9 dB | ch1   -0.17 (max dev 0.06)  ch2   +1.59 (max dev 0.13)  ch3   +2.53 (max dev 0.15)
[meter] 2.4000 GHz  windows 44015  with tone 9430  worst SNR 9.0 dB | ch1   +0.64 (max dev 0.06)  ch2   +0.79 (max dev 0.08)  ch3   +1.18 (max dev 0.08)
[meter] 5.2000 GHz  windows 44012  with tone 34458  worst SNR 8.6 dB | ch1   -4.16 (max dev 0.75)  ch2   -0.13 (max dev 1.18)  ch3   +0.62 (max dev 1.33)
[meter] 5.8000 GHz  windows 44016  with tone 128  worst SNR 8.9 dB | ch1   -0.17 (max dev 0.06)  ch2   +1.59 (max dev 0.13)  ch3   +2.53 (max dev 0.15)
[meter] 2.4000 GHz  windows 44016  with tone 9430  worst SNR 9.0 dB | ch1   +0.64 (max dev 0.06)  ch2   +0.79 (max dev 0.08)  ch3   +1.18 (max dev 0.08)
[meter] 5.2000 GHz  windows 44013  with tone 34459  worst SNR 8.6 dB | ch1   -4.15 (max dev 0.75)  ch2   -0.13 (max dev 1.19)  ch3   +0.62 (max dev 1.33)
[meter] 5.8000 GHz  windows 44017  with tone 128  worst SNR 8.9 dB | ch1   -0.17 (max dev 0.06)  ch2   +1.59 (max dev 0.13)  ch3   +2.53 (max dev 0.15)
[meter] 2.4000 GHz  windows 44097  with tone 9430  worst SNR 9.0 dB | ch1   +0.64 (max dev 0.06)  ch2   +0.79 (max dev 0.08)  ch3   +1.18 (max dev 0.08)
[meter] 5.2000 GHz  windows 44094  with tone 34540  worst SNR 8.6 dB | ch1   -4.18 (max dev 0.78)  ch2   -0.42 (max dev 1.61)  ch3   +0.33 (max dev 1.70)
[meter] 5.8000 GHz  windows 44098  with tone 128  worst SNR 8.9 dB | ch1   -0.17 (max dev 0.06)  ch2   +1.59 (max dev 0.13)  ch3   +2.53 (max dev 0.15)
[meter] 2.4000 GHz  windows 44099  with tone 9430  worst SNR 9.0 dB | ch1   +0.64 (max dev 0.06)  ch2   +0.79 (max dev 0.08)  ch3   +1.18 (max dev 0.08)
[meter] 5.2000 GHz  windows 44096  with tone 34542  worst SNR 8.6 dB | ch1   -4.19 (max dev 0.78)  ch2   -0.44 (max dev 1.66)  ch3   +0.30 (max dev 1.70)
[meter] 5.8000 GHz  windows 44100  with tone 128  worst SNR 8.9 dB | ch1   -0.17 (max dev 0.06)  ch2   +1.59 (max dev 0.13)  ch3   +2.53 (max dev 0.15)
[meter] 2.4000 GHz  windows 44100  with tone 9430  worst SNR 9.0 dB | ch1   +0.64 (max dev 0.06)  ch2   +0.79 (max dev 0.08)  ch3   +1.18 (max dev 0.08)
[meter] 5.2000 GHz  windows 44097  with tone 34543  worst SNR 8.6 dB | ch1   -4.19 (max dev 0.78)  ch2   -0.45 (max dev 1.73)  ch3   +0.29 (max dev 1.81)
[meter] 5.8000 GHz  windows 44101  with tone 128  worst SNR 8.9 dB | ch1   -0.17 (max dev 0.06)  ch2   +1.59 (max dev 0.13)  ch3   +2.53 (max dev 0.15)
[meter] 2.4000 GHz  windows 44180  with tone 9430  worst SNR 9.0 dB | ch1   +0.64 (max dev 0.06)  ch2   +0.79 (max dev 0.08)  ch3   +1.18 (max dev 0.08)
[meter] 5.2000 GHz  windows 44177  with tone 34623  worst SNR 8.6 dB | ch1   -4.35 (max dev 0.41)  ch2   -1.55 (max dev 1.86)  ch3   -0.89 (max dev 1.84)
[meter] 5.8000 GHz  windows 44181  with tone 128  worst SNR 8.9 dB | ch1   -0.17 (max dev 0.06)  ch2   +1.59 (max dev 0.13)  ch3   +2.53 (max dev 0.15)
[meter] 2.4000 GHz  windows 44182  with tone 9430  worst SNR 9.0 dB | ch1   +0.64 (max dev 0.06)  ch2   +0.79 (max dev 0.08)  ch3   +1.18 (max dev 0.08)
[meter] 5.2000 GHz  windows 44179  with tone 34625  worst SNR 8.6 dB | ch1   -4.35 (max dev 0.41)  ch2   -1.58 (max dev 1.89)  ch3   -0.92 (max dev 1.87)
[meter] 5.8000 GHz  windows 44184  with tone 128  worst SNR 8.9 dB | ch1   -0.17 (max dev 0.06)  ch2   +1.59 (max dev 0.13)  ch3   +2.53 (max dev 0.15)
[meter] 2.4000 GHz  windows 44183  with tone 9430  worst SNR 9.0 dB | ch1   +0.64 (max dev 0.06)  ch2   +0.79 (max dev 0.08)  ch3   +1.18 (max dev 0.08)
[meter] 5.2000 GHz  windows 44180  with tone 34626  worst SNR 8.6 dB | ch1   -4.35 (max dev 0.41)  ch2   -1.59 (max dev 1.90)  ch3   -0.93 (max dev 1.89)
[meter] 5.8000 GHz  windows 44185  with tone 128  worst SNR 8.9 dB | ch1   -0.17 (max dev 0.06)  ch2   +1.59 (max dev 0.13)  ch3   +2.53 (max dev 0.15)
[meter] 2.4000 GHz  windows 44264  with tone 9430  worst SNR 9.0 dB | ch1   +0.64 (max dev 0.06)  ch2   +0.79 (max dev 0.08)  ch3   +1.18 (max dev 0.08)
[meter] 5.2000 GHz  windows 44260  with tone 34706  worst SNR 8.6 dB | ch1   -4.54 (max dev 0.39)  ch2   -2.67 (max dev 1.27)  ch3   -2.08 (max dev 1.38)
[meter] 5.8000 GHz  windows 44265  with tone 128  worst SNR 8.9 dB | ch1   -0.17 (max dev 0.06)  ch2   +1.59 (max dev 0.13)  ch3   +2.53 (max dev 0.15)
[meter] 2.4000 GHz  windows 44266  with tone 9430  worst SNR 9.0 dB | ch1   +0.64 (max dev 0.06)  ch2   +0.79 (max dev 0.08)  ch3   +1.18 (max dev 0.08)
[meter] 5.2000 GHz  windows 44262  with tone 34708  worst SNR 8.6 dB | ch1   -4.55 (max dev 0.39)  ch2   -2.70 (max dev 1.29)  ch3   -2.10 (max dev 1.40)
[meter] 5.8000 GHz  windows 44267  with tone 128  worst SNR 8.9 dB | ch1   -0.17 (max dev 0.06)  ch2   +1.59 (max dev 0.13)  ch3   +2.53 (max dev 0.15)
[meter] 2.4000 GHz  windows 44267  with tone 9430  worst SNR 9.0 dB | ch1   +0.64 (max dev 0.06)  ch2   +0.79 (max dev 0.08)  ch3   +1.18 (max dev 0.08)
[meter] 5.2000 GHz  windows 44264  with tone 34710  worst SNR 8.6 dB | ch1   -4.55 (max dev 0.39)  ch2   -2.72 (max dev 1.29)  ch3   -2.13 (max dev 1.39)
[meter] 5.8000 GHz  windows 44268  with tone 128  worst SNR 8.9 dB | ch1   -0.17 (max dev 0.06)  ch2   +1.59 (max dev 0.13)  ch3   +2.53 (max dev 0.15)
[meter] 2.4000 GHz  windows 44347  with tone 9430  worst SNR 9.0 dB | ch1   +0.64 (max dev 0.06)  ch2   +0.79 (max dev 0.08)  ch3   +1.18 (max dev 0.08)
[meter] 5.2000 GHz  windows 44344  with tone 34790  worst SNR 8.6 dB | ch1   -4.72 (max dev 0.24)  ch2   -3.42 (max dev 0.80)  ch3   -2.88 (max dev 0.93)
[meter] 5.8000 GHz  windows 44348  with tone 128  worst SNR 8.9 dB | ch1   -0.17 (max dev 0.06)  ch2   +1.59 (max dev 0.13)  ch3   +2.53 (max dev 0.15)
[meter] 2.4000 GHz  windows 44349  with tone 9430  worst SNR 9.0 dB | ch1   +0.64 (max dev 0.06)  ch2   +0.79 (max dev 0.08)  ch3   +1.18 (max dev 0.08)
[meter] 5.2000 GHz  windows 44346  with tone 34792  worst SNR 8.6 dB | ch1   -4.72 (max dev 0.24)  ch2   -3.43 (max dev 0.78)  ch3   -2.89 (max dev 0.94)
[meter] 5.8000 GHz  windows 44350  with tone 128  worst SNR 8.9 dB | ch1   -0.17 (max dev 0.06)  ch2   +1.59 (max dev 0.13)  ch3   +2.53 (max dev 0.15)
[meter] 2.4000 GHz  windows 44350  with tone 9430  worst SNR 9.0 dB | ch1   +0.64 (max dev 0.06)  ch2   +0.79 (max dev 0.08)  ch3   +1.18 (max dev 0.08)
[meter] 5.2000 GHz  windows 44347  with tone 34793  worst SNR 8.6 dB | ch1   -4.73 (max dev 0.24)  ch2   -3.44 (max dev 0.79)  ch3   -2.90 (max dev 0.95)
[meter] 5.8000 GHz  windows 44352  with tone 128  worst SNR 8.9 dB | ch1   -0.17 (max dev 0.06)  ch2   +1.59 (max dev 0.13)  ch3   +2.53 (max dev 0.15)
[meter] 2.4000 GHz  windows 44430  with tone 9430  worst SNR 9.0 dB | ch1   +0.64 (max dev 0.06)  ch2   +0.79 (max dev 0.08)  ch3   +1.18 (max dev 0.08)
[meter] 5.2000 GHz  windows 44427  with tone 34873  worst SNR 8.6 dB | ch1   -4.88 (max dev 0.22)  ch2   -3.96 (max dev 0.63)  ch3   -3.53 (max dev 0.77)
[meter] 5.8000 GHz  windows 44432  with tone 128  worst SNR 8.9 dB | ch1   -0.17 (max dev 0.06)  ch2   +1.59 (max dev 0.13)  ch3   +2.53 (max dev 0.15)
[meter] 2.4000 GHz  windows 44432  with tone 9430  worst SNR 9.0 dB | ch1   +0.64 (max dev 0.06)  ch2   +0.79 (max dev 0.08)  ch3   +1.18 (max dev 0.08)
[meter] 5.2000 GHz  windows 44429  with tone 34875  worst SNR 8.6 dB | ch1   -4.89 (max dev 0.22)  ch2   -3.97 (max dev 0.61)  ch3   -3.54 (max dev 0.79)
[meter] 5.8000 GHz  windows 44434  with tone 128  worst SNR 8.9 dB | ch1   -0.17 (max dev 0.06)  ch2   +1.59 (max dev 0.13)  ch3   +2.53 (max dev 0.15)
[meter] 2.4000 GHz  windows 44434  with tone 9430  worst SNR 9.0 dB | ch1   +0.64 (max dev 0.06)  ch2   +0.79 (max dev 0.08)  ch3   +1.18 (max dev 0.08)
[meter] 5.2000 GHz  windows 44430  with tone 34876  worst SNR 8.6 dB | ch1   -4.89 (max dev 0.22)  ch2   -3.98 (max dev 0.61)  ch3   -3.55 (max dev 0.75)
[meter] 5.8000 GHz  windows 44435  with tone 128  worst SNR 8.9 dB | ch1   -0.17 (max dev 0.06)  ch2   +1.59 (max dev 0.13)  ch3   +2.53 (max dev 0.15)
[meter] 2.4000 GHz  windows 44514  with tone 9430  worst SNR 9.0 dB | ch1   +0.64 (max dev 0.06)  ch2   +0.79 (max dev 0.08)  ch3   +1.18 (max dev 0.08)
[meter] 5.2000 GHz  windows 44510  with tone 34956  worst SNR 8.6 dB | ch1   -5.04 (max dev 0.22)  ch2   -4.39 (max dev 0.53)  ch3   -4.10 (max dev 0.66)
[meter] 5.8000 GHz  windows 44515  with tone 128  worst SNR 8.9 dB | ch1   -0.17 (max dev 0.06)  ch2   +1.59 (max dev 0.13)  ch3   +2.53 (max dev 0.15)
[meter] 2.4000 GHz  windows 44516  with tone 9430  worst SNR 9.0 dB | ch1   +0.64 (max dev 0.06)  ch2   +0.79 (max dev 0.08)  ch3   +1.18 (max dev 0.08)
[meter] 5.2000 GHz  windows 44513  with tone 34959  worst SNR 8.6 dB | ch1   -5.05 (max dev 0.23)  ch2   -4.41 (max dev 0.55)  ch3   -4.12 (max dev 0.68)
[meter] 5.8000 GHz  windows 44517  with tone 128  worst SNR 8.9 dB | ch1   -0.17 (max dev 0.06)  ch2   +1.59 (max dev 0.13)  ch3   +2.53 (max dev 0.15)
[meter] 2.4000 GHz  windows 44517  with tone 9430  worst SNR 9.0 dB | ch1   +0.64 (max dev 0.06)  ch2   +0.79 (max dev 0.08)  ch3   +1.18 (max dev 0.08)
[meter] 5.2000 GHz  windows 44514  with tone 34960  worst SNR 8.6 dB | ch1   -5.05 (max dev 0.23)  ch2   -4.41 (max dev 0.55)  ch3   -4.12 (max dev 0.68)
[meter] 5.8000 GHz  windows 44518  with tone 128  worst SNR 8.9 dB | ch1   -0.17 (max dev 0.06)  ch2   +1.59 (max dev 0.13)  ch3   +2.53 (max dev 0.15)
[meter] 2.4000 GHz  windows 44597  with tone 9430  worst SNR 9.0 dB | ch1   +0.64 (max dev 0.06)  ch2   +0.79 (max dev 0.08)  ch3   +1.18 (max dev 0.08)
[meter] 5.2000 GHz  windows 44594  with tone 35040  worst SNR 8.6 dB | ch1   -5.16 (max dev 0.17)  ch2   -4.81 (max dev 0.55)  ch3   -4.59 (max dev 0.52)
[meter] 5.8000 GHz  windows 44598  with tone 128  worst SNR 8.9 dB | ch1   -0.17 (max dev 0.06)  ch2   +1.59 (max dev 0.13)  ch3   +2.53 (max dev 0.15)
[meter] 2.4000 GHz  windows 44599  with tone 9430  worst SNR 9.0 dB | ch1   +0.64 (max dev 0.06)  ch2   +0.79 (max dev 0.08)  ch3   +1.18 (max dev 0.08)
[meter] 5.2000 GHz  windows 44596  with tone 35042  worst SNR 8.6 dB | ch1   -5.17 (max dev 0.17)  ch2   -4.82 (max dev 0.54)  ch3   -4.60 (max dev 0.51)
[meter] 5.8000 GHz  windows 44601  with tone 128  worst SNR 8.9 dB | ch1   -0.17 (max dev 0.06)  ch2   +1.59 (max dev 0.13)  ch3   +2.53 (max dev 0.15)
[meter] 2.4000 GHz  windows 44600  with tone 9430  worst SNR 9.0 dB | ch1   +0.64 (max dev 0.06)  ch2   +0.79 (max dev 0.08)  ch3   +1.18 (max dev 0.08)
[meter] 5.2000 GHz  windows 44597  with tone 35043  worst SNR 8.6 dB | ch1   -5.17 (max dev 0.17)  ch2   -4.82 (max dev 0.53)  ch3   -4.60 (max dev 0.51)
[meter] 5.8000 GHz  windows 44602  with tone 128  worst SNR 8.9 dB | ch1   -0.17 (max dev 0.06)  ch2   +1.59 (max dev 0.13)  ch3   +2.53 (max dev 0.15)
[meter] 2.4000 GHz  windows 44680  with tone 9430  worst SNR 9.0 dB | ch1   +0.64 (max dev 0.06)  ch2   +0.79 (max dev 0.08)  ch3   +1.18 (max dev 0.08)
[meter] 5.2000 GHz  windows 44677  with tone 35123  worst SNR 8.6 dB | ch1   -5.24 (max dev 0.15)  ch2   -5.19 (max dev 0.51)  ch3   -4.99 (max dev 0.53)
[meter] 5.8000 GHz  windows 44682  with tone 128  worst SNR 8.9 dB | ch1   -0.17 (max dev 0.06)  ch2   +1.59 (max dev 0.13)  ch3   +2.53 (max dev 0.15)
[meter] 2.4000 GHz  windows 44682  with tone 9430  worst SNR 9.0 dB | ch1   +0.64 (max dev 0.06)  ch2   +0.79 (max dev 0.08)  ch3   +1.18 (max dev 0.08)
[meter] 5.2000 GHz  windows 44679  with tone 35125  worst SNR 8.6 dB | ch1   -5.24 (max dev 0.15)  ch2   -5.20 (max dev 0.53)  ch3   -5.00 (max dev 0.57)
[meter] 5.8000 GHz  windows 44684  with tone 128  worst SNR 8.9 dB | ch1   -0.17 (max dev 0.06)  ch2   +1.59 (max dev 0.13)  ch3   +2.53 (max dev 0.15)
[meter] 2.4000 GHz  windows 44684  with tone 9430  worst SNR 9.0 dB | ch1   +0.64 (max dev 0.06)  ch2   +0.79 (max dev 0.08)  ch3   +1.18 (max dev 0.08)
[meter] 5.2000 GHz  windows 44680  with tone 35126  worst SNR 8.6 dB | ch1   -5.25 (max dev 0.15)  ch2   -5.21 (max dev 0.52)  ch3   -5.01 (max dev 0.56)
[meter] 5.8000 GHz  windows 44685  with tone 128  worst SNR 8.9 dB | ch1   -0.17 (max dev 0.06)  ch2   +1.59 (max dev 0.13)  ch3   +2.53 (max dev 0.15)
[meter] 2.4000 GHz  windows 44764  with tone 9430  worst SNR 8.9 dB | ch1   +0.64 (max dev 0.06)  ch2   +0.79 (max dev 0.08)  ch3   +1.18 (max dev 0.08)
[meter] 5.2000 GHz  windows 44760  with tone 35206  worst SNR 8.6 dB | ch1   -5.34 (max dev 0.17)  ch2   -5.57 (max dev 0.49)  ch3   -5.40 (max dev 0.59)
[meter] 5.8000 GHz  windows 44765  with tone 128  worst SNR 8.9 dB | ch1   -0.17 (max dev 0.06)  ch2   +1.59 (max dev 0.13)  ch3   +2.53 (max dev 0.15)
[meter] 2.4000 GHz  windows 44766  with tone 9430  worst SNR 8.9 dB | ch1   +0.64 (max dev 0.06)  ch2   +0.79 (max dev 0.08)  ch3   +1.18 (max dev 0.08)
[meter] 5.2000 GHz  windows 44763  with tone 35209  worst SNR 8.6 dB | ch1   -5.34 (max dev 0.16)  ch2   -5.59 (max dev 0.48)  ch3   -5.42 (max dev 0.56)
[meter] 5.8000 GHz  windows 44767  with tone 128  worst SNR 8.9 dB | ch1   -0.17 (max dev 0.06)  ch2   +1.59 (max dev 0.13)  ch3   +2.53 (max dev 0.15)
[meter] 2.4000 GHz  windows 44767  with tone 9430  worst SNR 8.9 dB | ch1   +0.64 (max dev 0.06)  ch2   +0.79 (max dev 0.08)  ch3   +1.18 (max dev 0.08)
[meter] 5.2000 GHz  windows 44764  with tone 35210  worst SNR 8.6 dB | ch1   -5.34 (max dev 0.16)  ch2   -5.59 (max dev 0.49)  ch3   -5.42 (max dev 0.57)
[meter] 5.8000 GHz  windows 44768  with tone 128  worst SNR 8.9 dB | ch1   -0.17 (max dev 0.06)  ch2   +1.59 (max dev 0.13)  ch3   +2.53 (max dev 0.15)
[meter] 2.4000 GHz  windows 44847  with tone 9430  worst SNR 8.9 dB | ch1   +0.64 (max dev 0.06)  ch2   +0.79 (max dev 0.08)  ch3   +1.18 (max dev 0.08)
[meter] 5.2000 GHz  windows 44844  with tone 35290  worst SNR 8.6 dB | ch1   -5.43 (max dev 0.18)  ch2   -5.92 (max dev 0.44)  ch3   -5.82 (max dev 0.50)
[meter] 5.8000 GHz  windows 44848  with tone 128  worst SNR 8.9 dB | ch1   -0.17 (max dev 0.06)  ch2   +1.59 (max dev 0.13)  ch3   +2.53 (max dev 0.15)
[meter] 2.4000 GHz  windows 44849  with tone 9430  worst SNR 8.9 dB | ch1   +0.64 (max dev 0.06)  ch2   +0.79 (max dev 0.08)  ch3   +1.18 (max dev 0.08)
[meter] 5.2000 GHz  windows 44846  with tone 35292  worst SNR 8.6 dB | ch1   -5.44 (max dev 0.21)  ch2   -5.93 (max dev 0.41)  ch3   -5.83 (max dev 0.50)
[meter] 5.8000 GHz  windows 44851  with tone 128  worst SNR 8.9 dB | ch1   -0.17 (max dev 0.06)  ch2   +1.59 (max dev 0.13)  ch3   +2.53 (max dev 0.15)
[meter] 2.4000 GHz  windows 44850  with tone 9430  worst SNR 8.9 dB | ch1   +0.64 (max dev 0.06)  ch2   +0.79 (max dev 0.08)  ch3   +1.18 (max dev 0.08)
[meter] 5.2000 GHz  windows 44847  with tone 35293  worst SNR 8.6 dB | ch1   -5.44 (max dev 0.21)  ch2   -5.93 (max dev 0.42)  ch3   -5.83 (max dev 0.50)
[meter] 5.8000 GHz  windows 44852  with tone 128  worst SNR 8.9 dB | ch1   -0.17 (max dev 0.06)  ch2   +1.59 (max dev 0.13)  ch3   +2.53 (max dev 0.15)
[meter] 2.4000 GHz  windows 44930  with tone 9430  worst SNR 8.9 dB | ch1   +0.64 (max dev 0.06)  ch2   +0.79 (max dev 0.08)  ch3   +1.18 (max dev 0.08)
[meter] 5.2000 GHz  windows 44927  with tone 35373  worst SNR 8.6 dB | ch1   -5.59 (max dev 0.27)  ch2   -6.06 (max dev 0.48)  ch3   -6.09 (max dev 0.58)
[meter] 5.8000 GHz  windows 44932  with tone 128  worst SNR 8.9 dB | ch1   -0.17 (max dev 0.06)  ch2   +1.59 (max dev 0.13)  ch3   +2.53 (max dev 0.15)
[meter] 2.4000 GHz  windows 44933  with tone 9430  worst SNR 8.9 dB | ch1   +0.64 (max dev 0.06)  ch2   +0.79 (max dev 0.08)  ch3   +1.18 (max dev 0.08)
[meter] 5.2000 GHz  windows 44929  with tone 35375  worst SNR 8.6 dB | ch1   -5.59 (max dev 0.27)  ch2   -6.06 (max dev 0.47)  ch3   -6.10 (max dev 0.58)
[meter] 5.8000 GHz  windows 44934  with tone 128  worst SNR 8.9 dB | ch1   -0.17 (max dev 0.06)  ch2   +1.59 (max dev 0.13)  ch3   +2.53 (max dev 0.15)
[meter] 2.4000 GHz  windows 44934  with tone 9430  worst SNR 8.9 dB | ch1   +0.64 (max dev 0.06)  ch2   +0.79 (max dev 0.08)  ch3   +1.18 (max dev 0.08)
[meter] 5.2000 GHz  windows 44930  with tone 35376  worst SNR 8.6 dB | ch1   -5.59 (max dev 0.27)  ch2   -6.06 (max dev 0.47)  ch3   -6.10 (max dev 0.57)
[meter] 5.8000 GHz  windows 44935  with tone 128  worst SNR 8.9 dB | ch1   -0.17 (max dev 0.06)  ch2   +1.59 (max dev 0.13)  ch3   +2.53 (max dev 0.15)
[radio] stopped. {'slots': 135007, 'valid': 134992, 'skipped': 0, 'late': 15, 'unlocked': 0, 'unknown_in_time': 4, 'max_send_ms': 19.584973000746686, 'avg_send_ms': 2.692203936149484, 'timing_lost': None, 'stream_errors': {'overflow': 0, 'timeout': 0, 'other': 0}, 'pkt_ts_scale': 1.999999999999865, 'rt_priority': 'off'}
